{
  "good": {
    "precision": 0.47619047619047616,
    "recall": 0.040160642570281124,
    "f1-score": 0.07407407407407407,
    "support": 249.0
  },
  "bad": {
    "precision": 0.5295275590551181,
    "recall": 0.9607142857142857,
    "f1-score": 0.682741116751269,
    "support": 280.0
  },
  "accuracy": 0.5274102079395085,
  "macro avg": {
    "precision": 0.5028590176227972,
    "recall": 0.5004374641422834,
    "f1-score": 0.37840759541267155,
    "support": 529.0
  },
  "weighted avg": {
    "precision": 0.5044218243986042,
    "recall": 0.5274102079395085,
    "f1-score": 0.3962418849429107,
    "support": 529.0
  }
}