{
  "good": {
    "precision": 0.8620689655172413,
    "recall": 0.9036144578313253,
    "f1-score": 0.8823529411764706,
    "support": 249.0
  },
  "bad": {
    "precision": 0.9104477611940298,
    "recall": 0.8714285714285714,
    "f1-score": 0.8905109489051095,
    "support": 280.0
  },
  "accuracy": 0.8865784499054821,
  "macro avg": {
    "precision": 0.8862583633556356,
    "recall": 0.8875215146299484,
    "f1-score": 0.88643194504079,
    "support": 529.0
  },
  "weighted avg": {
    "precision": 0.8876758895049555,
    "recall": 0.8865784499054821,
    "f1-score": 0.8866709792937085,
    "support": 529.0
  }
}