{
  "loss": 0.28550859818161095,
  "accuracy": 0.8865784499054821,
  "precision": 0.9104477611940298,
  "recall": 0.8714285714285714,
  "f1_score": 0.8905109489051095,
  "roc_auc": 0.9568703384968444,
  "average_precision": 0.963997197323853,
  "sample_count": 529,
  "threshold": 0.5,
  "split": "test",
  "model_name": "efficientnet"
}