{
  "brier_score": 0.08642030655707968,
  "expected_calibration_error": 0.09427362118120904
}