{
  "mean_std": 0.11382099272847154,
  "median_std": 0.08971208695491302,
  "std_percentile_90": 0.23170448879922773,
  "std_percentile_95": 0.27221186846507717,
  "max_std": 0.3498278491229258,
  "num_samples": 200
}