{
  "map50": 0.9168486646084414,
  "map50_95": 0.7606659633902408,
  "precision": 0.7993514665244236,
  "recall": 0.8449905482041588
}