{
  "good": {
    "precision": 0.2972972972972973,
    "recall": 0.17670682730923695,
    "f1-score": 0.2216624685138539,
    "support": 249.0
  },
  "bad": {
    "precision": 0.46194225721784776,
    "recall": 0.6285714285714286,
    "f1-score": 0.5325264750378215,
    "support": 280.0
  },
  "accuracy": 0.4158790170132325,
  "macro avg": {
    "precision": 0.37961977725757257,
    "recall": 0.40263912794033274,
    "f1-score": 0.37709447177583766,
    "support": 529.0
  },
  "weighted avg": {
    "precision": 0.38444396795467756,
    "recall": 0.4158790170132325,
    "f1-score": 0.3862029634603774,
    "support": 529.0
  }
}