{
  "loss": 0.7828787620441675,
  "accuracy": 0.4158790170132325,
  "precision": 0.46194225721784776,
  "recall": 0.6285714285714286,
  "f1_score": 0.5325264750378215,
  "roc_auc": 0.36811531841652323,
  "average_precision": 0.44643367305551485,
  "sample_count": 529,
  "threshold": 0.5,
  "split": "test",
  "model_name": "convnext"
}