class,original_filename,new_filename,extension
good,kaggle_good_good (1).jpg,good_1.jpg,jpg
good,kaggle_good_good (10).jpg,good_2.jpg,jpg
good,kaggle_good_good (100).jpg,good_3.jpg,jpg
good,kaggle_good_good (101).jpg,good_4.jpg,jpg
good,kaggle_good_good (102).jpg,good_5.jpg,jpg
good,kaggle_good_good (103).jpg,good_6.jpg,jpg
good,kaggle_good_good (104).jpg,good_7.jpg,jpg
good,kaggle_good_good (105).jpg,good_8.jpg,jpg
good,kaggle_good_good (106).jpg,good_9.jpg,jpg
good,kaggle_good_good (107).jpg,good_10.jpg,jpg
good,kaggle_good_good (108).jpg,good_11.jpg,jpg
good,kaggle_good_good (109).jpg,good_12.jpg,jpg
good,kaggle_good_good (11).jpg,good_13.jpg,jpg
good,kaggle_good_good (110).jpg,good_14.jpg,jpg
good,kaggle_good_good (111).jpg,good_15.jpg,jpg
good,kaggle_good_good (112).jpg,good_16.jpg,jpg
good,kaggle_good_good (113).jpg,good_17.jpg,jpg
good,kaggle_good_good (114).jpg,good_18.jpg,jpg
good,kaggle_good_good (115).jpg,good_19.jpg,jpg
good,kaggle_good_good (116).jpg,good_20.jpg,jpg
good,kaggle_good_good (117).jpg,good_21.jpg,jpg
good,kaggle_good_good (118).jpg,good_22.jpg,jpg
good,kaggle_good_good (119).jpg,good_23.jpg,jpg
good,kaggle_good_good (12).jpg,good_24.jpg,jpg
good,kaggle_good_good (120).jpg,good_25.jpg,jpg
good,kaggle_good_good (121).jpg,good_26.jpg,jpg
good,kaggle_good_good (122).jpg,good_27.jpg,jpg
good,kaggle_good_good (123).jpg,good_28.jpg,jpg
good,kaggle_good_good (124).jpg,good_29.jpg,jpg
good,kaggle_good_good (125).jpg,good_30.jpg,jpg
good,kaggle_good_good (126).jpg,good_31.jpg,jpg
good,kaggle_good_good (127).jpg,good_32.jpg,jpg
good,kaggle_good_good (128).jpg,good_33.jpg,jpg
good,kaggle_good_good (129).jpg,good_34.jpg,jpg
good,kaggle_good_good (13).jpg,good_35.jpg,jpg
good,kaggle_good_good (130).jpg,good_36.jpg,jpg
good,kaggle_good_good (131).jpg,good_37.jpg,jpg
good,kaggle_good_good (132).jpg,good_38.jpg,jpg
good,kaggle_good_good (133).jpg,good_39.jpg,jpg
good,kaggle_good_good (134).jpg,good_40.jpg,jpg
good,kaggle_good_good (135).jpg,good_41.jpg,jpg
good,kaggle_good_good (136).jpg,good_42.jpg,jpg
good,kaggle_good_good (137).jpg,good_43.jpg,jpg
good,kaggle_good_good (138).jpg,good_44.jpg,jpg
good,kaggle_good_good (139).jpg,good_45.jpg,jpg
good,kaggle_good_good (14).jpg,good_46.jpg,jpg
good,kaggle_good_good (140).jpg,good_47.jpg,jpg
good,kaggle_good_good (141).jpg,good_48.jpg,jpg
good,kaggle_good_good (142).jpg,good_49.jpg,jpg
good,kaggle_good_good (143).jpg,good_50.jpg,jpg
good,kaggle_good_good (144).jpg,good_51.jpg,jpg
good,kaggle_good_good (145).jpg,good_52.jpg,jpg
good,kaggle_good_good (146).jpg,good_53.jpg,jpg
good,kaggle_good_good (147).jpg,good_54.jpg,jpg
good,kaggle_good_good (148).jpg,good_55.jpg,jpg
good,kaggle_good_good (149).jpg,good_56.jpg,jpg
good,kaggle_good_good (15).jpg,good_57.jpg,jpg
good,kaggle_good_good (150).jpg,good_58.jpg,jpg
good,kaggle_good_good (151).jpg,good_59.jpg,jpg
good,kaggle_good_good (152).jpg,good_60.jpg,jpg
good,kaggle_good_good (153).jpg,good_61.jpg,jpg
good,kaggle_good_good (154).jpg,good_62.jpg,jpg
good,kaggle_good_good (155).jpg,good_63.jpg,jpg
good,kaggle_good_good (156).jpg,good_64.jpg,jpg
good,kaggle_good_good (157).jpg,good_65.jpg,jpg
good,kaggle_good_good (158).jpg,good_66.jpg,jpg
good,kaggle_good_good (159).jpg,good_67.jpg,jpg
good,kaggle_good_good (16).jpg,good_68.jpg,jpg
good,kaggle_good_good (160).jpg,good_69.jpg,jpg
good,kaggle_good_good (161).jpg,good_70.jpg,jpg
good,kaggle_good_good (162).jpg,good_71.jpg,jpg
good,kaggle_good_good (163).jpg,good_72.jpg,jpg
good,kaggle_good_good (164).jpg,good_73.jpg,jpg
good,kaggle_good_good (165).jpg,good_74.jpg,jpg
good,kaggle_good_good (166).jpg,good_75.jpg,jpg
good,kaggle_good_good (167).jpg,good_76.jpg,jpg
good,kaggle_good_good (168).jpg,good_77.jpg,jpg
good,kaggle_good_good (169).jpg,good_78.jpg,jpg
good,kaggle_good_good (17).jpg,good_79.jpg,jpg
good,kaggle_good_good (170).jpg,good_80.jpg,jpg
good,kaggle_good_good (171).jpg,good_81.jpg,jpg
good,kaggle_good_good (172).jpg,good_82.jpg,jpg
good,kaggle_good_good (173).jpg,good_83.jpg,jpg
good,kaggle_good_good (174).jpg,good_84.jpg,jpg
good,kaggle_good_good (175).jpg,good_85.jpg,jpg
good,kaggle_good_good (176).jpg,good_86.jpg,jpg
good,kaggle_good_good (177).jpg,good_87.jpg,jpg
good,kaggle_good_good (178).jpg,good_88.jpg,jpg
good,kaggle_good_good (179).jpg,good_89.jpg,jpg
good,kaggle_good_good (18).jpg,good_90.jpg,jpg
good,kaggle_good_good (180).jpg,good_91.jpg,jpg
good,kaggle_good_good (181).jpg,good_92.jpg,jpg
good,kaggle_good_good (182).jpg,good_93.jpg,jpg
good,kaggle_good_good (183).jpg,good_94.jpg,jpg
good,kaggle_good_good (184).jpg,good_95.jpg,jpg
good,kaggle_good_good (185).jpg,good_96.jpg,jpg
good,kaggle_good_good (186).jpg,good_97.jpg,jpg
good,kaggle_good_good (187).jpg,good_98.jpg,jpg
good,kaggle_good_good (188).jpg,good_99.jpg,jpg
good,kaggle_good_good (189).jpg,good_100.jpg,jpg
good,kaggle_good_good (19).jpg,good_101.jpg,jpg
good,kaggle_good_good (190).jpg,good_102.jpg,jpg
good,kaggle_good_good (191).jpg,good_103.jpg,jpg
good,kaggle_good_good (192).jpg,good_104.jpg,jpg
good,kaggle_good_good (193).jpg,good_105.jpg,jpg
good,kaggle_good_good (194).jpg,good_106.jpg,jpg
good,kaggle_good_good (195).jpg,good_107.jpg,jpg
good,kaggle_good_good (196).jpg,good_108.jpg,jpg
good,kaggle_good_good (197).jpg,good_109.jpg,jpg
good,kaggle_good_good (198).jpg,good_110.jpg,jpg
good,kaggle_good_good (199).jpg,good_111.jpg,jpg
good,kaggle_good_good (2).jpg,good_112.jpg,jpg
good,kaggle_good_good (20).jpg,good_113.jpg,jpg
good,kaggle_good_good (200).jpg,good_114.jpg,jpg
good,kaggle_good_good (201).jpg,good_115.jpg,jpg
good,kaggle_good_good (202).jpg,good_116.jpg,jpg
good,kaggle_good_good (203).jpg,good_117.jpg,jpg
good,kaggle_good_good (204).jpg,good_118.jpg,jpg
good,kaggle_good_good (205).jpg,good_119.jpg,jpg
good,kaggle_good_good (206).jpg,good_120.jpg,jpg
good,kaggle_good_good (207).jpg,good_121.jpg,jpg
good,kaggle_good_good (208).jpg,good_122.jpg,jpg
good,kaggle_good_good (209).jpg,good_123.jpg,jpg
good,kaggle_good_good (21).jpg,good_124.jpg,jpg
good,kaggle_good_good (210).jpg,good_125.jpg,jpg
good,kaggle_good_good (211).jpg,good_126.jpg,jpg
good,kaggle_good_good (212).jpg,good_127.jpg,jpg
good,kaggle_good_good (213).jpg,good_128.jpg,jpg
good,kaggle_good_good (214).jpg,good_129.jpg,jpg
good,kaggle_good_good (215).jpg,good_130.jpg,jpg
good,kaggle_good_good (216).jpg,good_131.jpg,jpg
good,kaggle_good_good (217).jpg,good_132.jpg,jpg
good,kaggle_good_good (218).jpg,good_133.jpg,jpg
good,kaggle_good_good (219).jpg,good_134.jpg,jpg
good,kaggle_good_good (22).jpg,good_135.jpg,jpg
good,kaggle_good_good (220).jpg,good_136.jpg,jpg
good,kaggle_good_good (221).jpg,good_137.jpg,jpg
good,kaggle_good_good (222).jpg,good_138.jpg,jpg
good,kaggle_good_good (223).jpg,good_139.jpg,jpg
good,kaggle_good_good (224).jpg,good_140.jpg,jpg
good,kaggle_good_good (225).jpg,good_141.jpg,jpg
good,kaggle_good_good (226).jpg,good_142.jpg,jpg
good,kaggle_good_good (227).jpg,good_143.jpg,jpg
good,kaggle_good_good (228).jpg,good_144.jpg,jpg
good,kaggle_good_good (229).jpg,good_145.jpg,jpg
good,kaggle_good_good (23).jpg,good_146.jpg,jpg
good,kaggle_good_good (230).jpg,good_147.jpg,jpg
good,kaggle_good_good (231).jpg,good_148.jpg,jpg
good,kaggle_good_good (232).jpg,good_149.jpg,jpg
good,kaggle_good_good (233).jpg,good_150.jpg,jpg
good,kaggle_good_good (234).jpg,good_151.jpg,jpg
good,kaggle_good_good (235).jpg,good_152.jpg,jpg
good,kaggle_good_good (236).jpg,good_153.jpg,jpg
good,kaggle_good_good (237).jpg,good_154.jpg,jpg
good,kaggle_good_good (238).jpg,good_155.jpg,jpg
good,kaggle_good_good (239).jpg,good_156.jpg,jpg
good,kaggle_good_good (24).jpg,good_157.jpg,jpg
good,kaggle_good_good (240).jpg,good_158.jpg,jpg
good,kaggle_good_good (241).jpg,good_159.jpg,jpg
good,kaggle_good_good (242).jpg,good_160.jpg,jpg
good,kaggle_good_good (243).jpg,good_161.jpg,jpg
good,kaggle_good_good (244).jpg,good_162.jpg,jpg
good,kaggle_good_good (245).jpg,good_163.jpg,jpg
good,kaggle_good_good (246).jpg,good_164.jpg,jpg
good,kaggle_good_good (247).jpg,good_165.jpg,jpg
good,kaggle_good_good (248).jpg,good_166.jpg,jpg
good,kaggle_good_good (249).jpg,good_167.jpg,jpg
good,kaggle_good_good (25).jpg,good_168.jpg,jpg
good,kaggle_good_good (250).jpg,good_169.jpg,jpg
good,kaggle_good_good (251).jpg,good_170.jpg,jpg
good,kaggle_good_good (252).jpg,good_171.jpg,jpg
good,kaggle_good_good (253).jpg,good_172.jpg,jpg
good,kaggle_good_good (254).jpg,good_173.jpg,jpg
good,kaggle_good_good (255).jpg,good_174.jpg,jpg
good,kaggle_good_good (256).jpg,good_175.jpg,jpg
good,kaggle_good_good (257).jpg,good_176.jpg,jpg
good,kaggle_good_good (258).jpg,good_177.jpg,jpg
good,kaggle_good_good (259).jpg,good_178.jpg,jpg
good,kaggle_good_good (26).jpg,good_179.jpg,jpg
good,kaggle_good_good (260).jpg,good_180.jpg,jpg
good,kaggle_good_good (261).jpg,good_181.jpg,jpg
good,kaggle_good_good (262).jpg,good_182.jpg,jpg
good,kaggle_good_good (263).jpg,good_183.jpg,jpg
good,kaggle_good_good (264).jpg,good_184.jpg,jpg
good,kaggle_good_good (265).jpg,good_185.jpg,jpg
good,kaggle_good_good (266).jpg,good_186.jpg,jpg
good,kaggle_good_good (267).jpg,good_187.jpg,jpg
good,kaggle_good_good (268).jpg,good_188.jpg,jpg
good,kaggle_good_good (269).jpg,good_189.jpg,jpg
good,kaggle_good_good (27).jpg,good_190.jpg,jpg
good,kaggle_good_good (270).jpg,good_191.jpg,jpg
good,kaggle_good_good (271).jpg,good_192.jpg,jpg
good,kaggle_good_good (272).jpg,good_193.jpg,jpg
good,kaggle_good_good (273).jpg,good_194.jpg,jpg
good,kaggle_good_good (274).jpg,good_195.jpg,jpg
good,kaggle_good_good (275).jpg,good_196.jpg,jpg
good,kaggle_good_good (276).jpg,good_197.jpg,jpg
good,kaggle_good_good (277).jpg,good_198.jpg,jpg
good,kaggle_good_good (278).jpg,good_199.jpg,jpg
good,kaggle_good_good (279).jpg,good_200.jpg,jpg
good,kaggle_good_good (28).jpg,good_201.jpg,jpg
good,kaggle_good_good (280).jpg,good_202.jpg,jpg
good,kaggle_good_good (281).jpg,good_203.jpg,jpg
good,kaggle_good_good (282).jpg,good_204.jpg,jpg
good,kaggle_good_good (283).jpg,good_205.jpg,jpg
good,kaggle_good_good (284).jpg,good_206.jpg,jpg
good,kaggle_good_good (285).jpg,good_207.jpg,jpg
good,kaggle_good_good (286).jpg,good_208.jpg,jpg
good,kaggle_good_good (287).jpg,good_209.jpg,jpg
good,kaggle_good_good (288).jpg,good_210.jpg,jpg
good,kaggle_good_good (289).jpg,good_211.jpg,jpg
good,kaggle_good_good (29).jpg,good_212.jpg,jpg
good,kaggle_good_good (290).jpg,good_213.jpg,jpg
good,kaggle_good_good (291).jpg,good_214.jpg,jpg
good,kaggle_good_good (292).jpg,good_215.jpg,jpg
good,kaggle_good_good (293).jpg,good_216.jpg,jpg
good,kaggle_good_good (294).jpg,good_217.jpg,jpg
good,kaggle_good_good (295).jpg,good_218.jpg,jpg
good,kaggle_good_good (296).jpg,good_219.jpg,jpg
good,kaggle_good_good (297).jpg,good_220.jpg,jpg
good,kaggle_good_good (298).jpg,good_221.jpg,jpg
good,kaggle_good_good (299).jpg,good_222.jpg,jpg
good,kaggle_good_good (3).jpg,good_223.jpg,jpg
good,kaggle_good_good (30).jpg,good_224.jpg,jpg
good,kaggle_good_good (300).jpg,good_225.jpg,jpg
good,kaggle_good_good (301).jpg,good_226.jpg,jpg
good,kaggle_good_good (302).jpg,good_227.jpg,jpg
good,kaggle_good_good (303).jpg,good_228.jpg,jpg
good,kaggle_good_good (304).jpg,good_229.jpg,jpg
good,kaggle_good_good (305).jpg,good_230.jpg,jpg
good,kaggle_good_good (306).jpg,good_231.jpg,jpg
good,kaggle_good_good (307).jpg,good_232.jpg,jpg
good,kaggle_good_good (308).jpg,good_233.jpg,jpg
good,kaggle_good_good (309).jpg,good_234.jpg,jpg
good,kaggle_good_good (31).jpg,good_235.jpg,jpg
good,kaggle_good_good (310).jpg,good_236.jpg,jpg
good,kaggle_good_good (311).jpg,good_237.jpg,jpg
good,kaggle_good_good (312).jpg,good_238.jpg,jpg
good,kaggle_good_good (313).jpg,good_239.jpg,jpg
good,kaggle_good_good (314).jpg,good_240.jpg,jpg
good,kaggle_good_good (315).jpg,good_241.jpg,jpg
good,kaggle_good_good (316).jpg,good_242.jpg,jpg
good,kaggle_good_good (317).jpg,good_243.jpg,jpg
good,kaggle_good_good (318).jpg,good_244.jpg,jpg
good,kaggle_good_good (319).jpg,good_245.jpg,jpg
good,kaggle_good_good (32).jpg,good_246.jpg,jpg
good,kaggle_good_good (320).jpg,good_247.jpg,jpg
good,kaggle_good_good (321).jpg,good_248.jpg,jpg
good,kaggle_good_good (322).jpg,good_249.jpg,jpg
good,kaggle_good_good (323).jpg,good_250.jpg,jpg
good,kaggle_good_good (324).jpg,good_251.jpg,jpg
good,kaggle_good_good (325).jpg,good_252.jpg,jpg
good,kaggle_good_good (326).jpg,good_253.jpg,jpg
good,kaggle_good_good (327).jpg,good_254.jpg,jpg
good,kaggle_good_good (328).jpg,good_255.jpg,jpg
good,kaggle_good_good (329).jpg,good_256.jpg,jpg
good,kaggle_good_good (33).jpg,good_257.jpg,jpg
good,kaggle_good_good (330).jpg,good_258.jpg,jpg
good,kaggle_good_good (331).jpg,good_259.jpg,jpg
good,kaggle_good_good (332).jpg,good_260.jpg,jpg
good,kaggle_good_good (333).jpg,good_261.jpg,jpg
good,kaggle_good_good (334).jpg,good_262.jpg,jpg
good,kaggle_good_good (335).jpg,good_263.jpg,jpg
good,kaggle_good_good (336).jpg,good_264.jpg,jpg
good,kaggle_good_good (337).jpg,good_265.jpg,jpg
good,kaggle_good_good (338).jpg,good_266.jpg,jpg
good,kaggle_good_good (339).jpg,good_267.jpg,jpg
good,kaggle_good_good (34).jpg,good_268.jpg,jpg
good,kaggle_good_good (340).jpg,good_269.jpg,jpg
good,kaggle_good_good (341).jpg,good_270.jpg,jpg
good,kaggle_good_good (342).jpg,good_271.jpg,jpg
good,kaggle_good_good (343).jpg,good_272.jpg,jpg
good,kaggle_good_good (344).jpg,good_273.jpg,jpg
good,kaggle_good_good (345).jpg,good_274.jpg,jpg
good,kaggle_good_good (346).jpg,good_275.jpg,jpg
good,kaggle_good_good (347).jpg,good_276.jpg,jpg
good,kaggle_good_good (348).jpg,good_277.jpg,jpg
good,kaggle_good_good (349).jpg,good_278.jpg,jpg
good,kaggle_good_good (35).jpg,good_279.jpg,jpg
good,kaggle_good_good (350).jpg,good_280.jpg,jpg
good,kaggle_good_good (351).jpg,good_281.jpg,jpg
good,kaggle_good_good (352).jpg,good_282.jpg,jpg
good,kaggle_good_good (353).jpg,good_283.jpg,jpg
good,kaggle_good_good (354).jpg,good_284.jpg,jpg
good,kaggle_good_good (355).jpg,good_285.jpg,jpg
good,kaggle_good_good (356).jpg,good_286.jpg,jpg
good,kaggle_good_good (357).jpg,good_287.jpg,jpg
good,kaggle_good_good (358).jpg,good_288.jpg,jpg
good,kaggle_good_good (359).jpg,good_289.jpg,jpg
good,kaggle_good_good (36).jpg,good_290.jpg,jpg
good,kaggle_good_good (360).jpg,good_291.jpg,jpg
good,kaggle_good_good (361).jpg,good_292.jpg,jpg
good,kaggle_good_good (362).jpg,good_293.jpg,jpg
good,kaggle_good_good (363).jpg,good_294.jpg,jpg
good,kaggle_good_good (364).jpg,good_295.jpg,jpg
good,kaggle_good_good (365).jpg,good_296.jpg,jpg
good,kaggle_good_good (366).jpg,good_297.jpg,jpg
good,kaggle_good_good (367).jpg,good_298.jpg,jpg
good,kaggle_good_good (368).jpg,good_299.jpg,jpg
good,kaggle_good_good (369).jpg,good_300.jpg,jpg
good,kaggle_good_good (37).jpg,good_301.jpg,jpg
good,kaggle_good_good (370).jpg,good_302.jpg,jpg
good,kaggle_good_good (371).jpg,good_303.jpg,jpg
good,kaggle_good_good (372).jpg,good_304.jpg,jpg
good,kaggle_good_good (373).jpg,good_305.jpg,jpg
good,kaggle_good_good (374).jpg,good_306.jpg,jpg
good,kaggle_good_good (375).jpg,good_307.jpg,jpg
good,kaggle_good_good (376).jpg,good_308.jpg,jpg
good,kaggle_good_good (377).jpg,good_309.jpg,jpg
good,kaggle_good_good (378).jpg,good_310.jpg,jpg
good,kaggle_good_good (379).jpg,good_311.jpg,jpg
good,kaggle_good_good (38).jpg,good_312.jpg,jpg
good,kaggle_good_good (380).jpg,good_313.jpg,jpg
good,kaggle_good_good (381).jpg,good_314.jpg,jpg
good,kaggle_good_good (382).jpg,good_315.jpg,jpg
good,kaggle_good_good (383).jpg,good_316.jpg,jpg
good,kaggle_good_good (384).jpg,good_317.jpg,jpg
good,kaggle_good_good (385).jpg,good_318.jpg,jpg
good,kaggle_good_good (386).jpg,good_319.jpg,jpg
good,kaggle_good_good (387).jpg,good_320.jpg,jpg
good,kaggle_good_good (388).jpg,good_321.jpg,jpg
good,kaggle_good_good (389).jpg,good_322.jpg,jpg
good,kaggle_good_good (39).jpg,good_323.jpg,jpg
good,kaggle_good_good (390).jpg,good_324.jpg,jpg
good,kaggle_good_good (391).jpg,good_325.jpg,jpg
good,kaggle_good_good (392).jpg,good_326.jpg,jpg
good,kaggle_good_good (393).jpg,good_327.jpg,jpg
good,kaggle_good_good (394).jpg,good_328.jpg,jpg
good,kaggle_good_good (395).jpg,good_329.jpg,jpg
good,kaggle_good_good (396).jpg,good_330.jpg,jpg
good,kaggle_good_good (397).jpg,good_331.jpg,jpg
good,kaggle_good_good (398).jpg,good_332.jpg,jpg
good,kaggle_good_good (399).jpg,good_333.jpg,jpg
good,kaggle_good_good (4).jpg,good_334.jpg,jpg
good,kaggle_good_good (40).jpg,good_335.jpg,jpg
good,kaggle_good_good (400).jpg,good_336.jpg,jpg
good,kaggle_good_good (401).jpg,good_337.jpg,jpg
good,kaggle_good_good (402).jpg,good_338.jpg,jpg
good,kaggle_good_good (403).jpg,good_339.jpg,jpg
good,kaggle_good_good (404).jpg,good_340.jpg,jpg
good,kaggle_good_good (405).jpg,good_341.jpg,jpg
good,kaggle_good_good (406).jpg,good_342.jpg,jpg
good,kaggle_good_good (407).jpg,good_343.jpg,jpg
good,kaggle_good_good (408).jpg,good_344.jpg,jpg
good,kaggle_good_good (409).jpg,good_345.jpg,jpg
good,kaggle_good_good (41).jpg,good_346.jpg,jpg
good,kaggle_good_good (410).jpg,good_347.jpg,jpg
good,kaggle_good_good (411).jpg,good_348.jpg,jpg
good,kaggle_good_good (412).jpg,good_349.jpg,jpg
good,kaggle_good_good (413).jpg,good_350.jpg,jpg
good,kaggle_good_good (414).jpg,good_351.jpg,jpg
good,kaggle_good_good (415).jpg,good_352.jpg,jpg
good,kaggle_good_good (416).jpg,good_353.jpg,jpg
good,kaggle_good_good (417).jpg,good_354.jpg,jpg
good,kaggle_good_good (418).jpg,good_355.jpg,jpg
good,kaggle_good_good (419).jpg,good_356.jpg,jpg
good,kaggle_good_good (42).jpg,good_357.jpg,jpg
good,kaggle_good_good (420).jpg,good_358.jpg,jpg
good,kaggle_good_good (421).jpg,good_359.jpg,jpg
good,kaggle_good_good (422).jpg,good_360.jpg,jpg
good,kaggle_good_good (423).jpg,good_361.jpg,jpg
good,kaggle_good_good (424).jpg,good_362.jpg,jpg
good,kaggle_good_good (425).jpg,good_363.jpg,jpg
good,kaggle_good_good (426).jpg,good_364.jpg,jpg
good,kaggle_good_good (427).jpg,good_365.jpg,jpg
good,kaggle_good_good (428).jpg,good_366.jpg,jpg
good,kaggle_good_good (429).jpg,good_367.jpg,jpg
good,kaggle_good_good (43).jpg,good_368.jpg,jpg
good,kaggle_good_good (430).jpg,good_369.jpg,jpg
good,kaggle_good_good (431).jpg,good_370.jpg,jpg
good,kaggle_good_good (432).jpg,good_371.jpg,jpg
good,kaggle_good_good (433).jpg,good_372.jpg,jpg
good,kaggle_good_good (434).jpg,good_373.jpg,jpg
good,kaggle_good_good (435).jpg,good_374.jpg,jpg
good,kaggle_good_good (436).jpg,good_375.jpg,jpg
good,kaggle_good_good (437).jpg,good_376.jpg,jpg
good,kaggle_good_good (438).jpg,good_377.jpg,jpg
good,kaggle_good_good (439).jpg,good_378.jpg,jpg
good,kaggle_good_good (44).jpg,good_379.jpg,jpg
good,kaggle_good_good (440).jpg,good_380.jpg,jpg
good,kaggle_good_good (441).jpg,good_381.jpg,jpg
good,kaggle_good_good (442).jpg,good_382.jpg,jpg
good,kaggle_good_good (443).jpg,good_383.jpg,jpg
good,kaggle_good_good (444).jpg,good_384.jpg,jpg
good,kaggle_good_good (445).jpg,good_385.jpg,jpg
good,kaggle_good_good (446).jpg,good_386.jpg,jpg
good,kaggle_good_good (447).jpg,good_387.jpg,jpg
good,kaggle_good_good (448).jpg,good_388.jpg,jpg
good,kaggle_good_good (449).jpg,good_389.jpg,jpg
good,kaggle_good_good (45).jpg,good_390.jpg,jpg
good,kaggle_good_good (450).jpg,good_391.jpg,jpg
good,kaggle_good_good (451).jpg,good_392.jpg,jpg
good,kaggle_good_good (452).jpg,good_393.jpg,jpg
good,kaggle_good_good (453).jpg,good_394.jpg,jpg
good,kaggle_good_good (454).jpg,good_395.jpg,jpg
good,kaggle_good_good (455).jpg,good_396.jpg,jpg
good,kaggle_good_good (456).jpg,good_397.jpg,jpg
good,kaggle_good_good (457).jpg,good_398.jpg,jpg
good,kaggle_good_good (458).jpg,good_399.jpg,jpg
good,kaggle_good_good (459).jpg,good_400.jpg,jpg
good,kaggle_good_good (46).jpg,good_401.jpg,jpg
good,kaggle_good_good (460).jpg,good_402.jpg,jpg
good,kaggle_good_good (461).jpg,good_403.jpg,jpg
good,kaggle_good_good (462).jpg,good_404.jpg,jpg
good,kaggle_good_good (463).jpg,good_405.jpg,jpg
good,kaggle_good_good (464).jpg,good_406.jpg,jpg
good,kaggle_good_good (465).jpg,good_407.jpg,jpg
good,kaggle_good_good (466).jpg,good_408.jpg,jpg
good,kaggle_good_good (467).jpg,good_409.jpg,jpg
good,kaggle_good_good (468).jpg,good_410.jpg,jpg
good,kaggle_good_good (469).jpg,good_411.jpg,jpg
good,kaggle_good_good (47).jpg,good_412.jpg,jpg
good,kaggle_good_good (470).jpg,good_413.jpg,jpg
good,kaggle_good_good (471).jpg,good_414.jpg,jpg
good,kaggle_good_good (472).jpg,good_415.jpg,jpg
good,kaggle_good_good (473).jpg,good_416.jpg,jpg
good,kaggle_good_good (474).jpg,good_417.jpg,jpg
good,kaggle_good_good (475).jpg,good_418.jpg,jpg
good,kaggle_good_good (476).jpg,good_419.jpg,jpg
good,kaggle_good_good (477).jpg,good_420.jpg,jpg
good,kaggle_good_good (478).jpg,good_421.jpg,jpg
good,kaggle_good_good (479).jpg,good_422.jpg,jpg
good,kaggle_good_good (48).jpg,good_423.jpg,jpg
good,kaggle_good_good (480).jpg,good_424.jpg,jpg
good,kaggle_good_good (481).jpg,good_425.jpg,jpg
good,kaggle_good_good (482).jpg,good_426.jpg,jpg
good,kaggle_good_good (483).jpg,good_427.jpg,jpg
good,kaggle_good_good (484).jpg,good_428.jpg,jpg
good,kaggle_good_good (485).jpg,good_429.jpg,jpg
good,kaggle_good_good (486).jpg,good_430.jpg,jpg
good,kaggle_good_good (487).jpg,good_431.jpg,jpg
good,kaggle_good_good (488).jpg,good_432.jpg,jpg
good,kaggle_good_good (489).jpg,good_433.jpg,jpg
good,kaggle_good_good (49).jpg,good_434.jpg,jpg
good,kaggle_good_good (490).jpg,good_435.jpg,jpg
good,kaggle_good_good (491).jpg,good_436.jpg,jpg
good,kaggle_good_good (492).jpg,good_437.jpg,jpg
good,kaggle_good_good (493).jpg,good_438.jpg,jpg
good,kaggle_good_good (494).jpg,good_439.jpg,jpg
good,kaggle_good_good (495).jpg,good_440.jpg,jpg
good,kaggle_good_good (496).jpg,good_441.jpg,jpg
good,kaggle_good_good (497).jpg,good_442.jpg,jpg
good,kaggle_good_good (498).jpg,good_443.jpg,jpg
good,kaggle_good_good (499).jpg,good_444.jpg,jpg
good,kaggle_good_good (5).jpg,good_445.jpg,jpg
good,kaggle_good_good (50).jpg,good_446.jpg,jpg
good,kaggle_good_good (500).jpg,good_447.jpg,jpg
good,kaggle_good_good (501).jpg,good_448.jpg,jpg
good,kaggle_good_good (502).jpg,good_449.jpg,jpg
good,kaggle_good_good (503).jpg,good_450.jpg,jpg
good,kaggle_good_good (504).jpg,good_451.jpg,jpg
good,kaggle_good_good (505).jpg,good_452.jpg,jpg
good,kaggle_good_good (506).jpg,good_453.jpg,jpg
good,kaggle_good_good (507).jpg,good_454.jpg,jpg
good,kaggle_good_good (508).jpg,good_455.jpg,jpg
good,kaggle_good_good (509).jpg,good_456.jpg,jpg
good,kaggle_good_good (51).jpg,good_457.jpg,jpg
good,kaggle_good_good (510).jpg,good_458.jpg,jpg
good,kaggle_good_good (511).jpg,good_459.jpg,jpg
good,kaggle_good_good (512).jpg,good_460.jpg,jpg
good,kaggle_good_good (513).jpg,good_461.jpg,jpg
good,kaggle_good_good (514).jpg,good_462.jpg,jpg
good,kaggle_good_good (515).jpg,good_463.jpg,jpg
good,kaggle_good_good (516).jpg,good_464.jpg,jpg
good,kaggle_good_good (517).jpg,good_465.jpg,jpg
good,kaggle_good_good (518).jpg,good_466.jpg,jpg
good,kaggle_good_good (519).jpg,good_467.jpg,jpg
good,kaggle_good_good (52).jpg,good_468.jpg,jpg
good,kaggle_good_good (520).jpg,good_469.jpg,jpg
good,kaggle_good_good (521).jpg,good_470.jpg,jpg
good,kaggle_good_good (522).jpg,good_471.jpg,jpg
good,kaggle_good_good (523).jpg,good_472.jpg,jpg
good,kaggle_good_good (524).jpg,good_473.jpg,jpg
good,kaggle_good_good (525).jpg,good_474.jpg,jpg
good,kaggle_good_good (526).jpg,good_475.jpg,jpg
good,kaggle_good_good (527).jpg,good_476.jpg,jpg
good,kaggle_good_good (528).jpg,good_477.jpg,jpg
good,kaggle_good_good (529).jpg,good_478.jpg,jpg
good,kaggle_good_good (53).jpg,good_479.jpg,jpg
good,kaggle_good_good (530).jpg,good_480.jpg,jpg
good,kaggle_good_good (531).jpg,good_481.jpg,jpg
good,kaggle_good_good (532).jpg,good_482.jpg,jpg
good,kaggle_good_good (533).jpg,good_483.jpg,jpg
good,kaggle_good_good (534).jpg,good_484.jpg,jpg
good,kaggle_good_good (535).jpg,good_485.jpg,jpg
good,kaggle_good_good (536).jpg,good_486.jpg,jpg
good,kaggle_good_good (537).jpg,good_487.jpg,jpg
good,kaggle_good_good (538).jpg,good_488.jpg,jpg
good,kaggle_good_good (539).jpg,good_489.jpg,jpg
good,kaggle_good_good (54).jpg,good_490.jpg,jpg
good,kaggle_good_good (540).jpg,good_491.jpg,jpg
good,kaggle_good_good (541).jpg,good_492.jpg,jpg
good,kaggle_good_good (542).jpg,good_493.jpg,jpg
good,kaggle_good_good (543).jpg,good_494.jpg,jpg
good,kaggle_good_good (544).jpg,good_495.jpg,jpg
good,kaggle_good_good (545).jpg,good_496.jpg,jpg
good,kaggle_good_good (546).jpg,good_497.jpg,jpg
good,kaggle_good_good (547).jpg,good_498.jpg,jpg
good,kaggle_good_good (548).jpg,good_499.jpg,jpg
good,kaggle_good_good (549).jpg,good_500.jpg,jpg
good,kaggle_good_good (55).jpg,good_501.jpg,jpg
good,kaggle_good_good (550).jpg,good_502.jpg,jpg
good,kaggle_good_good (551).jpg,good_503.jpg,jpg
good,kaggle_good_good (552).jpg,good_504.jpg,jpg
good,kaggle_good_good (553).jpg,good_505.jpg,jpg
good,kaggle_good_good (554).jpg,good_506.jpg,jpg
good,kaggle_good_good (555).jpg,good_507.jpg,jpg
good,kaggle_good_good (556).jpg,good_508.jpg,jpg
good,kaggle_good_good (557).jpg,good_509.jpg,jpg
good,kaggle_good_good (558).jpg,good_510.jpg,jpg
good,kaggle_good_good (559).jpg,good_511.jpg,jpg
good,kaggle_good_good (56).jpg,good_512.jpg,jpg
good,kaggle_good_good (560).jpg,good_513.jpg,jpg
good,kaggle_good_good (561).jpg,good_514.jpg,jpg
good,kaggle_good_good (562).jpg,good_515.jpg,jpg
good,kaggle_good_good (563).jpg,good_516.jpg,jpg
good,kaggle_good_good (564).jpg,good_517.jpg,jpg
good,kaggle_good_good (565).jpg,good_518.jpg,jpg
good,kaggle_good_good (566).jpg,good_519.jpg,jpg
good,kaggle_good_good (567).jpg,good_520.jpg,jpg
good,kaggle_good_good (568).jpg,good_521.jpg,jpg
good,kaggle_good_good (569).jpg,good_522.jpg,jpg
good,kaggle_good_good (57).jpg,good_523.jpg,jpg
good,kaggle_good_good (570).jpg,good_524.jpg,jpg
good,kaggle_good_good (571).jpg,good_525.jpg,jpg
good,kaggle_good_good (572).jpg,good_526.jpg,jpg
good,kaggle_good_good (573).jpg,good_527.jpg,jpg
good,kaggle_good_good (574).jpg,good_528.jpg,jpg
good,kaggle_good_good (575).jpg,good_529.jpg,jpg
good,kaggle_good_good (576).jpg,good_530.jpg,jpg
good,kaggle_good_good (577).jpg,good_531.jpg,jpg
good,kaggle_good_good (578).jpg,good_532.jpg,jpg
good,kaggle_good_good (579).jpg,good_533.jpg,jpg
good,kaggle_good_good (58).jpg,good_534.jpg,jpg
good,kaggle_good_good (580).jpg,good_535.jpg,jpg
good,kaggle_good_good (581).jpg,good_536.jpg,jpg
good,kaggle_good_good (582).jpg,good_537.jpg,jpg
good,kaggle_good_good (583).jpg,good_538.jpg,jpg
good,kaggle_good_good (584).jpg,good_539.jpg,jpg
good,kaggle_good_good (585).jpg,good_540.jpg,jpg
good,kaggle_good_good (586).jpg,good_541.jpg,jpg
good,kaggle_good_good (587).jpg,good_542.jpg,jpg
good,kaggle_good_good (588).jpg,good_543.jpg,jpg
good,kaggle_good_good (589).jpg,good_544.jpg,jpg
good,kaggle_good_good (59).jpg,good_545.jpg,jpg
good,kaggle_good_good (590).jpg,good_546.jpg,jpg
good,kaggle_good_good (591).jpg,good_547.jpg,jpg
good,kaggle_good_good (592).jpg,good_548.jpg,jpg
good,kaggle_good_good (593).jpg,good_549.jpg,jpg
good,kaggle_good_good (594).jpg,good_550.jpg,jpg
good,kaggle_good_good (595).jpg,good_551.jpg,jpg
good,kaggle_good_good (596).jpg,good_552.jpg,jpg
good,kaggle_good_good (597).jpg,good_553.jpg,jpg
good,kaggle_good_good (598).jpg,good_554.jpg,jpg
good,kaggle_good_good (599).jpg,good_555.jpg,jpg
good,kaggle_good_good (6).jpg,good_556.jpg,jpg
good,kaggle_good_good (60).jpg,good_557.jpg,jpg
good,kaggle_good_good (600).jpg,good_558.jpg,jpg
good,kaggle_good_good (601).jpg,good_559.jpg,jpg
good,kaggle_good_good (602).jpg,good_560.jpg,jpg
good,kaggle_good_good (603).jpg,good_561.jpg,jpg
good,kaggle_good_good (604).jpg,good_562.jpg,jpg
good,kaggle_good_good (605).jpg,good_563.jpg,jpg
good,kaggle_good_good (606).jpg,good_564.jpg,jpg
good,kaggle_good_good (607).jpg,good_565.jpg,jpg
good,kaggle_good_good (608).jpg,good_566.jpg,jpg
good,kaggle_good_good (609).jpg,good_567.jpg,jpg
good,kaggle_good_good (61).jpg,good_568.jpg,jpg
good,kaggle_good_good (610).jpg,good_569.jpg,jpg
good,kaggle_good_good (611).jpg,good_570.jpg,jpg
good,kaggle_good_good (612).jpg,good_571.jpg,jpg
good,kaggle_good_good (613).jpg,good_572.jpg,jpg
good,kaggle_good_good (614).jpg,good_573.jpg,jpg
good,kaggle_good_good (615).jpg,good_574.jpg,jpg
good,kaggle_good_good (616).jpg,good_575.jpg,jpg
good,kaggle_good_good (617).jpg,good_576.jpg,jpg
good,kaggle_good_good (618).jpg,good_577.jpg,jpg
good,kaggle_good_good (619).jpg,good_578.jpg,jpg
good,kaggle_good_good (62).jpg,good_579.jpg,jpg
good,kaggle_good_good (620).jpg,good_580.jpg,jpg
good,kaggle_good_good (621).jpg,good_581.jpg,jpg
good,kaggle_good_good (622).jpg,good_582.jpg,jpg
good,kaggle_good_good (623).jpg,good_583.jpg,jpg
good,kaggle_good_good (624).jpg,good_584.jpg,jpg
good,kaggle_good_good (625).jpg,good_585.jpg,jpg
good,kaggle_good_good (626).jpg,good_586.jpg,jpg
good,kaggle_good_good (627).jpg,good_587.jpg,jpg
good,kaggle_good_good (628).jpg,good_588.jpg,jpg
good,kaggle_good_good (629).jpg,good_589.jpg,jpg
good,kaggle_good_good (63).jpg,good_590.jpg,jpg
good,kaggle_good_good (630).jpg,good_591.jpg,jpg
good,kaggle_good_good (631).jpg,good_592.jpg,jpg
good,kaggle_good_good (632).jpg,good_593.jpg,jpg
good,kaggle_good_good (633).jpg,good_594.jpg,jpg
good,kaggle_good_good (634).jpg,good_595.jpg,jpg
good,kaggle_good_good (635).jpg,good_596.jpg,jpg
good,kaggle_good_good (636).jpg,good_597.jpg,jpg
good,kaggle_good_good (637).jpg,good_598.jpg,jpg
good,kaggle_good_good (638).jpg,good_599.jpg,jpg
good,kaggle_good_good (639).jpg,good_600.jpg,jpg
good,kaggle_good_good (64).jpg,good_601.jpg,jpg
good,kaggle_good_good (640).jpg,good_602.jpg,jpg
good,kaggle_good_good (641).jpg,good_603.jpg,jpg
good,kaggle_good_good (642).jpg,good_604.jpg,jpg
good,kaggle_good_good (643).jpg,good_605.jpg,jpg
good,kaggle_good_good (644).jpg,good_606.jpg,jpg
good,kaggle_good_good (645).jpg,good_607.jpg,jpg
good,kaggle_good_good (646).jpg,good_608.jpg,jpg
good,kaggle_good_good (647).jpg,good_609.jpg,jpg
good,kaggle_good_good (648).jpg,good_610.jpg,jpg
good,kaggle_good_good (649).jpg,good_611.jpg,jpg
good,kaggle_good_good (65).jpg,good_612.jpg,jpg
good,kaggle_good_good (650).jpg,good_613.jpg,jpg
good,kaggle_good_good (651).jpg,good_614.jpg,jpg
good,kaggle_good_good (652).jpg,good_615.jpg,jpg
good,kaggle_good_good (653).jpg,good_616.jpg,jpg
good,kaggle_good_good (654).jpg,good_617.jpg,jpg
good,kaggle_good_good (655).jpg,good_618.jpg,jpg
good,kaggle_good_good (656).jpg,good_619.jpg,jpg
good,kaggle_good_good (657).jpg,good_620.jpg,jpg
good,kaggle_good_good (658).jpg,good_621.jpg,jpg
good,kaggle_good_good (659).jpg,good_622.jpg,jpg
good,kaggle_good_good (66).jpg,good_623.jpg,jpg
good,kaggle_good_good (660).jpg,good_624.jpg,jpg
good,kaggle_good_good (661).jpg,good_625.jpg,jpg
good,kaggle_good_good (662).jpg,good_626.jpg,jpg
good,kaggle_good_good (663).jpg,good_627.jpg,jpg
good,kaggle_good_good (664).jpg,good_628.jpg,jpg
good,kaggle_good_good (665).jpg,good_629.jpg,jpg
good,kaggle_good_good (666).jpg,good_630.jpg,jpg
good,kaggle_good_good (667).jpg,good_631.jpg,jpg
good,kaggle_good_good (668).jpg,good_632.jpg,jpg
good,kaggle_good_good (669).jpg,good_633.jpg,jpg
good,kaggle_good_good (67).jpg,good_634.jpg,jpg
good,kaggle_good_good (670).jpg,good_635.jpg,jpg
good,kaggle_good_good (671).jpg,good_636.jpg,jpg
good,kaggle_good_good (672).jpg,good_637.jpg,jpg
good,kaggle_good_good (673).jpg,good_638.jpg,jpg
good,kaggle_good_good (674).jpg,good_639.jpg,jpg
good,kaggle_good_good (675).jpg,good_640.jpg,jpg
good,kaggle_good_good (676).jpg,good_641.jpg,jpg
good,kaggle_good_good (677).jpg,good_642.jpg,jpg
good,kaggle_good_good (678).jpg,good_643.jpg,jpg
good,kaggle_good_good (679).jpg,good_644.jpg,jpg
good,kaggle_good_good (68).jpg,good_645.jpg,jpg
good,kaggle_good_good (680).jpg,good_646.jpg,jpg
good,kaggle_good_good (681).jpg,good_647.jpg,jpg
good,kaggle_good_good (682).jpg,good_648.jpg,jpg
good,kaggle_good_good (683).jpg,good_649.jpg,jpg
good,kaggle_good_good (684).jpg,good_650.jpg,jpg
good,kaggle_good_good (685).jpg,good_651.jpg,jpg
good,kaggle_good_good (686).jpg,good_652.jpg,jpg
good,kaggle_good_good (687).jpg,good_653.jpg,jpg
good,kaggle_good_good (688).jpg,good_654.jpg,jpg
good,kaggle_good_good (689).jpg,good_655.jpg,jpg
good,kaggle_good_good (69).jpg,good_656.jpg,jpg
good,kaggle_good_good (690).jpg,good_657.jpg,jpg
good,kaggle_good_good (691).jpg,good_658.jpg,jpg
good,kaggle_good_good (692).jpg,good_659.jpg,jpg
good,kaggle_good_good (693).jpg,good_660.jpg,jpg
good,kaggle_good_good (694).jpg,good_661.jpg,jpg
good,kaggle_good_good (695).jpg,good_662.jpg,jpg
good,kaggle_good_good (696).jpg,good_663.jpg,jpg
good,kaggle_good_good (697).jpg,good_664.jpg,jpg
good,kaggle_good_good (698).jpg,good_665.jpg,jpg
good,kaggle_good_good (699).jpg,good_666.jpg,jpg
good,kaggle_good_good (7).jpg,good_667.jpg,jpg
good,kaggle_good_good (70).jpg,good_668.jpg,jpg
good,kaggle_good_good (700).jpg,good_669.jpg,jpg
good,kaggle_good_good (701).jpg,good_670.jpg,jpg
good,kaggle_good_good (702).jpg,good_671.jpg,jpg
good,kaggle_good_good (703).jpg,good_672.jpg,jpg
good,kaggle_good_good (704).jpg,good_673.jpg,jpg
good,kaggle_good_good (705).jpg,good_674.jpg,jpg
good,kaggle_good_good (706).jpg,good_675.jpg,jpg
good,kaggle_good_good (707).jpg,good_676.jpg,jpg
good,kaggle_good_good (708).jpg,good_677.jpg,jpg
good,kaggle_good_good (709).jpg,good_678.jpg,jpg
good,kaggle_good_good (71).jpg,good_679.jpg,jpg
good,kaggle_good_good (710).jpg,good_680.jpg,jpg
good,kaggle_good_good (711).jpg,good_681.jpg,jpg
good,kaggle_good_good (712).jpg,good_682.jpg,jpg
good,kaggle_good_good (713).jpg,good_683.jpg,jpg
good,kaggle_good_good (714).jpg,good_684.jpg,jpg
good,kaggle_good_good (715).jpg,good_685.jpg,jpg
good,kaggle_good_good (716).jpg,good_686.jpg,jpg
good,kaggle_good_good (717).jpg,good_687.jpg,jpg
good,kaggle_good_good (718).jpg,good_688.jpg,jpg
good,kaggle_good_good (719).jpg,good_689.jpg,jpg
good,kaggle_good_good (72).jpg,good_690.jpg,jpg
good,kaggle_good_good (720).jpg,good_691.jpg,jpg
good,kaggle_good_good (721).jpg,good_692.jpg,jpg
good,kaggle_good_good (722).jpg,good_693.jpg,jpg
good,kaggle_good_good (723).jpg,good_694.jpg,jpg
good,kaggle_good_good (724).jpg,good_695.jpg,jpg
good,kaggle_good_good (725).jpg,good_696.jpg,jpg
good,kaggle_good_good (726).jpg,good_697.jpg,jpg
good,kaggle_good_good (727).jpg,good_698.jpg,jpg
good,kaggle_good_good (728).jpg,good_699.jpg,jpg
good,kaggle_good_good (729).jpg,good_700.jpg,jpg
good,kaggle_good_good (73).jpg,good_701.jpg,jpg
good,kaggle_good_good (730).jpg,good_702.jpg,jpg
good,kaggle_good_good (731).jpg,good_703.jpg,jpg
good,kaggle_good_good (732).jpg,good_704.jpg,jpg
good,kaggle_good_good (733).jpg,good_705.jpg,jpg
good,kaggle_good_good (734).jpg,good_706.jpg,jpg
good,kaggle_good_good (735).jpg,good_707.jpg,jpg
good,kaggle_good_good (736).jpg,good_708.jpg,jpg
good,kaggle_good_good (737).jpg,good_709.jpg,jpg
good,kaggle_good_good (738).jpg,good_710.jpg,jpg
good,kaggle_good_good (739).jpg,good_711.jpg,jpg
good,kaggle_good_good (74).jpg,good_712.jpg,jpg
good,kaggle_good_good (740).jpg,good_713.jpg,jpg
good,kaggle_good_good (741).jpg,good_714.jpg,jpg
good,kaggle_good_good (742).jpg,good_715.jpg,jpg
good,kaggle_good_good (743).jpg,good_716.jpg,jpg
good,kaggle_good_good (744).jpg,good_717.jpg,jpg
good,kaggle_good_good (745).jpg,good_718.jpg,jpg
good,kaggle_good_good (746).jpg,good_719.jpg,jpg
good,kaggle_good_good (747).jpg,good_720.jpg,jpg
good,kaggle_good_good (748).jpg,good_721.jpg,jpg
good,kaggle_good_good (749).jpg,good_722.jpg,jpg
good,kaggle_good_good (75).jpg,good_723.jpg,jpg
good,kaggle_good_good (750).jpg,good_724.jpg,jpg
good,kaggle_good_good (751).jpg,good_725.jpg,jpg
good,kaggle_good_good (752).jpg,good_726.jpg,jpg
good,kaggle_good_good (753).jpg,good_727.jpg,jpg
good,kaggle_good_good (754).jpg,good_728.jpg,jpg
good,kaggle_good_good (755).jpg,good_729.jpg,jpg
good,kaggle_good_good (756).jpg,good_730.jpg,jpg
good,kaggle_good_good (757).jpg,good_731.jpg,jpg
good,kaggle_good_good (758).jpg,good_732.jpg,jpg
good,kaggle_good_good (759).jpg,good_733.jpg,jpg
good,kaggle_good_good (76).jpg,good_734.jpg,jpg
good,kaggle_good_good (760).jpg,good_735.jpg,jpg
good,kaggle_good_good (761).jpg,good_736.jpg,jpg
good,kaggle_good_good (762).jpg,good_737.jpg,jpg
good,kaggle_good_good (763).jpg,good_738.jpg,jpg
good,kaggle_good_good (764).jpg,good_739.jpg,jpg
good,kaggle_good_good (765).jpg,good_740.jpg,jpg
good,kaggle_good_good (766).jpg,good_741.jpg,jpg
good,kaggle_good_good (767).jpg,good_742.jpg,jpg
good,kaggle_good_good (768).jpg,good_743.jpg,jpg
good,kaggle_good_good (769).jpg,good_744.jpg,jpg
good,kaggle_good_good (77).jpg,good_745.jpg,jpg
good,kaggle_good_good (770).jpg,good_746.jpg,jpg
good,kaggle_good_good (771).jpg,good_747.jpg,jpg
good,kaggle_good_good (772).jpg,good_748.jpg,jpg
good,kaggle_good_good (773).jpg,good_749.jpg,jpg
good,kaggle_good_good (774).jpg,good_750.jpg,jpg
good,kaggle_good_good (775).jpg,good_751.jpg,jpg
good,kaggle_good_good (776).jpg,good_752.jpg,jpg
good,kaggle_good_good (777).jpg,good_753.jpg,jpg
good,kaggle_good_good (778).jpg,good_754.jpg,jpg
good,kaggle_good_good (779).jpg,good_755.jpg,jpg
good,kaggle_good_good (78).jpg,good_756.jpg,jpg
good,kaggle_good_good (780).jpg,good_757.jpg,jpg
good,kaggle_good_good (781).jpg,good_758.jpg,jpg
good,kaggle_good_good (782).jpg,good_759.jpg,jpg
good,kaggle_good_good (783).jpg,good_760.jpg,jpg
good,kaggle_good_good (784).jpg,good_761.jpg,jpg
good,kaggle_good_good (785).jpg,good_762.jpg,jpg
good,kaggle_good_good (786).jpg,good_763.jpg,jpg
good,kaggle_good_good (787).jpg,good_764.jpg,jpg
good,kaggle_good_good (788).jpg,good_765.jpg,jpg
good,kaggle_good_good (789).jpg,good_766.jpg,jpg
good,kaggle_good_good (79).jpg,good_767.jpg,jpg
good,kaggle_good_good (790).jpg,good_768.jpg,jpg
good,kaggle_good_good (791).jpg,good_769.jpg,jpg
good,kaggle_good_good (792).jpg,good_770.jpg,jpg
good,kaggle_good_good (793).jpg,good_771.jpg,jpg
good,kaggle_good_good (794).jpg,good_772.jpg,jpg
good,kaggle_good_good (795).jpg,good_773.jpg,jpg
good,kaggle_good_good (796).jpg,good_774.jpg,jpg
good,kaggle_good_good (797).jpg,good_775.jpg,jpg
good,kaggle_good_good (798).jpg,good_776.jpg,jpg
good,kaggle_good_good (799).jpg,good_777.jpg,jpg
good,kaggle_good_good (8).jpg,good_778.jpg,jpg
good,kaggle_good_good (80).jpg,good_779.jpg,jpg
good,kaggle_good_good (800).jpg,good_780.jpg,jpg
good,kaggle_good_good (801).jpg,good_781.jpg,jpg
good,kaggle_good_good (802).jpg,good_782.jpg,jpg
good,kaggle_good_good (803).jpg,good_783.jpg,jpg
good,kaggle_good_good (804).jpg,good_784.jpg,jpg
good,kaggle_good_good (805).jpg,good_785.jpg,jpg
good,kaggle_good_good (806).jpg,good_786.jpg,jpg
good,kaggle_good_good (807).jpg,good_787.jpg,jpg
good,kaggle_good_good (808).jpg,good_788.jpg,jpg
good,kaggle_good_good (809).jpg,good_789.jpg,jpg
good,kaggle_good_good (81).jpg,good_790.jpg,jpg
good,kaggle_good_good (810).jpg,good_791.jpg,jpg
good,kaggle_good_good (811).jpg,good_792.jpg,jpg
good,kaggle_good_good (812).jpg,good_793.jpg,jpg
good,kaggle_good_good (813).jpg,good_794.jpg,jpg
good,kaggle_good_good (814).jpg,good_795.jpg,jpg
good,kaggle_good_good (815).jpg,good_796.jpg,jpg
good,kaggle_good_good (816).jpg,good_797.jpg,jpg
good,kaggle_good_good (817).jpg,good_798.jpg,jpg
good,kaggle_good_good (818).jpg,good_799.jpg,jpg
good,kaggle_good_good (819).jpg,good_800.jpg,jpg
good,kaggle_good_good (82).jpg,good_801.jpg,jpg
good,kaggle_good_good (820).jpg,good_802.jpg,jpg
good,kaggle_good_good (821).jpg,good_803.jpg,jpg
good,kaggle_good_good (822).jpg,good_804.jpg,jpg
good,kaggle_good_good (823).jpg,good_805.jpg,jpg
good,kaggle_good_good (824).jpg,good_806.jpg,jpg
good,kaggle_good_good (825).jpg,good_807.jpg,jpg
good,kaggle_good_good (826).jpg,good_808.jpg,jpg
good,kaggle_good_good (827).jpg,good_809.jpg,jpg
good,kaggle_good_good (828).jpg,good_810.jpg,jpg
good,kaggle_good_good (83).jpg,good_811.jpg,jpg
good,kaggle_good_good (84).jpg,good_812.jpg,jpg
good,kaggle_good_good (85).jpg,good_813.jpg,jpg
good,kaggle_good_good (86).jpg,good_814.jpg,jpg
good,kaggle_good_good (87).jpg,good_815.jpg,jpg
good,kaggle_good_good (88).jpg,good_816.jpg,jpg
good,kaggle_good_good (89).jpg,good_817.jpg,jpg
good,kaggle_good_good (9).jpg,good_818.jpg,jpg
good,kaggle_good_good (90).jpg,good_819.jpg,jpg
good,kaggle_good_good (91).jpg,good_820.jpg,jpg
good,kaggle_good_good (92).jpg,good_821.jpg,jpg
good,kaggle_good_good (93).jpg,good_822.jpg,jpg
good,kaggle_good_good (94).jpg,good_823.jpg,jpg
good,kaggle_good_good (95).jpg,good_824.jpg,jpg
good,kaggle_good_good (96).jpg,good_825.jpg,jpg
good,kaggle_good_good (97).jpg,good_826.jpg,jpg
good,kaggle_good_good (98).jpg,good_827.jpg,jpg
good,kaggle_good_good (99).jpg,good_828.jpg,jpg
good,mendeley_good_good (1).jpg,good_829.jpg,jpg
good,mendeley_good_good (10).jpg,good_830.jpg,jpg
good,mendeley_good_good (100).jpg,good_831.jpg,jpg
good,mendeley_good_good (101).jpg,good_832.jpg,jpg
good,mendeley_good_good (102).jpg,good_833.jpg,jpg
good,mendeley_good_good (103).jpg,good_834.jpg,jpg
good,mendeley_good_good (104).jpg,good_835.jpg,jpg
good,mendeley_good_good (105).jpg,good_836.jpg,jpg
good,mendeley_good_good (106).jpg,good_837.jpg,jpg
good,mendeley_good_good (107).jpg,good_838.jpg,jpg
good,mendeley_good_good (108).jpg,good_839.jpg,jpg
good,mendeley_good_good (109).jpg,good_840.jpg,jpg
good,mendeley_good_good (11).jpg,good_841.jpg,jpg
good,mendeley_good_good (110).jpg,good_842.jpg,jpg
good,mendeley_good_good (111).jpg,good_843.jpg,jpg
good,mendeley_good_good (112).jpg,good_844.jpg,jpg
good,mendeley_good_good (113).jpg,good_845.jpg,jpg
good,mendeley_good_good (114).jpg,good_846.jpg,jpg
good,mendeley_good_good (115).jpg,good_847.jpg,jpg
good,mendeley_good_good (116).jpg,good_848.jpg,jpg
good,mendeley_good_good (117).jpg,good_849.jpg,jpg
good,mendeley_good_good (118).jpg,good_850.jpg,jpg
good,mendeley_good_good (119).jpg,good_851.jpg,jpg
good,mendeley_good_good (12).jpg,good_852.jpg,jpg
good,mendeley_good_good (120).jpg,good_853.jpg,jpg
good,mendeley_good_good (121).jpg,good_854.jpg,jpg
good,mendeley_good_good (122).jpg,good_855.jpg,jpg
good,mendeley_good_good (123).jpg,good_856.jpg,jpg
good,mendeley_good_good (124).jpg,good_857.jpg,jpg
good,mendeley_good_good (125).jpg,good_858.jpg,jpg
good,mendeley_good_good (126).jpg,good_859.jpg,jpg
good,mendeley_good_good (127).jpg,good_860.jpg,jpg
good,mendeley_good_good (128).jpg,good_861.jpg,jpg
good,mendeley_good_good (129).jpg,good_862.jpg,jpg
good,mendeley_good_good (13).jpg,good_863.jpg,jpg
good,mendeley_good_good (130).jpg,good_864.jpg,jpg
good,mendeley_good_good (131).jpg,good_865.jpg,jpg
good,mendeley_good_good (132).jpg,good_866.jpg,jpg
good,mendeley_good_good (133).jpg,good_867.jpg,jpg
good,mendeley_good_good (134).jpg,good_868.jpg,jpg
good,mendeley_good_good (135).jpg,good_869.jpg,jpg
good,mendeley_good_good (136).jpg,good_870.jpg,jpg
good,mendeley_good_good (137).jpg,good_871.jpg,jpg
good,mendeley_good_good (138).jpg,good_872.jpg,jpg
good,mendeley_good_good (139).jpg,good_873.jpg,jpg
good,mendeley_good_good (14).jpg,good_874.jpg,jpg
good,mendeley_good_good (140).jpg,good_875.jpg,jpg
good,mendeley_good_good (141).jpg,good_876.jpg,jpg
good,mendeley_good_good (142).jpg,good_877.jpg,jpg
good,mendeley_good_good (143).jpg,good_878.jpg,jpg
good,mendeley_good_good (144).jpg,good_879.jpg,jpg
good,mendeley_good_good (145).jpg,good_880.jpg,jpg
good,mendeley_good_good (146).jpg,good_881.jpg,jpg
good,mendeley_good_good (147).jpg,good_882.jpg,jpg
good,mendeley_good_good (148).jpg,good_883.jpg,jpg
good,mendeley_good_good (149).jpg,good_884.jpg,jpg
good,mendeley_good_good (15).jpg,good_885.jpg,jpg
good,mendeley_good_good (150).jpg,good_886.jpg,jpg
good,mendeley_good_good (151).jpg,good_887.jpg,jpg
good,mendeley_good_good (152).jpg,good_888.jpg,jpg
good,mendeley_good_good (153).jpg,good_889.jpg,jpg
good,mendeley_good_good (154).jpg,good_890.jpg,jpg
good,mendeley_good_good (155).jpg,good_891.jpg,jpg
good,mendeley_good_good (156).jpg,good_892.jpg,jpg
good,mendeley_good_good (157).jpg,good_893.jpg,jpg
good,mendeley_good_good (158).jpg,good_894.jpg,jpg
good,mendeley_good_good (159).jpg,good_895.jpg,jpg
good,mendeley_good_good (16).jpg,good_896.jpg,jpg
good,mendeley_good_good (160).jpg,good_897.jpg,jpg
good,mendeley_good_good (161).jpg,good_898.jpg,jpg
good,mendeley_good_good (162).jpg,good_899.jpg,jpg
good,mendeley_good_good (163).jpg,good_900.jpg,jpg
good,mendeley_good_good (164).jpg,good_901.jpg,jpg
good,mendeley_good_good (165).jpg,good_902.jpg,jpg
good,mendeley_good_good (166).jpg,good_903.jpg,jpg
good,mendeley_good_good (167).jpg,good_904.jpg,jpg
good,mendeley_good_good (168).jpg,good_905.jpg,jpg
good,mendeley_good_good (169).jpg,good_906.jpg,jpg
good,mendeley_good_good (17).jpg,good_907.jpg,jpg
good,mendeley_good_good (170).jpg,good_908.jpg,jpg
good,mendeley_good_good (171).jpg,good_909.jpg,jpg
good,mendeley_good_good (172).jpg,good_910.jpg,jpg
good,mendeley_good_good (173).jpg,good_911.jpg,jpg
good,mendeley_good_good (174).jpg,good_912.jpg,jpg
good,mendeley_good_good (175).jpg,good_913.jpg,jpg
good,mendeley_good_good (176).jpg,good_914.jpg,jpg
good,mendeley_good_good (177).jpg,good_915.jpg,jpg
good,mendeley_good_good (178).jpg,good_916.jpg,jpg
good,mendeley_good_good (179).jpg,good_917.jpg,jpg
good,mendeley_good_good (18).jpg,good_918.jpg,jpg
good,mendeley_good_good (180).jpg,good_919.jpg,jpg
good,mendeley_good_good (181).jpg,good_920.jpg,jpg
good,mendeley_good_good (182).jpg,good_921.jpg,jpg
good,mendeley_good_good (183).jpg,good_922.jpg,jpg
good,mendeley_good_good (184).jpg,good_923.jpg,jpg
good,mendeley_good_good (185).jpg,good_924.jpg,jpg
good,mendeley_good_good (186).jpg,good_925.jpg,jpg
good,mendeley_good_good (187).jpg,good_926.jpg,jpg
good,mendeley_good_good (188).jpg,good_927.jpg,jpg
good,mendeley_good_good (189).jpg,good_928.jpg,jpg
good,mendeley_good_good (19).jpg,good_929.jpg,jpg
good,mendeley_good_good (190).jpg,good_930.jpg,jpg
good,mendeley_good_good (191).jpg,good_931.jpg,jpg
good,mendeley_good_good (192).jpg,good_932.jpg,jpg
good,mendeley_good_good (193).jpg,good_933.jpg,jpg
good,mendeley_good_good (194).jpg,good_934.jpg,jpg
good,mendeley_good_good (195).jpg,good_935.jpg,jpg
good,mendeley_good_good (196).jpg,good_936.jpg,jpg
good,mendeley_good_good (197).jpg,good_937.jpg,jpg
good,mendeley_good_good (198).jpg,good_938.jpg,jpg
good,mendeley_good_good (199).jpg,good_939.jpg,jpg
good,mendeley_good_good (2).jpg,good_940.jpg,jpg
good,mendeley_good_good (20).jpg,good_941.jpg,jpg
good,mendeley_good_good (200).jpg,good_942.jpg,jpg
good,mendeley_good_good (201).jpg,good_943.jpg,jpg
good,mendeley_good_good (202).jpg,good_944.jpg,jpg
good,mendeley_good_good (203).jpg,good_945.jpg,jpg
good,mendeley_good_good (204).jpg,good_946.jpg,jpg
good,mendeley_good_good (205).jpg,good_947.jpg,jpg
good,mendeley_good_good (206).jpg,good_948.jpg,jpg
good,mendeley_good_good (207).jpg,good_949.jpg,jpg
good,mendeley_good_good (208).jpg,good_950.jpg,jpg
good,mendeley_good_good (209).jpg,good_951.jpg,jpg
good,mendeley_good_good (21).jpg,good_952.jpg,jpg
good,mendeley_good_good (210).jpg,good_953.jpg,jpg
good,mendeley_good_good (211).jpg,good_954.jpg,jpg
good,mendeley_good_good (212).jpg,good_955.jpg,jpg
good,mendeley_good_good (213).jpg,good_956.jpg,jpg
good,mendeley_good_good (214).jpg,good_957.jpg,jpg
good,mendeley_good_good (215).jpg,good_958.jpg,jpg
good,mendeley_good_good (216).jpg,good_959.jpg,jpg
good,mendeley_good_good (217).jpg,good_960.jpg,jpg
good,mendeley_good_good (218).jpg,good_961.jpg,jpg
good,mendeley_good_good (219).jpg,good_962.jpg,jpg
good,mendeley_good_good (22).jpg,good_963.jpg,jpg
good,mendeley_good_good (220).jpg,good_964.jpg,jpg
good,mendeley_good_good (221).jpg,good_965.jpg,jpg
good,mendeley_good_good (222).jpg,good_966.jpg,jpg
good,mendeley_good_good (223).jpg,good_967.jpg,jpg
good,mendeley_good_good (224).jpg,good_968.jpg,jpg
good,mendeley_good_good (225).jpg,good_969.jpg,jpg
good,mendeley_good_good (226).jpg,good_970.jpg,jpg
good,mendeley_good_good (227).jpg,good_971.jpg,jpg
good,mendeley_good_good (228).jpg,good_972.jpg,jpg
good,mendeley_good_good (229).jpg,good_973.jpg,jpg
good,mendeley_good_good (23).jpg,good_974.jpg,jpg
good,mendeley_good_good (230).jpg,good_975.jpg,jpg
good,mendeley_good_good (231).jpg,good_976.jpg,jpg
good,mendeley_good_good (232).jpg,good_977.jpg,jpg
good,mendeley_good_good (233).jpg,good_978.jpg,jpg
good,mendeley_good_good (234).jpg,good_979.jpg,jpg
good,mendeley_good_good (235).jpg,good_980.jpg,jpg
good,mendeley_good_good (236).jpg,good_981.jpg,jpg
good,mendeley_good_good (237).jpg,good_982.jpg,jpg
good,mendeley_good_good (238).jpg,good_983.jpg,jpg
good,mendeley_good_good (239).jpg,good_984.jpg,jpg
good,mendeley_good_good (24).jpg,good_985.jpg,jpg
good,mendeley_good_good (240).jpg,good_986.jpg,jpg
good,mendeley_good_good (241).jpg,good_987.jpg,jpg
good,mendeley_good_good (242).jpg,good_988.jpg,jpg
good,mendeley_good_good (243).jpg,good_989.jpg,jpg
good,mendeley_good_good (244).jpg,good_990.jpg,jpg
good,mendeley_good_good (245).jpg,good_991.jpg,jpg
good,mendeley_good_good (246).jpg,good_992.jpg,jpg
good,mendeley_good_good (247).jpg,good_993.jpg,jpg
good,mendeley_good_good (248).jpg,good_994.jpg,jpg
good,mendeley_good_good (249).jpg,good_995.jpg,jpg
good,mendeley_good_good (25).jpg,good_996.jpg,jpg
good,mendeley_good_good (250).jpg,good_997.jpg,jpg
good,mendeley_good_good (251).jpg,good_998.jpg,jpg
good,mendeley_good_good (252).jpg,good_999.jpg,jpg
good,mendeley_good_good (253).jpg,good_1000.jpg,jpg
good,mendeley_good_good (254).jpg,good_1001.jpg,jpg
good,mendeley_good_good (255).jpg,good_1002.jpg,jpg
good,mendeley_good_good (256).jpg,good_1003.jpg,jpg
good,mendeley_good_good (257).jpg,good_1004.jpg,jpg
good,mendeley_good_good (258).jpg,good_1005.jpg,jpg
good,mendeley_good_good (259).jpg,good_1006.jpg,jpg
good,mendeley_good_good (26).jpg,good_1007.jpg,jpg
good,mendeley_good_good (260).jpg,good_1008.jpg,jpg
good,mendeley_good_good (261).jpg,good_1009.jpg,jpg
good,mendeley_good_good (262).jpg,good_1010.jpg,jpg
good,mendeley_good_good (263).jpg,good_1011.jpg,jpg
good,mendeley_good_good (264).jpg,good_1012.jpg,jpg
good,mendeley_good_good (265).jpg,good_1013.jpg,jpg
good,mendeley_good_good (266).jpg,good_1014.jpg,jpg
good,mendeley_good_good (267).jpg,good_1015.jpg,jpg
good,mendeley_good_good (268).jpg,good_1016.jpg,jpg
good,mendeley_good_good (269).jpg,good_1017.jpg,jpg
good,mendeley_good_good (27).jpg,good_1018.jpg,jpg
good,mendeley_good_good (270).jpg,good_1019.jpg,jpg
good,mendeley_good_good (271).jpg,good_1020.jpg,jpg
good,mendeley_good_good (272).jpg,good_1021.jpg,jpg
good,mendeley_good_good (273).jpg,good_1022.jpg,jpg
good,mendeley_good_good (274).jpg,good_1023.jpg,jpg
good,mendeley_good_good (275).jpg,good_1024.jpg,jpg
good,mendeley_good_good (276).jpg,good_1025.jpg,jpg
good,mendeley_good_good (277).jpg,good_1026.jpg,jpg
good,mendeley_good_good (278).jpg,good_1027.jpg,jpg
good,mendeley_good_good (279).jpg,good_1028.jpg,jpg
good,mendeley_good_good (28).jpg,good_1029.jpg,jpg
good,mendeley_good_good (280).jpg,good_1030.jpg,jpg
good,mendeley_good_good (281).jpg,good_1031.jpg,jpg
good,mendeley_good_good (282).jpg,good_1032.jpg,jpg
good,mendeley_good_good (283).jpg,good_1033.jpg,jpg
good,mendeley_good_good (284).jpg,good_1034.jpg,jpg
good,mendeley_good_good (285).jpg,good_1035.jpg,jpg
good,mendeley_good_good (286).jpg,good_1036.jpg,jpg
good,mendeley_good_good (287).jpg,good_1037.jpg,jpg
good,mendeley_good_good (288).jpg,good_1038.jpg,jpg
good,mendeley_good_good (289).jpg,good_1039.jpg,jpg
good,mendeley_good_good (29).jpg,good_1040.jpg,jpg
good,mendeley_good_good (290).jpg,good_1041.jpg,jpg
good,mendeley_good_good (291).jpg,good_1042.jpg,jpg
good,mendeley_good_good (292).jpg,good_1043.jpg,jpg
good,mendeley_good_good (293).jpg,good_1044.jpg,jpg
good,mendeley_good_good (294).jpg,good_1045.jpg,jpg
good,mendeley_good_good (295).jpg,good_1046.jpg,jpg
good,mendeley_good_good (296).jpg,good_1047.jpg,jpg
good,mendeley_good_good (297).jpg,good_1048.jpg,jpg
good,mendeley_good_good (298).jpg,good_1049.jpg,jpg
good,mendeley_good_good (299).jpg,good_1050.jpg,jpg
good,mendeley_good_good (3).jpg,good_1051.jpg,jpg
good,mendeley_good_good (30).jpg,good_1052.jpg,jpg
good,mendeley_good_good (300).jpg,good_1053.jpg,jpg
good,mendeley_good_good (301).jpg,good_1054.jpg,jpg
good,mendeley_good_good (302).jpg,good_1055.jpg,jpg
good,mendeley_good_good (303).jpg,good_1056.jpg,jpg
good,mendeley_good_good (304).jpg,good_1057.jpg,jpg
good,mendeley_good_good (305).jpg,good_1058.jpg,jpg
good,mendeley_good_good (306).jpg,good_1059.jpg,jpg
good,mendeley_good_good (307).jpg,good_1060.jpg,jpg
good,mendeley_good_good (308).jpg,good_1061.jpg,jpg
good,mendeley_good_good (309).jpg,good_1062.jpg,jpg
good,mendeley_good_good (31).jpg,good_1063.jpg,jpg
good,mendeley_good_good (310).jpg,good_1064.jpg,jpg
good,mendeley_good_good (311).jpg,good_1065.jpg,jpg
good,mendeley_good_good (312).jpg,good_1066.jpg,jpg
good,mendeley_good_good (313).jpg,good_1067.jpg,jpg
good,mendeley_good_good (314).jpg,good_1068.jpg,jpg
good,mendeley_good_good (315).jpg,good_1069.jpg,jpg
good,mendeley_good_good (316).jpg,good_1070.jpg,jpg
good,mendeley_good_good (317).jpg,good_1071.jpg,jpg
good,mendeley_good_good (318).jpg,good_1072.jpg,jpg
good,mendeley_good_good (319).jpg,good_1073.jpg,jpg
good,mendeley_good_good (32).jpg,good_1074.jpg,jpg
good,mendeley_good_good (320).jpg,good_1075.jpg,jpg
good,mendeley_good_good (321).jpg,good_1076.jpg,jpg
good,mendeley_good_good (322).jpg,good_1077.jpg,jpg
good,mendeley_good_good (323).jpg,good_1078.jpg,jpg
good,mendeley_good_good (324).jpg,good_1079.jpg,jpg
good,mendeley_good_good (325).jpg,good_1080.jpg,jpg
good,mendeley_good_good (326).jpg,good_1081.jpg,jpg
good,mendeley_good_good (327).jpg,good_1082.jpg,jpg
good,mendeley_good_good (328).jpg,good_1083.jpg,jpg
good,mendeley_good_good (329).jpg,good_1084.jpg,jpg
good,mendeley_good_good (33).jpg,good_1085.jpg,jpg
good,mendeley_good_good (330).jpg,good_1086.jpg,jpg
good,mendeley_good_good (331).jpg,good_1087.jpg,jpg
good,mendeley_good_good (332).jpg,good_1088.jpg,jpg
good,mendeley_good_good (333).jpg,good_1089.jpg,jpg
good,mendeley_good_good (334).jpg,good_1090.jpg,jpg
good,mendeley_good_good (335).jpg,good_1091.jpg,jpg
good,mendeley_good_good (336).jpg,good_1092.jpg,jpg
good,mendeley_good_good (337).jpg,good_1093.jpg,jpg
good,mendeley_good_good (338).jpg,good_1094.jpg,jpg
good,mendeley_good_good (339).jpg,good_1095.jpg,jpg
good,mendeley_good_good (34).jpg,good_1096.jpg,jpg
good,mendeley_good_good (340).jpg,good_1097.jpg,jpg
good,mendeley_good_good (341).jpg,good_1098.jpg,jpg
good,mendeley_good_good (342).jpg,good_1099.jpg,jpg
good,mendeley_good_good (343).jpg,good_1100.jpg,jpg
good,mendeley_good_good (344).jpg,good_1101.jpg,jpg
good,mendeley_good_good (345).jpg,good_1102.jpg,jpg
good,mendeley_good_good (346).jpg,good_1103.jpg,jpg
good,mendeley_good_good (347).jpg,good_1104.jpg,jpg
good,mendeley_good_good (348).jpg,good_1105.jpg,jpg
good,mendeley_good_good (349).jpg,good_1106.jpg,jpg
good,mendeley_good_good (35).jpg,good_1107.jpg,jpg
good,mendeley_good_good (350).jpg,good_1108.jpg,jpg
good,mendeley_good_good (351).jpg,good_1109.jpg,jpg
good,mendeley_good_good (352).jpg,good_1110.jpg,jpg
good,mendeley_good_good (353).jpg,good_1111.jpg,jpg
good,mendeley_good_good (354).jpg,good_1112.jpg,jpg
good,mendeley_good_good (355).jpg,good_1113.jpg,jpg
good,mendeley_good_good (356).jpg,good_1114.jpg,jpg
good,mendeley_good_good (357).jpg,good_1115.jpg,jpg
good,mendeley_good_good (358).jpg,good_1116.jpg,jpg
good,mendeley_good_good (359).jpg,good_1117.jpg,jpg
good,mendeley_good_good (36).jpg,good_1118.jpg,jpg
good,mendeley_good_good (360).jpg,good_1119.jpg,jpg
good,mendeley_good_good (361).jpg,good_1120.jpg,jpg
good,mendeley_good_good (362).jpg,good_1121.jpg,jpg
good,mendeley_good_good (363).jpg,good_1122.jpg,jpg
good,mendeley_good_good (364).jpg,good_1123.jpg,jpg
good,mendeley_good_good (365).jpg,good_1124.jpg,jpg
good,mendeley_good_good (366).jpg,good_1125.jpg,jpg
good,mendeley_good_good (367).jpg,good_1126.jpg,jpg
good,mendeley_good_good (368).jpg,good_1127.jpg,jpg
good,mendeley_good_good (369).jpg,good_1128.jpg,jpg
good,mendeley_good_good (37).jpg,good_1129.jpg,jpg
good,mendeley_good_good (370).jpg,good_1130.jpg,jpg
good,mendeley_good_good (371).jpg,good_1131.jpg,jpg
good,mendeley_good_good (372).jpg,good_1132.jpg,jpg
good,mendeley_good_good (373).jpg,good_1133.jpg,jpg
good,mendeley_good_good (374).jpg,good_1134.jpg,jpg
good,mendeley_good_good (375).jpg,good_1135.jpg,jpg
good,mendeley_good_good (376).jpg,good_1136.jpg,jpg
good,mendeley_good_good (377).jpg,good_1137.jpg,jpg
good,mendeley_good_good (378).jpg,good_1138.jpg,jpg
good,mendeley_good_good (379).jpg,good_1139.jpg,jpg
good,mendeley_good_good (38).jpg,good_1140.jpg,jpg
good,mendeley_good_good (380).jpg,good_1141.jpg,jpg
good,mendeley_good_good (381).jpg,good_1142.jpg,jpg
good,mendeley_good_good (382).jpg,good_1143.jpg,jpg
good,mendeley_good_good (383).jpg,good_1144.jpg,jpg
good,mendeley_good_good (384).jpg,good_1145.jpg,jpg
good,mendeley_good_good (385).jpg,good_1146.jpg,jpg
good,mendeley_good_good (386).jpg,good_1147.jpg,jpg
good,mendeley_good_good (387).jpg,good_1148.jpg,jpg
good,mendeley_good_good (388).jpg,good_1149.jpg,jpg
good,mendeley_good_good (389).jpg,good_1150.jpg,jpg
good,mendeley_good_good (39).jpg,good_1151.jpg,jpg
good,mendeley_good_good (390).jpg,good_1152.jpg,jpg
good,mendeley_good_good (391).jpg,good_1153.jpg,jpg
good,mendeley_good_good (392).jpg,good_1154.jpg,jpg
good,mendeley_good_good (393).jpg,good_1155.jpg,jpg
good,mendeley_good_good (394).jpg,good_1156.jpg,jpg
good,mendeley_good_good (395).jpg,good_1157.jpg,jpg
good,mendeley_good_good (396).jpg,good_1158.jpg,jpg
good,mendeley_good_good (397).jpg,good_1159.jpg,jpg
good,mendeley_good_good (398).jpg,good_1160.jpg,jpg
good,mendeley_good_good (399).jpg,good_1161.jpg,jpg
good,mendeley_good_good (4).jpg,good_1162.jpg,jpg
good,mendeley_good_good (40).jpg,good_1163.jpg,jpg
good,mendeley_good_good (400).jpg,good_1164.jpg,jpg
good,mendeley_good_good (401).jpg,good_1165.jpg,jpg
good,mendeley_good_good (402).jpg,good_1166.jpg,jpg
good,mendeley_good_good (403).jpg,good_1167.jpg,jpg
good,mendeley_good_good (404).jpg,good_1168.jpg,jpg
good,mendeley_good_good (405).jpg,good_1169.jpg,jpg
good,mendeley_good_good (406).jpg,good_1170.jpg,jpg
good,mendeley_good_good (407).jpg,good_1171.jpg,jpg
good,mendeley_good_good (408).jpg,good_1172.jpg,jpg
good,mendeley_good_good (409).jpg,good_1173.jpg,jpg
good,mendeley_good_good (41).jpg,good_1174.jpg,jpg
good,mendeley_good_good (410).jpg,good_1175.jpg,jpg
good,mendeley_good_good (411).jpg,good_1176.jpg,jpg
good,mendeley_good_good (412).jpg,good_1177.jpg,jpg
good,mendeley_good_good (413).jpg,good_1178.jpg,jpg
good,mendeley_good_good (414).jpg,good_1179.jpg,jpg
good,mendeley_good_good (415).jpg,good_1180.jpg,jpg
good,mendeley_good_good (416).jpg,good_1181.jpg,jpg
good,mendeley_good_good (417).jpg,good_1182.jpg,jpg
good,mendeley_good_good (418).jpg,good_1183.jpg,jpg
good,mendeley_good_good (419).jpg,good_1184.jpg,jpg
good,mendeley_good_good (42).jpg,good_1185.jpg,jpg
good,mendeley_good_good (420).jpg,good_1186.jpg,jpg
good,mendeley_good_good (421).jpg,good_1187.jpg,jpg
good,mendeley_good_good (422).jpg,good_1188.jpg,jpg
good,mendeley_good_good (423).jpg,good_1189.jpg,jpg
good,mendeley_good_good (424).jpg,good_1190.jpg,jpg
good,mendeley_good_good (425).jpg,good_1191.jpg,jpg
good,mendeley_good_good (426).jpg,good_1192.jpg,jpg
good,mendeley_good_good (427).jpg,good_1193.jpg,jpg
good,mendeley_good_good (428).jpg,good_1194.jpg,jpg
good,mendeley_good_good (429).jpg,good_1195.jpg,jpg
good,mendeley_good_good (43).jpg,good_1196.jpg,jpg
good,mendeley_good_good (430).jpg,good_1197.jpg,jpg
good,mendeley_good_good (431).jpg,good_1198.jpg,jpg
good,mendeley_good_good (432).jpg,good_1199.jpg,jpg
good,mendeley_good_good (433).jpg,good_1200.jpg,jpg
good,mendeley_good_good (434).jpg,good_1201.jpg,jpg
good,mendeley_good_good (435).jpg,good_1202.jpg,jpg
good,mendeley_good_good (436).jpg,good_1203.jpg,jpg
good,mendeley_good_good (437).jpg,good_1204.jpg,jpg
good,mendeley_good_good (438).jpg,good_1205.jpg,jpg
good,mendeley_good_good (439).jpg,good_1206.jpg,jpg
good,mendeley_good_good (44).jpg,good_1207.jpg,jpg
good,mendeley_good_good (440).jpg,good_1208.jpg,jpg
good,mendeley_good_good (441).jpg,good_1209.jpg,jpg
good,mendeley_good_good (442).jpg,good_1210.jpg,jpg
good,mendeley_good_good (443).jpg,good_1211.jpg,jpg
good,mendeley_good_good (444).jpg,good_1212.jpg,jpg
good,mendeley_good_good (445).jpg,good_1213.jpg,jpg
good,mendeley_good_good (446).jpg,good_1214.jpg,jpg
good,mendeley_good_good (447).jpg,good_1215.jpg,jpg
good,mendeley_good_good (448).jpg,good_1216.jpg,jpg
good,mendeley_good_good (449).jpg,good_1217.jpg,jpg
good,mendeley_good_good (45).jpg,good_1218.jpg,jpg
good,mendeley_good_good (450).jpg,good_1219.jpg,jpg
good,mendeley_good_good (451).jpg,good_1220.jpg,jpg
good,mendeley_good_good (452).jpg,good_1221.jpg,jpg
good,mendeley_good_good (453).jpg,good_1222.jpg,jpg
good,mendeley_good_good (454).jpg,good_1223.jpg,jpg
good,mendeley_good_good (455).jpg,good_1224.jpg,jpg
good,mendeley_good_good (456).jpg,good_1225.jpg,jpg
good,mendeley_good_good (457).jpg,good_1226.jpg,jpg
good,mendeley_good_good (458).jpg,good_1227.jpg,jpg
good,mendeley_good_good (459).jpg,good_1228.jpg,jpg
good,mendeley_good_good (46).jpg,good_1229.jpg,jpg
good,mendeley_good_good (460).jpg,good_1230.jpg,jpg
good,mendeley_good_good (461).jpg,good_1231.jpg,jpg
good,mendeley_good_good (462).jpg,good_1232.jpg,jpg
good,mendeley_good_good (463).jpg,good_1233.jpg,jpg
good,mendeley_good_good (464).jpg,good_1234.jpg,jpg
good,mendeley_good_good (465).jpg,good_1235.jpg,jpg
good,mendeley_good_good (466).jpg,good_1236.jpg,jpg
good,mendeley_good_good (468).jpg,good_1237.jpg,jpg
good,mendeley_good_good (469).jpg,good_1238.jpg,jpg
good,mendeley_good_good (47).jpg,good_1239.jpg,jpg
good,mendeley_good_good (470).jpg,good_1240.jpg,jpg
good,mendeley_good_good (471).jpg,good_1241.jpg,jpg
good,mendeley_good_good (472).jpg,good_1242.jpg,jpg
good,mendeley_good_good (473).jpg,good_1243.jpg,jpg
good,mendeley_good_good (474).jpg,good_1244.jpg,jpg
good,mendeley_good_good (475).jpg,good_1245.jpg,jpg
good,mendeley_good_good (476).jpg,good_1246.jpg,jpg
good,mendeley_good_good (477).jpg,good_1247.jpg,jpg
good,mendeley_good_good (478).jpg,good_1248.jpg,jpg
good,mendeley_good_good (479).jpg,good_1249.jpg,jpg
good,mendeley_good_good (48).jpg,good_1250.jpg,jpg
good,mendeley_good_good (480).jpg,good_1251.jpg,jpg
good,mendeley_good_good (481).jpg,good_1252.jpg,jpg
good,mendeley_good_good (482).jpg,good_1253.jpg,jpg
good,mendeley_good_good (483).jpg,good_1254.jpg,jpg
good,mendeley_good_good (484).jpg,good_1255.jpg,jpg
good,mendeley_good_good (485).jpg,good_1256.jpg,jpg
good,mendeley_good_good (486).jpg,good_1257.jpg,jpg
good,mendeley_good_good (487).jpg,good_1258.jpg,jpg
good,mendeley_good_good (488).jpg,good_1259.jpg,jpg
good,mendeley_good_good (489).jpg,good_1260.jpg,jpg
good,mendeley_good_good (49).jpg,good_1261.jpg,jpg
good,mendeley_good_good (490).jpg,good_1262.jpg,jpg
good,mendeley_good_good (491).jpg,good_1263.jpg,jpg
good,mendeley_good_good (492).jpg,good_1264.jpg,jpg
good,mendeley_good_good (493).jpg,good_1265.jpg,jpg
good,mendeley_good_good (494).jpg,good_1266.jpg,jpg
good,mendeley_good_good (495).jpg,good_1267.jpg,jpg
good,mendeley_good_good (496).jpg,good_1268.jpg,jpg
good,mendeley_good_good (497).jpg,good_1269.jpg,jpg
good,mendeley_good_good (498).jpg,good_1270.jpg,jpg
good,mendeley_good_good (499).jpg,good_1271.jpg,jpg
good,mendeley_good_good (5).jpg,good_1272.jpg,jpg
good,mendeley_good_good (50).jpg,good_1273.jpg,jpg
good,mendeley_good_good (500).jpg,good_1274.jpg,jpg
good,mendeley_good_good (501).jpg,good_1275.jpg,jpg
good,mendeley_good_good (502).jpg,good_1276.jpg,jpg
good,mendeley_good_good (503).jpg,good_1277.jpg,jpg
good,mendeley_good_good (504).jpg,good_1278.jpg,jpg
good,mendeley_good_good (505).jpg,good_1279.jpg,jpg
good,mendeley_good_good (506).jpg,good_1280.jpg,jpg
good,mendeley_good_good (507).jpg,good_1281.jpg,jpg
good,mendeley_good_good (508).jpg,good_1282.jpg,jpg
good,mendeley_good_good (509).jpg,good_1283.jpg,jpg
good,mendeley_good_good (51).jpg,good_1284.jpg,jpg
good,mendeley_good_good (510).jpg,good_1285.jpg,jpg
good,mendeley_good_good (511).jpg,good_1286.jpg,jpg
good,mendeley_good_good (512).jpg,good_1287.jpg,jpg
good,mendeley_good_good (513).jpg,good_1288.jpg,jpg
good,mendeley_good_good (514).jpg,good_1289.jpg,jpg
good,mendeley_good_good (515).jpg,good_1290.jpg,jpg
good,mendeley_good_good (516).jpg,good_1291.jpg,jpg
good,mendeley_good_good (517).jpg,good_1292.jpg,jpg
good,mendeley_good_good (518).jpg,good_1293.jpg,jpg
good,mendeley_good_good (519).jpg,good_1294.jpg,jpg
good,mendeley_good_good (52).jpg,good_1295.jpg,jpg
good,mendeley_good_good (520).jpg,good_1296.jpg,jpg
good,mendeley_good_good (521).jpg,good_1297.jpg,jpg
good,mendeley_good_good (522).jpg,good_1298.jpg,jpg
good,mendeley_good_good (523).jpg,good_1299.jpg,jpg
good,mendeley_good_good (524).jpg,good_1300.jpg,jpg
good,mendeley_good_good (525).jpg,good_1301.jpg,jpg
good,mendeley_good_good (526).jpg,good_1302.jpg,jpg
good,mendeley_good_good (527).jpg,good_1303.jpg,jpg
good,mendeley_good_good (528).jpg,good_1304.jpg,jpg
good,mendeley_good_good (529).jpg,good_1305.jpg,jpg
good,mendeley_good_good (53).jpg,good_1306.jpg,jpg
good,mendeley_good_good (530).jpg,good_1307.jpg,jpg
good,mendeley_good_good (531).jpg,good_1308.jpg,jpg
good,mendeley_good_good (532).jpg,good_1309.jpg,jpg
good,mendeley_good_good (533).jpg,good_1310.jpg,jpg
good,mendeley_good_good (534).jpg,good_1311.jpg,jpg
good,mendeley_good_good (535).jpg,good_1312.jpg,jpg
good,mendeley_good_good (536).jpg,good_1313.jpg,jpg
good,mendeley_good_good (537).jpg,good_1314.jpg,jpg
good,mendeley_good_good (538).jpg,good_1315.jpg,jpg
good,mendeley_good_good (539).jpg,good_1316.jpg,jpg
good,mendeley_good_good (54).jpg,good_1317.jpg,jpg
good,mendeley_good_good (540).jpg,good_1318.jpg,jpg
good,mendeley_good_good (541).jpg,good_1319.jpg,jpg
good,mendeley_good_good (542).jpg,good_1320.jpg,jpg
good,mendeley_good_good (543).jpg,good_1321.jpg,jpg
good,mendeley_good_good (544).jpg,good_1322.jpg,jpg
good,mendeley_good_good (545).jpg,good_1323.jpg,jpg
good,mendeley_good_good (546).jpg,good_1324.jpg,jpg
good,mendeley_good_good (547).jpg,good_1325.jpg,jpg
good,mendeley_good_good (548).jpg,good_1326.jpg,jpg
good,mendeley_good_good (549).jpg,good_1327.jpg,jpg
good,mendeley_good_good (55).jpg,good_1328.jpg,jpg
good,mendeley_good_good (550).jpg,good_1329.jpg,jpg
good,mendeley_good_good (551).jpg,good_1330.jpg,jpg
good,mendeley_good_good (552).jpg,good_1331.jpg,jpg
good,mendeley_good_good (553).jpg,good_1332.jpg,jpg
good,mendeley_good_good (554).jpg,good_1333.jpg,jpg
good,mendeley_good_good (555).jpg,good_1334.jpg,jpg
good,mendeley_good_good (556).jpg,good_1335.jpg,jpg
good,mendeley_good_good (557).jpg,good_1336.jpg,jpg
good,mendeley_good_good (558).jpg,good_1337.jpg,jpg
good,mendeley_good_good (559).jpg,good_1338.jpg,jpg
good,mendeley_good_good (56).jpg,good_1339.jpg,jpg
good,mendeley_good_good (560).jpg,good_1340.jpg,jpg
good,mendeley_good_good (561).jpg,good_1341.jpg,jpg
good,mendeley_good_good (562).jpg,good_1342.jpg,jpg
good,mendeley_good_good (563).jpg,good_1343.jpg,jpg
good,mendeley_good_good (564).jpg,good_1344.jpg,jpg
good,mendeley_good_good (565).jpg,good_1345.jpg,jpg
good,mendeley_good_good (566).jpg,good_1346.jpg,jpg
good,mendeley_good_good (567).jpg,good_1347.jpg,jpg
good,mendeley_good_good (568).jpg,good_1348.jpg,jpg
good,mendeley_good_good (569).jpg,good_1349.jpg,jpg
good,mendeley_good_good (57).jpg,good_1350.jpg,jpg
good,mendeley_good_good (570).jpg,good_1351.jpg,jpg
good,mendeley_good_good (571).jpg,good_1352.jpg,jpg
good,mendeley_good_good (572).jpg,good_1353.jpg,jpg
good,mendeley_good_good (573).jpg,good_1354.jpg,jpg
good,mendeley_good_good (574).jpg,good_1355.jpg,jpg
good,mendeley_good_good (575).jpg,good_1356.jpg,jpg
good,mendeley_good_good (576).jpg,good_1357.jpg,jpg
good,mendeley_good_good (577).jpg,good_1358.jpg,jpg
good,mendeley_good_good (578).jpg,good_1359.jpg,jpg
good,mendeley_good_good (579).jpg,good_1360.jpg,jpg
good,mendeley_good_good (58).jpg,good_1361.jpg,jpg
good,mendeley_good_good (580).jpg,good_1362.jpg,jpg
good,mendeley_good_good (581).jpg,good_1363.jpg,jpg
good,mendeley_good_good (582).jpg,good_1364.jpg,jpg
good,mendeley_good_good (583).jpg,good_1365.jpg,jpg
good,mendeley_good_good (584).jpg,good_1366.jpg,jpg
good,mendeley_good_good (585).jpg,good_1367.jpg,jpg
good,mendeley_good_good (586).jpg,good_1368.jpg,jpg
good,mendeley_good_good (587).jpg,good_1369.jpg,jpg
good,mendeley_good_good (588).jpg,good_1370.jpg,jpg
good,mendeley_good_good (589).jpg,good_1371.jpg,jpg
good,mendeley_good_good (59).jpg,good_1372.jpg,jpg
good,mendeley_good_good (590).jpg,good_1373.jpg,jpg
good,mendeley_good_good (591).jpg,good_1374.jpg,jpg
good,mendeley_good_good (592).jpg,good_1375.jpg,jpg
good,mendeley_good_good (593).jpg,good_1376.jpg,jpg
good,mendeley_good_good (594).jpg,good_1377.jpg,jpg
good,mendeley_good_good (595).jpg,good_1378.jpg,jpg
good,mendeley_good_good (596).jpg,good_1379.jpg,jpg
good,mendeley_good_good (597).jpg,good_1380.jpg,jpg
good,mendeley_good_good (598).jpg,good_1381.jpg,jpg
good,mendeley_good_good (599).jpg,good_1382.jpg,jpg
good,mendeley_good_good (6).jpg,good_1383.jpg,jpg
good,mendeley_good_good (60).jpg,good_1384.jpg,jpg
good,mendeley_good_good (600).jpg,good_1385.jpg,jpg
good,mendeley_good_good (601).jpg,good_1386.jpg,jpg
good,mendeley_good_good (602).jpg,good_1387.jpg,jpg
good,mendeley_good_good (603).jpg,good_1388.jpg,jpg
good,mendeley_good_good (604).jpg,good_1389.jpg,jpg
good,mendeley_good_good (605).jpg,good_1390.jpg,jpg
good,mendeley_good_good (606).jpg,good_1391.jpg,jpg
good,mendeley_good_good (607).jpg,good_1392.jpg,jpg
good,mendeley_good_good (608).jpg,good_1393.jpg,jpg
good,mendeley_good_good (609).jpg,good_1394.jpg,jpg
good,mendeley_good_good (61).jpg,good_1395.jpg,jpg
good,mendeley_good_good (610).jpg,good_1396.jpg,jpg
good,mendeley_good_good (611).jpg,good_1397.jpg,jpg
good,mendeley_good_good (612).jpg,good_1398.jpg,jpg
good,mendeley_good_good (613).jpg,good_1399.jpg,jpg
good,mendeley_good_good (614).jpg,good_1400.jpg,jpg
good,mendeley_good_good (615).jpg,good_1401.jpg,jpg
good,mendeley_good_good (616).jpg,good_1402.jpg,jpg
good,mendeley_good_good (617).jpg,good_1403.jpg,jpg
good,mendeley_good_good (618).jpg,good_1404.jpg,jpg
good,mendeley_good_good (62).jpg,good_1405.jpg,jpg
good,mendeley_good_good (620).jpg,good_1406.jpg,jpg
good,mendeley_good_good (621).jpg,good_1407.jpg,jpg
good,mendeley_good_good (622).jpg,good_1408.jpg,jpg
good,mendeley_good_good (623).jpg,good_1409.jpg,jpg
good,mendeley_good_good (624).jpg,good_1410.jpg,jpg
good,mendeley_good_good (625).jpg,good_1411.jpg,jpg
good,mendeley_good_good (626).jpg,good_1412.jpg,jpg
good,mendeley_good_good (627).jpg,good_1413.jpg,jpg
good,mendeley_good_good (628).jpg,good_1414.jpg,jpg
good,mendeley_good_good (629).jpg,good_1415.jpg,jpg
good,mendeley_good_good (63).jpg,good_1416.jpg,jpg
good,mendeley_good_good (630).jpg,good_1417.jpg,jpg
good,mendeley_good_good (631).jpg,good_1418.jpg,jpg
good,mendeley_good_good (632).jpg,good_1419.jpg,jpg
good,mendeley_good_good (633).jpg,good_1420.jpg,jpg
good,mendeley_good_good (634).jpg,good_1421.jpg,jpg
good,mendeley_good_good (635).jpg,good_1422.jpg,jpg
good,mendeley_good_good (636).jpg,good_1423.jpg,jpg
good,mendeley_good_good (637).jpg,good_1424.jpg,jpg
good,mendeley_good_good (638).jpg,good_1425.jpg,jpg
good,mendeley_good_good (639).jpg,good_1426.jpg,jpg
good,mendeley_good_good (64).jpg,good_1427.jpg,jpg
good,mendeley_good_good (640).jpg,good_1428.jpg,jpg
good,mendeley_good_good (641).jpg,good_1429.jpg,jpg
good,mendeley_good_good (642).jpg,good_1430.jpg,jpg
good,mendeley_good_good (643).jpg,good_1431.jpg,jpg
good,mendeley_good_good (644).jpg,good_1432.jpg,jpg
good,mendeley_good_good (645).jpg,good_1433.jpg,jpg
good,mendeley_good_good (646).jpg,good_1434.jpg,jpg
good,mendeley_good_good (647).jpg,good_1435.jpg,jpg
good,mendeley_good_good (648).jpg,good_1436.jpg,jpg
good,mendeley_good_good (649).jpg,good_1437.jpg,jpg
good,mendeley_good_good (65).jpg,good_1438.jpg,jpg
good,mendeley_good_good (650).jpg,good_1439.jpg,jpg
good,mendeley_good_good (651).jpg,good_1440.jpg,jpg
good,mendeley_good_good (652).jpg,good_1441.jpg,jpg
good,mendeley_good_good (653).jpg,good_1442.jpg,jpg
good,mendeley_good_good (654).jpg,good_1443.jpg,jpg
good,mendeley_good_good (655).jpg,good_1444.jpg,jpg
good,mendeley_good_good (656).jpg,good_1445.jpg,jpg
good,mendeley_good_good (657).jpg,good_1446.jpg,jpg
good,mendeley_good_good (658).jpg,good_1447.jpg,jpg
good,mendeley_good_good (659).jpg,good_1448.jpg,jpg
good,mendeley_good_good (66).jpg,good_1449.jpg,jpg
good,mendeley_good_good (660).jpg,good_1450.jpg,jpg
good,mendeley_good_good (661).jpg,good_1451.jpg,jpg
good,mendeley_good_good (662).jpg,good_1452.jpg,jpg
good,mendeley_good_good (663).jpg,good_1453.jpg,jpg
good,mendeley_good_good (664).jpg,good_1454.jpg,jpg
good,mendeley_good_good (665).jpg,good_1455.jpg,jpg
good,mendeley_good_good (666).jpg,good_1456.jpg,jpg
good,mendeley_good_good (667).jpg,good_1457.jpg,jpg
good,mendeley_good_good (668).jpg,good_1458.jpg,jpg
good,mendeley_good_good (669).jpg,good_1459.jpg,jpg
good,mendeley_good_good (67).jpg,good_1460.jpg,jpg
good,mendeley_good_good (670).jpg,good_1461.jpg,jpg
good,mendeley_good_good (671).jpg,good_1462.jpg,jpg
good,mendeley_good_good (672).jpg,good_1463.jpg,jpg
good,mendeley_good_good (673).jpg,good_1464.jpg,jpg
good,mendeley_good_good (674).jpg,good_1465.jpg,jpg
good,mendeley_good_good (675).jpg,good_1466.jpg,jpg
good,mendeley_good_good (676).jpg,good_1467.jpg,jpg
good,mendeley_good_good (677).jpg,good_1468.jpg,jpg
good,mendeley_good_good (678).jpg,good_1469.jpg,jpg
good,mendeley_good_good (679).jpg,good_1470.jpg,jpg
good,mendeley_good_good (68).jpg,good_1471.jpg,jpg
good,mendeley_good_good (680).jpg,good_1472.jpg,jpg
good,mendeley_good_good (681).jpg,good_1473.jpg,jpg
good,mendeley_good_good (682).jpg,good_1474.jpg,jpg
good,mendeley_good_good (683).jpg,good_1475.jpg,jpg
good,mendeley_good_good (684).jpg,good_1476.jpg,jpg
good,mendeley_good_good (685).jpg,good_1477.jpg,jpg
good,mendeley_good_good (686).jpg,good_1478.jpg,jpg
good,mendeley_good_good (687).jpg,good_1479.jpg,jpg
good,mendeley_good_good (688).jpg,good_1480.jpg,jpg
good,mendeley_good_good (689).jpg,good_1481.jpg,jpg
good,mendeley_good_good (69).jpg,good_1482.jpg,jpg
good,mendeley_good_good (690).jpg,good_1483.jpg,jpg
good,mendeley_good_good (691).jpg,good_1484.jpg,jpg
good,mendeley_good_good (692).jpg,good_1485.jpg,jpg
good,mendeley_good_good (693).jpg,good_1486.jpg,jpg
good,mendeley_good_good (694).jpg,good_1487.jpg,jpg
good,mendeley_good_good (695).jpg,good_1488.jpg,jpg
good,mendeley_good_good (696).jpg,good_1489.jpg,jpg
good,mendeley_good_good (697).jpg,good_1490.jpg,jpg
good,mendeley_good_good (698).jpg,good_1491.jpg,jpg
good,mendeley_good_good (699).jpg,good_1492.jpg,jpg
good,mendeley_good_good (7).jpg,good_1493.jpg,jpg
good,mendeley_good_good (70).jpg,good_1494.jpg,jpg
good,mendeley_good_good (700).jpg,good_1495.jpg,jpg
good,mendeley_good_good (701).jpg,good_1496.jpg,jpg
good,mendeley_good_good (702).jpg,good_1497.jpg,jpg
good,mendeley_good_good (703).jpg,good_1498.jpg,jpg
good,mendeley_good_good (704).jpg,good_1499.jpg,jpg
good,mendeley_good_good (705).jpg,good_1500.jpg,jpg
good,mendeley_good_good (706).jpg,good_1501.jpg,jpg
good,mendeley_good_good (707).jpg,good_1502.jpg,jpg
good,mendeley_good_good (708).jpg,good_1503.jpg,jpg
good,mendeley_good_good (709).jpg,good_1504.jpg,jpg
good,mendeley_good_good (71).jpg,good_1505.jpg,jpg
good,mendeley_good_good (710).jpg,good_1506.jpg,jpg
good,mendeley_good_good (711).jpg,good_1507.jpg,jpg
good,mendeley_good_good (712).jpg,good_1508.jpg,jpg
good,mendeley_good_good (713).jpg,good_1509.jpg,jpg
good,mendeley_good_good (714).jpg,good_1510.jpg,jpg
good,mendeley_good_good (715).jpg,good_1511.jpg,jpg
good,mendeley_good_good (716).jpg,good_1512.jpg,jpg
good,mendeley_good_good (717).jpg,good_1513.jpg,jpg
good,mendeley_good_good (718).jpg,good_1514.jpg,jpg
good,mendeley_good_good (719).jpg,good_1515.jpg,jpg
good,mendeley_good_good (72).jpg,good_1516.jpg,jpg
good,mendeley_good_good (720).jpg,good_1517.jpg,jpg
good,mendeley_good_good (721).jpg,good_1518.jpg,jpg
good,mendeley_good_good (722).jpg,good_1519.jpg,jpg
good,mendeley_good_good (723).jpg,good_1520.jpg,jpg
good,mendeley_good_good (724).jpg,good_1521.jpg,jpg
good,mendeley_good_good (725).jpg,good_1522.jpg,jpg
good,mendeley_good_good (726).jpg,good_1523.jpg,jpg
good,mendeley_good_good (727).jpg,good_1524.jpg,jpg
good,mendeley_good_good (728).jpg,good_1525.jpg,jpg
good,mendeley_good_good (729).jpg,good_1526.jpg,jpg
good,mendeley_good_good (73).jpg,good_1527.jpg,jpg
good,mendeley_good_good (730).jpg,good_1528.jpg,jpg
good,mendeley_good_good (731).jpg,good_1529.jpg,jpg
good,mendeley_good_good (732).jpg,good_1530.jpg,jpg
good,mendeley_good_good (733).jpg,good_1531.jpg,jpg
good,mendeley_good_good (734).jpg,good_1532.jpg,jpg
good,mendeley_good_good (735).jpg,good_1533.jpg,jpg
good,mendeley_good_good (736).jpg,good_1534.jpg,jpg
good,mendeley_good_good (737).jpg,good_1535.jpg,jpg
good,mendeley_good_good (738).jpg,good_1536.jpg,jpg
good,mendeley_good_good (739).jpg,good_1537.jpg,jpg
good,mendeley_good_good (74).jpg,good_1538.jpg,jpg
good,mendeley_good_good (740).jpg,good_1539.jpg,jpg
good,mendeley_good_good (741).jpg,good_1540.jpg,jpg
good,mendeley_good_good (742).jpg,good_1541.jpg,jpg
good,mendeley_good_good (743).jpg,good_1542.jpg,jpg
good,mendeley_good_good (744).jpg,good_1543.jpg,jpg
good,mendeley_good_good (745).jpg,good_1544.jpg,jpg
good,mendeley_good_good (746).jpg,good_1545.jpg,jpg
good,mendeley_good_good (747).jpg,good_1546.jpg,jpg
good,mendeley_good_good (748).jpg,good_1547.jpg,jpg
good,mendeley_good_good (749).jpg,good_1548.jpg,jpg
good,mendeley_good_good (75).jpg,good_1549.jpg,jpg
good,mendeley_good_good (750).jpg,good_1550.jpg,jpg
good,mendeley_good_good (751).jpg,good_1551.jpg,jpg
good,mendeley_good_good (752).jpg,good_1552.jpg,jpg
good,mendeley_good_good (753).jpg,good_1553.jpg,jpg
good,mendeley_good_good (754).jpg,good_1554.jpg,jpg
good,mendeley_good_good (755).jpg,good_1555.jpg,jpg
good,mendeley_good_good (756).jpg,good_1556.jpg,jpg
good,mendeley_good_good (757).jpg,good_1557.jpg,jpg
good,mendeley_good_good (758).jpg,good_1558.jpg,jpg
good,mendeley_good_good (759).jpg,good_1559.jpg,jpg
good,mendeley_good_good (76).jpg,good_1560.jpg,jpg
good,mendeley_good_good (760).jpg,good_1561.jpg,jpg
good,mendeley_good_good (761).jpg,good_1562.jpg,jpg
good,mendeley_good_good (762).jpg,good_1563.jpg,jpg
good,mendeley_good_good (763).jpg,good_1564.jpg,jpg
good,mendeley_good_good (764).jpg,good_1565.jpg,jpg
good,mendeley_good_good (765).jpg,good_1566.jpg,jpg
good,mendeley_good_good (766).jpg,good_1567.jpg,jpg
good,mendeley_good_good (767).jpg,good_1568.jpg,jpg
good,mendeley_good_good (768).jpg,good_1569.jpg,jpg
good,mendeley_good_good (769).jpg,good_1570.jpg,jpg
good,mendeley_good_good (77).jpg,good_1571.jpg,jpg
good,mendeley_good_good (770).jpg,good_1572.jpg,jpg
good,mendeley_good_good (771).jpg,good_1573.jpg,jpg
good,mendeley_good_good (772).jpg,good_1574.jpg,jpg
good,mendeley_good_good (773).jpg,good_1575.jpg,jpg
good,mendeley_good_good (774).jpg,good_1576.jpg,jpg
good,mendeley_good_good (775).jpg,good_1577.jpg,jpg
good,mendeley_good_good (776).jpg,good_1578.jpg,jpg
good,mendeley_good_good (777).jpg,good_1579.jpg,jpg
good,mendeley_good_good (778).jpg,good_1580.jpg,jpg
good,mendeley_good_good (779).jpg,good_1581.jpg,jpg
good,mendeley_good_good (78).jpg,good_1582.jpg,jpg
good,mendeley_good_good (780).jpg,good_1583.jpg,jpg
good,mendeley_good_good (781).jpg,good_1584.jpg,jpg
good,mendeley_good_good (782).jpg,good_1585.jpg,jpg
good,mendeley_good_good (783).jpg,good_1586.jpg,jpg
good,mendeley_good_good (784).jpg,good_1587.jpg,jpg
good,mendeley_good_good (785).jpg,good_1588.jpg,jpg
good,mendeley_good_good (786).jpg,good_1589.jpg,jpg
good,mendeley_good_good (787).jpg,good_1590.jpg,jpg
good,mendeley_good_good (788).jpg,good_1591.jpg,jpg
good,mendeley_good_good (789).jpg,good_1592.jpg,jpg
good,mendeley_good_good (79).jpg,good_1593.jpg,jpg
good,mendeley_good_good (790).jpg,good_1594.jpg,jpg
good,mendeley_good_good (791).jpg,good_1595.jpg,jpg
good,mendeley_good_good (792).jpg,good_1596.jpg,jpg
good,mendeley_good_good (793).jpg,good_1597.jpg,jpg
good,mendeley_good_good (794).jpg,good_1598.jpg,jpg
good,mendeley_good_good (795).jpg,good_1599.jpg,jpg
good,mendeley_good_good (796).jpg,good_1600.jpg,jpg
good,mendeley_good_good (797).jpg,good_1601.jpg,jpg
good,mendeley_good_good (798).jpg,good_1602.jpg,jpg
good,mendeley_good_good (799).jpg,good_1603.jpg,jpg
good,mendeley_good_good (8).jpg,good_1604.jpg,jpg
good,mendeley_good_good (80).jpg,good_1605.jpg,jpg
good,mendeley_good_good (800).jpg,good_1606.jpg,jpg
good,mendeley_good_good (801).jpg,good_1607.jpg,jpg
good,mendeley_good_good (802).jpg,good_1608.jpg,jpg
good,mendeley_good_good (803).jpg,good_1609.jpg,jpg
good,mendeley_good_good (804).jpg,good_1610.jpg,jpg
good,mendeley_good_good (805).jpg,good_1611.jpg,jpg
good,mendeley_good_good (806).jpg,good_1612.jpg,jpg
good,mendeley_good_good (807).jpg,good_1613.jpg,jpg
good,mendeley_good_good (808).jpg,good_1614.jpg,jpg
good,mendeley_good_good (809).jpg,good_1615.jpg,jpg
good,mendeley_good_good (81).jpg,good_1616.jpg,jpg
good,mendeley_good_good (810).jpg,good_1617.jpg,jpg
good,mendeley_good_good (811).jpg,good_1618.jpg,jpg
good,mendeley_good_good (812).jpg,good_1619.jpg,jpg
good,mendeley_good_good (813).jpg,good_1620.jpg,jpg
good,mendeley_good_good (814).jpg,good_1621.jpg,jpg
good,mendeley_good_good (815).jpg,good_1622.jpg,jpg
good,mendeley_good_good (816).jpg,good_1623.jpg,jpg
good,mendeley_good_good (817).jpg,good_1624.jpg,jpg
good,mendeley_good_good (818).jpg,good_1625.jpg,jpg
good,mendeley_good_good (819).jpg,good_1626.jpg,jpg
good,mendeley_good_good (82).jpg,good_1627.jpg,jpg
good,mendeley_good_good (820).jpg,good_1628.jpg,jpg
good,mendeley_good_good (821).jpg,good_1629.jpg,jpg
good,mendeley_good_good (822).jpg,good_1630.jpg,jpg
good,mendeley_good_good (823).jpg,good_1631.jpg,jpg
good,mendeley_good_good (824).jpg,good_1632.jpg,jpg
good,mendeley_good_good (825).jpg,good_1633.jpg,jpg
good,mendeley_good_good (826).jpg,good_1634.jpg,jpg
good,mendeley_good_good (827).jpg,good_1635.jpg,jpg
good,mendeley_good_good (828).jpg,good_1636.jpg,jpg
good,mendeley_good_good (829).jpg,good_1637.jpg,jpg
good,mendeley_good_good (83).jpg,good_1638.jpg,jpg
good,mendeley_good_good (830).jpg,good_1639.jpg,jpg
good,mendeley_good_good (831).jpg,good_1640.jpg,jpg
good,mendeley_good_good (832).jpg,good_1641.jpg,jpg
good,mendeley_good_good (84).jpg,good_1642.jpg,jpg
good,mendeley_good_good (85).jpg,good_1643.jpg,jpg
good,mendeley_good_good (86).jpg,good_1644.jpg,jpg
good,mendeley_good_good (87).jpg,good_1645.jpg,jpg
good,mendeley_good_good (88).jpg,good_1646.jpg,jpg
good,mendeley_good_good (89).jpg,good_1647.jpg,jpg
good,mendeley_good_good (9).jpg,good_1648.jpg,jpg
good,mendeley_good_good (90).jpg,good_1649.jpg,jpg
good,mendeley_good_good (91).jpg,good_1650.jpg,jpg
good,mendeley_good_good (92).jpg,good_1651.jpg,jpg
good,mendeley_good_good (93).jpg,good_1652.jpg,jpg
good,mendeley_good_good (94).jpg,good_1653.jpg,jpg
good,mendeley_good_good (95).jpg,good_1654.jpg,jpg
good,mendeley_good_good (96).jpg,good_1655.jpg,jpg
good,mendeley_good_good (97).jpg,good_1656.jpg,jpg
good,mendeley_good_good (98).jpg,good_1657.jpg,jpg
good,mendeley_good_good (99).jpg,good_1658.jpg,jpg
bad,kaggle_bad_Defective (1).jpg,bad_1.jpg,jpg
bad,kaggle_bad_Defective (10).jpg,bad_2.jpg,jpg
bad,kaggle_bad_Defective (100).jpg,bad_3.jpg,jpg
bad,kaggle_bad_Defective (1000).jpg,bad_4.jpg,jpg
bad,kaggle_bad_Defective (1001).jpg,bad_5.jpg,jpg
bad,kaggle_bad_Defective (1002).jpg,bad_6.jpg,jpg
bad,kaggle_bad_Defective (1003).jpg,bad_7.jpg,jpg
bad,kaggle_bad_Defective (1004).jpg,bad_8.jpg,jpg
bad,kaggle_bad_Defective (1005).jpg,bad_9.jpg,jpg
bad,kaggle_bad_Defective (1006).jpg,bad_10.jpg,jpg
bad,kaggle_bad_Defective (1007).jpg,bad_11.jpg,jpg
bad,kaggle_bad_Defective (1008).jpg,bad_12.jpg,jpg
bad,kaggle_bad_Defective (1009).jpg,bad_13.jpg,jpg
bad,kaggle_bad_Defective (101).jpg,bad_14.jpg,jpg
bad,kaggle_bad_Defective (1010).jpg,bad_15.jpg,jpg
bad,kaggle_bad_Defective (1011).jpg,bad_16.jpg,jpg
bad,kaggle_bad_Defective (1012).jpg,bad_17.jpg,jpg
bad,kaggle_bad_Defective (1013).jpg,bad_18.jpg,jpg
bad,kaggle_bad_Defective (1014).jpg,bad_19.jpg,jpg
bad,kaggle_bad_Defective (1015).jpg,bad_20.jpg,jpg
bad,kaggle_bad_Defective (1016).jpg,bad_21.jpg,jpg
bad,kaggle_bad_Defective (1017).jpg,bad_22.jpg,jpg
bad,kaggle_bad_Defective (1018).jpg,bad_23.jpg,jpg
bad,kaggle_bad_Defective (1019).jpg,bad_24.jpg,jpg
bad,kaggle_bad_Defective (102).jpg,bad_25.jpg,jpg
bad,kaggle_bad_Defective (1020).jpg,bad_26.jpg,jpg
bad,kaggle_bad_Defective (1021).jpg,bad_27.jpg,jpg
bad,kaggle_bad_Defective (1022).jpg,bad_28.jpg,jpg
bad,kaggle_bad_Defective (1023).jpg,bad_29.jpg,jpg
bad,kaggle_bad_Defective (1024).jpg,bad_30.jpg,jpg
bad,kaggle_bad_Defective (1025).jpg,bad_31.jpg,jpg
bad,kaggle_bad_Defective (1026).jpg,bad_32.jpg,jpg
bad,kaggle_bad_Defective (1027).jpg,bad_33.jpg,jpg
bad,kaggle_bad_Defective (1028).jpg,bad_34.jpg,jpg
bad,kaggle_bad_Defective (103).jpg,bad_35.jpg,jpg
bad,kaggle_bad_Defective (104).jpg,bad_36.jpg,jpg
bad,kaggle_bad_Defective (105).jpg,bad_37.jpg,jpg
bad,kaggle_bad_Defective (106).jpg,bad_38.jpg,jpg
bad,kaggle_bad_Defective (107).jpg,bad_39.jpg,jpg
bad,kaggle_bad_Defective (108).jpg,bad_40.jpg,jpg
bad,kaggle_bad_Defective (109).jpg,bad_41.jpg,jpg
bad,kaggle_bad_Defective (11).jpg,bad_42.jpg,jpg
bad,kaggle_bad_Defective (110).jpg,bad_43.jpg,jpg
bad,kaggle_bad_Defective (111).jpg,bad_44.jpg,jpg
bad,kaggle_bad_Defective (112).jpg,bad_45.jpg,jpg
bad,kaggle_bad_Defective (113).jpg,bad_46.jpg,jpg
bad,kaggle_bad_Defective (114).jpg,bad_47.jpg,jpg
bad,kaggle_bad_Defective (115).jpg,bad_48.jpg,jpg
bad,kaggle_bad_Defective (116).jpg,bad_49.jpg,jpg
bad,kaggle_bad_Defective (117).jpg,bad_50.jpg,jpg
bad,kaggle_bad_Defective (118).jpg,bad_51.jpg,jpg
bad,kaggle_bad_Defective (119).jpg,bad_52.jpg,jpg
bad,kaggle_bad_Defective (12).jpg,bad_53.jpg,jpg
bad,kaggle_bad_Defective (120).jpg,bad_54.jpg,jpg
bad,kaggle_bad_Defective (121).jpg,bad_55.jpg,jpg
bad,kaggle_bad_Defective (122).jpg,bad_56.jpg,jpg
bad,kaggle_bad_Defective (123).jpg,bad_57.jpg,jpg
bad,kaggle_bad_Defective (124).jpg,bad_58.jpg,jpg
bad,kaggle_bad_Defective (125).jpg,bad_59.jpg,jpg
bad,kaggle_bad_Defective (126).jpg,bad_60.jpg,jpg
bad,kaggle_bad_Defective (127).jpg,bad_61.jpg,jpg
bad,kaggle_bad_Defective (128).jpg,bad_62.jpg,jpg
bad,kaggle_bad_Defective (129).jpg,bad_63.jpg,jpg
bad,kaggle_bad_Defective (13).jpg,bad_64.jpg,jpg
bad,kaggle_bad_Defective (130).jpg,bad_65.jpg,jpg
bad,kaggle_bad_Defective (131).jpg,bad_66.jpg,jpg
bad,kaggle_bad_Defective (132).jpg,bad_67.jpg,jpg
bad,kaggle_bad_Defective (133).jpg,bad_68.jpg,jpg
bad,kaggle_bad_Defective (134).jpg,bad_69.jpg,jpg
bad,kaggle_bad_Defective (135).jpg,bad_70.jpg,jpg
bad,kaggle_bad_Defective (136).jpg,bad_71.jpg,jpg
bad,kaggle_bad_Defective (137).jpg,bad_72.jpg,jpg
bad,kaggle_bad_Defective (138).jpg,bad_73.jpg,jpg
bad,kaggle_bad_Defective (139).jpg,bad_74.jpg,jpg
bad,kaggle_bad_Defective (14).jpg,bad_75.jpg,jpg
bad,kaggle_bad_Defective (140).jpg,bad_76.jpg,jpg
bad,kaggle_bad_Defective (141).jpg,bad_77.jpg,jpg
bad,kaggle_bad_Defective (142).jpg,bad_78.jpg,jpg
bad,kaggle_bad_Defective (143).jpg,bad_79.jpg,jpg
bad,kaggle_bad_Defective (144).jpg,bad_80.jpg,jpg
bad,kaggle_bad_Defective (145).jpg,bad_81.jpg,jpg
bad,kaggle_bad_Defective (146).jpg,bad_82.jpg,jpg
bad,kaggle_bad_Defective (147).jpg,bad_83.jpg,jpg
bad,kaggle_bad_Defective (148).jpg,bad_84.jpg,jpg
bad,kaggle_bad_Defective (149).jpg,bad_85.jpg,jpg
bad,kaggle_bad_Defective (15).jpg,bad_86.jpg,jpg
bad,kaggle_bad_Defective (150).jpg,bad_87.jpg,jpg
bad,kaggle_bad_Defective (151).jpg,bad_88.jpg,jpg
bad,kaggle_bad_Defective (152).jpg,bad_89.jpg,jpg
bad,kaggle_bad_Defective (153).jpg,bad_90.jpg,jpg
bad,kaggle_bad_Defective (154).jpg,bad_91.jpg,jpg
bad,kaggle_bad_Defective (155).jpg,bad_92.jpg,jpg
bad,kaggle_bad_Defective (156).jpg,bad_93.jpg,jpg
bad,kaggle_bad_Defective (157).jpg,bad_94.jpg,jpg
bad,kaggle_bad_Defective (158).jpg,bad_95.jpg,jpg
bad,kaggle_bad_Defective (159).jpg,bad_96.jpg,jpg
bad,kaggle_bad_Defective (16).jpg,bad_97.jpg,jpg
bad,kaggle_bad_Defective (160).jpg,bad_98.jpg,jpg
bad,kaggle_bad_Defective (161).jpg,bad_99.jpg,jpg
bad,kaggle_bad_Defective (162).jpg,bad_100.jpg,jpg
bad,kaggle_bad_Defective (163).jpg,bad_101.jpg,jpg
bad,kaggle_bad_Defective (164).jpg,bad_102.jpg,jpg
bad,kaggle_bad_Defective (165).jpg,bad_103.jpg,jpg
bad,kaggle_bad_Defective (166).jpg,bad_104.jpg,jpg
bad,kaggle_bad_Defective (167).jpg,bad_105.jpg,jpg
bad,kaggle_bad_Defective (168).jpg,bad_106.jpg,jpg
bad,kaggle_bad_Defective (169).jpg,bad_107.jpg,jpg
bad,kaggle_bad_Defective (17).jpg,bad_108.jpg,jpg
bad,kaggle_bad_Defective (170).jpg,bad_109.jpg,jpg
bad,kaggle_bad_Defective (171).jpg,bad_110.jpg,jpg
bad,kaggle_bad_Defective (172).jpg,bad_111.jpg,jpg
bad,kaggle_bad_Defective (173).jpg,bad_112.jpg,jpg
bad,kaggle_bad_Defective (174).jpg,bad_113.jpg,jpg
bad,kaggle_bad_Defective (175).jpg,bad_114.jpg,jpg
bad,kaggle_bad_Defective (176).jpg,bad_115.jpg,jpg
bad,kaggle_bad_Defective (177).jpg,bad_116.jpg,jpg
bad,kaggle_bad_Defective (178).jpg,bad_117.jpg,jpg
bad,kaggle_bad_Defective (179).jpg,bad_118.jpg,jpg
bad,kaggle_bad_Defective (18).jpg,bad_119.jpg,jpg
bad,kaggle_bad_Defective (180).jpg,bad_120.jpg,jpg
bad,kaggle_bad_Defective (181).jpg,bad_121.jpg,jpg
bad,kaggle_bad_Defective (182).jpg,bad_122.jpg,jpg
bad,kaggle_bad_Defective (183).jpg,bad_123.jpg,jpg
bad,kaggle_bad_Defective (184).jpg,bad_124.jpg,jpg
bad,kaggle_bad_Defective (185).jpg,bad_125.jpg,jpg
bad,kaggle_bad_Defective (186).jpg,bad_126.jpg,jpg
bad,kaggle_bad_Defective (187).jpg,bad_127.jpg,jpg
bad,kaggle_bad_Defective (188).jpg,bad_128.jpg,jpg
bad,kaggle_bad_Defective (189).jpg,bad_129.jpg,jpg
bad,kaggle_bad_Defective (19).jpg,bad_130.jpg,jpg
bad,kaggle_bad_Defective (190).jpg,bad_131.jpg,jpg
bad,kaggle_bad_Defective (191).jpg,bad_132.jpg,jpg
bad,kaggle_bad_Defective (192).jpg,bad_133.jpg,jpg
bad,kaggle_bad_Defective (193).jpg,bad_134.jpg,jpg
bad,kaggle_bad_Defective (194).jpg,bad_135.jpg,jpg
bad,kaggle_bad_Defective (195).jpg,bad_136.jpg,jpg
bad,kaggle_bad_Defective (196).jpg,bad_137.jpg,jpg
bad,kaggle_bad_Defective (197).jpg,bad_138.jpg,jpg
bad,kaggle_bad_Defective (198).jpg,bad_139.jpg,jpg
bad,kaggle_bad_Defective (199).jpg,bad_140.jpg,jpg
bad,kaggle_bad_Defective (2).jpg,bad_141.jpg,jpg
bad,kaggle_bad_Defective (20).jpg,bad_142.jpg,jpg
bad,kaggle_bad_Defective (200).jpg,bad_143.jpg,jpg
bad,kaggle_bad_Defective (201).jpg,bad_144.jpg,jpg
bad,kaggle_bad_Defective (202).jpg,bad_145.jpg,jpg
bad,kaggle_bad_Defective (203).jpg,bad_146.jpg,jpg
bad,kaggle_bad_Defective (204).jpg,bad_147.jpg,jpg
bad,kaggle_bad_Defective (205).jpg,bad_148.jpg,jpg
bad,kaggle_bad_Defective (206).jpg,bad_149.jpg,jpg
bad,kaggle_bad_Defective (207).jpg,bad_150.jpg,jpg
bad,kaggle_bad_Defective (208).jpg,bad_151.jpg,jpg
bad,kaggle_bad_Defective (209).jpg,bad_152.jpg,jpg
bad,kaggle_bad_Defective (21).jpg,bad_153.jpg,jpg
bad,kaggle_bad_Defective (210).jpg,bad_154.jpg,jpg
bad,kaggle_bad_Defective (211).jpg,bad_155.jpg,jpg
bad,kaggle_bad_Defective (212).jpg,bad_156.jpg,jpg
bad,kaggle_bad_Defective (213).jpg,bad_157.jpg,jpg
bad,kaggle_bad_Defective (214).jpg,bad_158.jpg,jpg
bad,kaggle_bad_Defective (215).jpg,bad_159.jpg,jpg
bad,kaggle_bad_Defective (216).jpg,bad_160.jpg,jpg
bad,kaggle_bad_Defective (217).jpg,bad_161.jpg,jpg
bad,kaggle_bad_Defective (218).jpg,bad_162.jpg,jpg
bad,kaggle_bad_Defective (219).jpg,bad_163.jpg,jpg
bad,kaggle_bad_Defective (22).jpg,bad_164.jpg,jpg
bad,kaggle_bad_Defective (220).jpg,bad_165.jpg,jpg
bad,kaggle_bad_Defective (221).jpg,bad_166.jpg,jpg
bad,kaggle_bad_Defective (222).jpg,bad_167.jpg,jpg
bad,kaggle_bad_Defective (223).jpg,bad_168.jpg,jpg
bad,kaggle_bad_Defective (224).jpg,bad_169.jpg,jpg
bad,kaggle_bad_Defective (225).jpg,bad_170.jpg,jpg
bad,kaggle_bad_Defective (226).jpg,bad_171.jpg,jpg
bad,kaggle_bad_Defective (227).jpg,bad_172.jpg,jpg
bad,kaggle_bad_Defective (228).jpg,bad_173.jpg,jpg
bad,kaggle_bad_Defective (229).jpg,bad_174.jpg,jpg
bad,kaggle_bad_Defective (23).jpg,bad_175.jpg,jpg
bad,kaggle_bad_Defective (230).jpg,bad_176.jpg,jpg
bad,kaggle_bad_Defective (231).jpg,bad_177.jpg,jpg
bad,kaggle_bad_Defective (232).jpg,bad_178.jpg,jpg
bad,kaggle_bad_Defective (233).jpg,bad_179.jpg,jpg
bad,kaggle_bad_Defective (234).jpg,bad_180.jpg,jpg
bad,kaggle_bad_Defective (235).jpg,bad_181.jpg,jpg
bad,kaggle_bad_Defective (236).jpg,bad_182.jpg,jpg
bad,kaggle_bad_Defective (237).jpg,bad_183.jpg,jpg
bad,kaggle_bad_Defective (238).jpg,bad_184.jpg,jpg
bad,kaggle_bad_Defective (239).jpg,bad_185.jpg,jpg
bad,kaggle_bad_Defective (24).jpg,bad_186.jpg,jpg
bad,kaggle_bad_Defective (240).jpg,bad_187.jpg,jpg
bad,kaggle_bad_Defective (241).jpg,bad_188.jpg,jpg
bad,kaggle_bad_Defective (242).jpg,bad_189.jpg,jpg
bad,kaggle_bad_Defective (243).jpg,bad_190.jpg,jpg
bad,kaggle_bad_Defective (244).jpg,bad_191.jpg,jpg
bad,kaggle_bad_Defective (245).jpg,bad_192.jpg,jpg
bad,kaggle_bad_Defective (246).jpg,bad_193.jpg,jpg
bad,kaggle_bad_Defective (247).jpg,bad_194.jpg,jpg
bad,kaggle_bad_Defective (248).jpg,bad_195.jpg,jpg
bad,kaggle_bad_Defective (249).jpg,bad_196.jpg,jpg
bad,kaggle_bad_Defective (25).jpg,bad_197.jpg,jpg
bad,kaggle_bad_Defective (250).jpg,bad_198.jpg,jpg
bad,kaggle_bad_Defective (251).jpg,bad_199.jpg,jpg
bad,kaggle_bad_Defective (252).jpg,bad_200.jpg,jpg
bad,kaggle_bad_Defective (253).jpg,bad_201.jpg,jpg
bad,kaggle_bad_Defective (254).jpg,bad_202.jpg,jpg
bad,kaggle_bad_Defective (255).jpg,bad_203.jpg,jpg
bad,kaggle_bad_Defective (256).jpg,bad_204.jpg,jpg
bad,kaggle_bad_Defective (257).jpg,bad_205.jpg,jpg
bad,kaggle_bad_Defective (258).jpg,bad_206.jpg,jpg
bad,kaggle_bad_Defective (259).jpg,bad_207.jpg,jpg
bad,kaggle_bad_Defective (26).jpg,bad_208.jpg,jpg
bad,kaggle_bad_Defective (260).jpg,bad_209.jpg,jpg
bad,kaggle_bad_Defective (261).jpg,bad_210.jpg,jpg
bad,kaggle_bad_Defective (262).jpg,bad_211.jpg,jpg
bad,kaggle_bad_Defective (263).jpg,bad_212.jpg,jpg
bad,kaggle_bad_Defective (264).jpg,bad_213.jpg,jpg
bad,kaggle_bad_Defective (265).jpg,bad_214.jpg,jpg
bad,kaggle_bad_Defective (266).jpg,bad_215.jpg,jpg
bad,kaggle_bad_Defective (267).jpg,bad_216.jpg,jpg
bad,kaggle_bad_Defective (268).jpg,bad_217.jpg,jpg
bad,kaggle_bad_Defective (269).jpg,bad_218.jpg,jpg
bad,kaggle_bad_Defective (27).jpg,bad_219.jpg,jpg
bad,kaggle_bad_Defective (270).jpg,bad_220.jpg,jpg
bad,kaggle_bad_Defective (271).jpg,bad_221.jpg,jpg
bad,kaggle_bad_Defective (272).jpg,bad_222.jpg,jpg
bad,kaggle_bad_Defective (273).jpg,bad_223.jpg,jpg
bad,kaggle_bad_Defective (274).jpg,bad_224.jpg,jpg
bad,kaggle_bad_Defective (275).jpg,bad_225.jpg,jpg
bad,kaggle_bad_Defective (276).jpg,bad_226.jpg,jpg
bad,kaggle_bad_Defective (277).jpg,bad_227.jpg,jpg
bad,kaggle_bad_Defective (278).jpg,bad_228.jpg,jpg
bad,kaggle_bad_Defective (279).jpg,bad_229.jpg,jpg
bad,kaggle_bad_Defective (28).jpg,bad_230.jpg,jpg
bad,kaggle_bad_Defective (280).jpg,bad_231.jpg,jpg
bad,kaggle_bad_Defective (281).jpg,bad_232.jpg,jpg
bad,kaggle_bad_Defective (282).jpg,bad_233.jpg,jpg
bad,kaggle_bad_Defective (283).jpg,bad_234.jpg,jpg
bad,kaggle_bad_Defective (284).jpg,bad_235.jpg,jpg
bad,kaggle_bad_Defective (285).jpg,bad_236.jpg,jpg
bad,kaggle_bad_Defective (286).jpg,bad_237.jpg,jpg
bad,kaggle_bad_Defective (287).jpg,bad_238.jpg,jpg
bad,kaggle_bad_Defective (288).jpg,bad_239.jpg,jpg
bad,kaggle_bad_Defective (289).jpg,bad_240.jpg,jpg
bad,kaggle_bad_Defective (29).jpg,bad_241.jpg,jpg
bad,kaggle_bad_Defective (290).jpg,bad_242.jpg,jpg
bad,kaggle_bad_Defective (291).jpg,bad_243.jpg,jpg
bad,kaggle_bad_Defective (292).jpg,bad_244.jpg,jpg
bad,kaggle_bad_Defective (293).jpg,bad_245.jpg,jpg
bad,kaggle_bad_Defective (294).jpg,bad_246.jpg,jpg
bad,kaggle_bad_Defective (295).jpg,bad_247.jpg,jpg
bad,kaggle_bad_Defective (296).jpg,bad_248.jpg,jpg
bad,kaggle_bad_Defective (297).jpg,bad_249.jpg,jpg
bad,kaggle_bad_Defective (298).jpg,bad_250.jpg,jpg
bad,kaggle_bad_Defective (299).jpg,bad_251.jpg,jpg
bad,kaggle_bad_Defective (3).jpg,bad_252.jpg,jpg
bad,kaggle_bad_Defective (30).jpg,bad_253.jpg,jpg
bad,kaggle_bad_Defective (300).jpg,bad_254.jpg,jpg
bad,kaggle_bad_Defective (301).jpg,bad_255.jpg,jpg
bad,kaggle_bad_Defective (302).jpg,bad_256.jpg,jpg
bad,kaggle_bad_Defective (303).jpg,bad_257.jpg,jpg
bad,kaggle_bad_Defective (304).jpg,bad_258.jpg,jpg
bad,kaggle_bad_Defective (305).jpg,bad_259.jpg,jpg
bad,kaggle_bad_Defective (306).jpg,bad_260.jpg,jpg
bad,kaggle_bad_Defective (307).jpg,bad_261.jpg,jpg
bad,kaggle_bad_Defective (308).jpg,bad_262.jpg,jpg
bad,kaggle_bad_Defective (309).jpg,bad_263.jpg,jpg
bad,kaggle_bad_Defective (31).jpg,bad_264.jpg,jpg
bad,kaggle_bad_Defective (310).jpg,bad_265.jpg,jpg
bad,kaggle_bad_Defective (311).jpg,bad_266.jpg,jpg
bad,kaggle_bad_Defective (312).jpg,bad_267.jpg,jpg
bad,kaggle_bad_Defective (313).jpg,bad_268.jpg,jpg
bad,kaggle_bad_Defective (314).jpg,bad_269.jpg,jpg
bad,kaggle_bad_Defective (315).jpg,bad_270.jpg,jpg
bad,kaggle_bad_Defective (316).jpg,bad_271.jpg,jpg
bad,kaggle_bad_Defective (317).jpg,bad_272.jpg,jpg
bad,kaggle_bad_Defective (318).jpg,bad_273.jpg,jpg
bad,kaggle_bad_Defective (319).jpg,bad_274.jpg,jpg
bad,kaggle_bad_Defective (32).jpg,bad_275.jpg,jpg
bad,kaggle_bad_Defective (320).jpg,bad_276.jpg,jpg
bad,kaggle_bad_Defective (321).jpg,bad_277.jpg,jpg
bad,kaggle_bad_Defective (322).jpg,bad_278.jpg,jpg
bad,kaggle_bad_Defective (323).jpg,bad_279.jpg,jpg
bad,kaggle_bad_Defective (324).jpg,bad_280.jpg,jpg
bad,kaggle_bad_Defective (325).jpg,bad_281.jpg,jpg
bad,kaggle_bad_Defective (326).jpg,bad_282.jpg,jpg
bad,kaggle_bad_Defective (327).jpg,bad_283.jpg,jpg
bad,kaggle_bad_Defective (328).jpg,bad_284.jpg,jpg
bad,kaggle_bad_Defective (329).jpg,bad_285.jpg,jpg
bad,kaggle_bad_Defective (330).jpg,bad_286.jpg,jpg
bad,kaggle_bad_Defective (331).jpg,bad_287.jpg,jpg
bad,kaggle_bad_Defective (332).jpg,bad_288.jpg,jpg
bad,kaggle_bad_Defective (333).jpg,bad_289.jpg,jpg
bad,kaggle_bad_Defective (334).jpg,bad_290.jpg,jpg
bad,kaggle_bad_Defective (335).jpg,bad_291.jpg,jpg
bad,kaggle_bad_Defective (336).jpg,bad_292.jpg,jpg
bad,kaggle_bad_Defective (337).jpg,bad_293.jpg,jpg
bad,kaggle_bad_Defective (338).jpg,bad_294.jpg,jpg
bad,kaggle_bad_Defective (339).jpg,bad_295.jpg,jpg
bad,kaggle_bad_Defective (34).jpg,bad_296.jpg,jpg
bad,kaggle_bad_Defective (340).jpg,bad_297.jpg,jpg
bad,kaggle_bad_Defective (341).jpg,bad_298.jpg,jpg
bad,kaggle_bad_Defective (342).jpg,bad_299.jpg,jpg
bad,kaggle_bad_Defective (343).jpg,bad_300.jpg,jpg
bad,kaggle_bad_Defective (344).jpg,bad_301.jpg,jpg
bad,kaggle_bad_Defective (345).jpg,bad_302.jpg,jpg
bad,kaggle_bad_Defective (346).jpg,bad_303.jpg,jpg
bad,kaggle_bad_Defective (347).jpg,bad_304.jpg,jpg
bad,kaggle_bad_Defective (348).jpg,bad_305.jpg,jpg
bad,kaggle_bad_Defective (349).jpg,bad_306.jpg,jpg
bad,kaggle_bad_Defective (35).jpg,bad_307.jpg,jpg
bad,kaggle_bad_Defective (350).jpg,bad_308.jpg,jpg
bad,kaggle_bad_Defective (351).jpg,bad_309.jpg,jpg
bad,kaggle_bad_Defective (352).jpg,bad_310.jpg,jpg
bad,kaggle_bad_Defective (353).jpg,bad_311.jpg,jpg
bad,kaggle_bad_Defective (354).jpg,bad_312.jpg,jpg
bad,kaggle_bad_Defective (355).jpg,bad_313.jpg,jpg
bad,kaggle_bad_Defective (356).jpg,bad_314.jpg,jpg
bad,kaggle_bad_Defective (357).jpg,bad_315.jpg,jpg
bad,kaggle_bad_Defective (358).jpg,bad_316.jpg,jpg
bad,kaggle_bad_Defective (359).jpg,bad_317.jpg,jpg
bad,kaggle_bad_Defective (36).jpg,bad_318.jpg,jpg
bad,kaggle_bad_Defective (360).jpg,bad_319.jpg,jpg
bad,kaggle_bad_Defective (361).jpg,bad_320.jpg,jpg
bad,kaggle_bad_Defective (362).jpg,bad_321.jpg,jpg
bad,kaggle_bad_Defective (363).jpg,bad_322.jpg,jpg
bad,kaggle_bad_Defective (364).jpg,bad_323.jpg,jpg
bad,kaggle_bad_Defective (365).jpg,bad_324.jpg,jpg
bad,kaggle_bad_Defective (366).jpg,bad_325.jpg,jpg
bad,kaggle_bad_Defective (367).jpg,bad_326.jpg,jpg
bad,kaggle_bad_Defective (368).jpg,bad_327.jpg,jpg
bad,kaggle_bad_Defective (369).jpg,bad_328.jpg,jpg
bad,kaggle_bad_Defective (37).jpg,bad_329.jpg,jpg
bad,kaggle_bad_Defective (370).jpg,bad_330.jpg,jpg
bad,kaggle_bad_Defective (371).jpg,bad_331.jpg,jpg
bad,kaggle_bad_Defective (372).jpg,bad_332.jpg,jpg
bad,kaggle_bad_Defective (373).jpg,bad_333.jpg,jpg
bad,kaggle_bad_Defective (374).jpg,bad_334.jpg,jpg
bad,kaggle_bad_Defective (375).jpg,bad_335.jpg,jpg
bad,kaggle_bad_Defective (376).jpg,bad_336.jpg,jpg
bad,kaggle_bad_Defective (377).jpg,bad_337.jpg,jpg
bad,kaggle_bad_Defective (378).jpg,bad_338.jpg,jpg
bad,kaggle_bad_Defective (379).jpg,bad_339.jpg,jpg
bad,kaggle_bad_Defective (38).jpg,bad_340.jpg,jpg
bad,kaggle_bad_Defective (380).jpg,bad_341.jpg,jpg
bad,kaggle_bad_Defective (381).jpg,bad_342.jpg,jpg
bad,kaggle_bad_Defective (382).jpg,bad_343.jpg,jpg
bad,kaggle_bad_Defective (383).jpg,bad_344.jpg,jpg
bad,kaggle_bad_Defective (384).jpg,bad_345.jpg,jpg
bad,kaggle_bad_Defective (385).jpg,bad_346.jpg,jpg
bad,kaggle_bad_Defective (386).jpg,bad_347.jpg,jpg
bad,kaggle_bad_Defective (387).jpg,bad_348.jpg,jpg
bad,kaggle_bad_Defective (388).jpg,bad_349.jpg,jpg
bad,kaggle_bad_Defective (389).jpg,bad_350.jpg,jpg
bad,kaggle_bad_Defective (39).jpg,bad_351.jpg,jpg
bad,kaggle_bad_Defective (390).jpg,bad_352.jpg,jpg
bad,kaggle_bad_Defective (391).jpg,bad_353.jpg,jpg
bad,kaggle_bad_Defective (392).jpg,bad_354.jpg,jpg
bad,kaggle_bad_Defective (393).jpg,bad_355.jpg,jpg
bad,kaggle_bad_Defective (394).jpg,bad_356.jpg,jpg
bad,kaggle_bad_Defective (395).jpg,bad_357.jpg,jpg
bad,kaggle_bad_Defective (396).jpg,bad_358.jpg,jpg
bad,kaggle_bad_Defective (397).jpg,bad_359.jpg,jpg
bad,kaggle_bad_Defective (398).jpg,bad_360.jpg,jpg
bad,kaggle_bad_Defective (399).jpg,bad_361.jpg,jpg
bad,kaggle_bad_Defective (4).jpg,bad_362.jpg,jpg
bad,kaggle_bad_Defective (40).jpg,bad_363.jpg,jpg
bad,kaggle_bad_Defective (400).jpg,bad_364.jpg,jpg
bad,kaggle_bad_Defective (401).jpg,bad_365.jpg,jpg
bad,kaggle_bad_Defective (402).jpg,bad_366.jpg,jpg
bad,kaggle_bad_Defective (403).jpg,bad_367.jpg,jpg
bad,kaggle_bad_Defective (404).jpg,bad_368.jpg,jpg
bad,kaggle_bad_Defective (405).jpg,bad_369.jpg,jpg
bad,kaggle_bad_Defective (406).jpg,bad_370.jpg,jpg
bad,kaggle_bad_Defective (407).jpg,bad_371.jpg,jpg
bad,kaggle_bad_Defective (408).jpg,bad_372.jpg,jpg
bad,kaggle_bad_Defective (409).jpg,bad_373.jpg,jpg
bad,kaggle_bad_Defective (41).jpg,bad_374.jpg,jpg
bad,kaggle_bad_Defective (410).jpg,bad_375.jpg,jpg
bad,kaggle_bad_Defective (411).jpg,bad_376.jpg,jpg
bad,kaggle_bad_Defective (412).jpg,bad_377.jpg,jpg
bad,kaggle_bad_Defective (413).jpg,bad_378.jpg,jpg
bad,kaggle_bad_Defective (414).jpg,bad_379.jpg,jpg
bad,kaggle_bad_Defective (415).jpg,bad_380.jpg,jpg
bad,kaggle_bad_Defective (416).jpg,bad_381.jpg,jpg
bad,kaggle_bad_Defective (417).jpg,bad_382.jpg,jpg
bad,kaggle_bad_Defective (418).jpg,bad_383.jpg,jpg
bad,kaggle_bad_Defective (419).jpg,bad_384.jpg,jpg
bad,kaggle_bad_Defective (42).jpg,bad_385.jpg,jpg
bad,kaggle_bad_Defective (420).jpg,bad_386.jpg,jpg
bad,kaggle_bad_Defective (421).jpg,bad_387.jpg,jpg
bad,kaggle_bad_Defective (422).jpg,bad_388.jpg,jpg
bad,kaggle_bad_Defective (423).jpg,bad_389.jpg,jpg
bad,kaggle_bad_Defective (424).jpg,bad_390.jpg,jpg
bad,kaggle_bad_Defective (425).jpg,bad_391.jpg,jpg
bad,kaggle_bad_Defective (426).jpg,bad_392.jpg,jpg
bad,kaggle_bad_Defective (427).jpg,bad_393.jpg,jpg
bad,kaggle_bad_Defective (428).jpg,bad_394.jpg,jpg
bad,kaggle_bad_Defective (429).jpg,bad_395.jpg,jpg
bad,kaggle_bad_Defective (43).jpg,bad_396.jpg,jpg
bad,kaggle_bad_Defective (430).jpg,bad_397.jpg,jpg
bad,kaggle_bad_Defective (431).jpg,bad_398.jpg,jpg
bad,kaggle_bad_Defective (432).jpg,bad_399.jpg,jpg
bad,kaggle_bad_Defective (433).jpg,bad_400.jpg,jpg
bad,kaggle_bad_Defective (434).jpg,bad_401.jpg,jpg
bad,kaggle_bad_Defective (435).jpg,bad_402.jpg,jpg
bad,kaggle_bad_Defective (436).jpg,bad_403.jpg,jpg
bad,kaggle_bad_Defective (437).jpg,bad_404.jpg,jpg
bad,kaggle_bad_Defective (438).jpg,bad_405.jpg,jpg
bad,kaggle_bad_Defective (439).jpg,bad_406.jpg,jpg
bad,kaggle_bad_Defective (44).jpg,bad_407.jpg,jpg
bad,kaggle_bad_Defective (440).jpg,bad_408.jpg,jpg
bad,kaggle_bad_Defective (441).jpg,bad_409.jpg,jpg
bad,kaggle_bad_Defective (442).jpg,bad_410.jpg,jpg
bad,kaggle_bad_Defective (443).jpg,bad_411.jpg,jpg
bad,kaggle_bad_Defective (444).jpg,bad_412.jpg,jpg
bad,kaggle_bad_Defective (445).jpg,bad_413.jpg,jpg
bad,kaggle_bad_Defective (446).jpg,bad_414.jpg,jpg
bad,kaggle_bad_Defective (447).jpg,bad_415.jpg,jpg
bad,kaggle_bad_Defective (448).jpg,bad_416.jpg,jpg
bad,kaggle_bad_Defective (449).jpg,bad_417.jpg,jpg
bad,kaggle_bad_Defective (45).jpg,bad_418.jpg,jpg
bad,kaggle_bad_Defective (450).jpg,bad_419.jpg,jpg
bad,kaggle_bad_Defective (451).jpg,bad_420.jpg,jpg
bad,kaggle_bad_Defective (452).jpg,bad_421.jpg,jpg
bad,kaggle_bad_Defective (453).jpg,bad_422.jpg,jpg
bad,kaggle_bad_Defective (454).jpg,bad_423.jpg,jpg
bad,kaggle_bad_Defective (455).jpg,bad_424.jpg,jpg
bad,kaggle_bad_Defective (456).jpg,bad_425.jpg,jpg
bad,kaggle_bad_Defective (457).jpg,bad_426.jpg,jpg
bad,kaggle_bad_Defective (458).jpg,bad_427.jpg,jpg
bad,kaggle_bad_Defective (459).jpg,bad_428.jpg,jpg
bad,kaggle_bad_Defective (46).jpg,bad_429.jpg,jpg
bad,kaggle_bad_Defective (460).jpg,bad_430.jpg,jpg
bad,kaggle_bad_Defective (461).jpg,bad_431.jpg,jpg
bad,kaggle_bad_Defective (462).jpg,bad_432.jpg,jpg
bad,kaggle_bad_Defective (463).jpg,bad_433.jpg,jpg
bad,kaggle_bad_Defective (464).jpg,bad_434.jpg,jpg
bad,kaggle_bad_Defective (465).jpg,bad_435.jpg,jpg
bad,kaggle_bad_Defective (466).jpg,bad_436.jpg,jpg
bad,kaggle_bad_Defective (467).jpg,bad_437.jpg,jpg
bad,kaggle_bad_Defective (468).jpg,bad_438.jpg,jpg
bad,kaggle_bad_Defective (469).jpg,bad_439.jpg,jpg
bad,kaggle_bad_Defective (47).jpg,bad_440.jpg,jpg
bad,kaggle_bad_Defective (470).jpg,bad_441.jpg,jpg
bad,kaggle_bad_Defective (471).jpg,bad_442.jpg,jpg
bad,kaggle_bad_Defective (472).jpg,bad_443.jpg,jpg
bad,kaggle_bad_Defective (473).jpg,bad_444.jpg,jpg
bad,kaggle_bad_Defective (474).jpg,bad_445.jpg,jpg
bad,kaggle_bad_Defective (475).jpg,bad_446.jpg,jpg
bad,kaggle_bad_Defective (476).jpg,bad_447.jpg,jpg
bad,kaggle_bad_Defective (477).jpg,bad_448.jpg,jpg
bad,kaggle_bad_Defective (478).jpg,bad_449.jpg,jpg
bad,kaggle_bad_Defective (479).jpg,bad_450.jpg,jpg
bad,kaggle_bad_Defective (48).jpg,bad_451.jpg,jpg
bad,kaggle_bad_Defective (480).jpg,bad_452.jpg,jpg
bad,kaggle_bad_Defective (481).jpg,bad_453.jpg,jpg
bad,kaggle_bad_Defective (482).jpg,bad_454.jpg,jpg
bad,kaggle_bad_Defective (483).jpg,bad_455.jpg,jpg
bad,kaggle_bad_Defective (484).jpg,bad_456.jpg,jpg
bad,kaggle_bad_Defective (485).jpg,bad_457.jpg,jpg
bad,kaggle_bad_Defective (486).jpg,bad_458.jpg,jpg
bad,kaggle_bad_Defective (487).jpg,bad_459.jpg,jpg
bad,kaggle_bad_Defective (488).jpg,bad_460.jpg,jpg
bad,kaggle_bad_Defective (489).jpg,bad_461.jpg,jpg
bad,kaggle_bad_Defective (49).jpg,bad_462.jpg,jpg
bad,kaggle_bad_Defective (490).jpg,bad_463.jpg,jpg
bad,kaggle_bad_Defective (491).jpg,bad_464.jpg,jpg
bad,kaggle_bad_Defective (492).jpg,bad_465.jpg,jpg
bad,kaggle_bad_Defective (493).jpg,bad_466.jpg,jpg
bad,kaggle_bad_Defective (494).jpg,bad_467.jpg,jpg
bad,kaggle_bad_Defective (495).jpg,bad_468.jpg,jpg
bad,kaggle_bad_Defective (496).jpg,bad_469.jpg,jpg
bad,kaggle_bad_Defective (497).jpg,bad_470.jpg,jpg
bad,kaggle_bad_Defective (498).jpg,bad_471.jpg,jpg
bad,kaggle_bad_Defective (499).jpg,bad_472.jpg,jpg
bad,kaggle_bad_Defective (5).jpg,bad_473.jpg,jpg
bad,kaggle_bad_Defective (50).jpg,bad_474.jpg,jpg
bad,kaggle_bad_Defective (500).jpg,bad_475.jpg,jpg
bad,kaggle_bad_Defective (501).jpg,bad_476.jpg,jpg
bad,kaggle_bad_Defective (502).jpg,bad_477.jpg,jpg
bad,kaggle_bad_Defective (503).jpg,bad_478.jpg,jpg
bad,kaggle_bad_Defective (504).jpg,bad_479.jpg,jpg
bad,kaggle_bad_Defective (505).jpg,bad_480.jpg,jpg
bad,kaggle_bad_Defective (506).jpg,bad_481.jpg,jpg
bad,kaggle_bad_Defective (507).jpg,bad_482.jpg,jpg
bad,kaggle_bad_Defective (508).jpg,bad_483.jpg,jpg
bad,kaggle_bad_Defective (509).jpg,bad_484.jpg,jpg
bad,kaggle_bad_Defective (51).jpg,bad_485.jpg,jpg
bad,kaggle_bad_Defective (510).jpg,bad_486.jpg,jpg
bad,kaggle_bad_Defective (511).jpg,bad_487.jpg,jpg
bad,kaggle_bad_Defective (512).jpg,bad_488.jpg,jpg
bad,kaggle_bad_Defective (513).jpg,bad_489.jpg,jpg
bad,kaggle_bad_Defective (514).jpg,bad_490.jpg,jpg
bad,kaggle_bad_Defective (515).jpg,bad_491.jpg,jpg
bad,kaggle_bad_Defective (516).jpg,bad_492.jpg,jpg
bad,kaggle_bad_Defective (517).jpg,bad_493.jpg,jpg
bad,kaggle_bad_Defective (518).jpg,bad_494.jpg,jpg
bad,kaggle_bad_Defective (519).jpg,bad_495.jpg,jpg
bad,kaggle_bad_Defective (52).jpg,bad_496.jpg,jpg
bad,kaggle_bad_Defective (520).jpg,bad_497.jpg,jpg
bad,kaggle_bad_Defective (521).jpg,bad_498.jpg,jpg
bad,kaggle_bad_Defective (522).jpg,bad_499.jpg,jpg
bad,kaggle_bad_Defective (523).jpg,bad_500.jpg,jpg
bad,kaggle_bad_Defective (524).jpg,bad_501.jpg,jpg
bad,kaggle_bad_Defective (525).jpg,bad_502.jpg,jpg
bad,kaggle_bad_Defective (526).jpg,bad_503.jpg,jpg
bad,kaggle_bad_Defective (527).jpg,bad_504.jpg,jpg
bad,kaggle_bad_Defective (528).jpg,bad_505.jpg,jpg
bad,kaggle_bad_Defective (529).jpg,bad_506.jpg,jpg
bad,kaggle_bad_Defective (53).jpg,bad_507.jpg,jpg
bad,kaggle_bad_Defective (530).jpg,bad_508.jpg,jpg
bad,kaggle_bad_Defective (531).jpg,bad_509.jpg,jpg
bad,kaggle_bad_Defective (532).jpg,bad_510.jpg,jpg
bad,kaggle_bad_Defective (533).jpg,bad_511.jpg,jpg
bad,kaggle_bad_Defective (534).jpg,bad_512.jpg,jpg
bad,kaggle_bad_Defective (535).jpg,bad_513.jpg,jpg
bad,kaggle_bad_Defective (536).jpg,bad_514.jpg,jpg
bad,kaggle_bad_Defective (537).jpg,bad_515.jpg,jpg
bad,kaggle_bad_Defective (538).jpg,bad_516.jpg,jpg
bad,kaggle_bad_Defective (539).jpg,bad_517.jpg,jpg
bad,kaggle_bad_Defective (54).jpg,bad_518.jpg,jpg
bad,kaggle_bad_Defective (540).jpg,bad_519.jpg,jpg
bad,kaggle_bad_Defective (541).jpg,bad_520.jpg,jpg
bad,kaggle_bad_Defective (542).jpg,bad_521.jpg,jpg
bad,kaggle_bad_Defective (543).jpg,bad_522.jpg,jpg
bad,kaggle_bad_Defective (544).jpg,bad_523.jpg,jpg
bad,kaggle_bad_Defective (545).jpg,bad_524.jpg,jpg
bad,kaggle_bad_Defective (546).jpg,bad_525.jpg,jpg
bad,kaggle_bad_Defective (547).jpg,bad_526.jpg,jpg
bad,kaggle_bad_Defective (548).jpg,bad_527.jpg,jpg
bad,kaggle_bad_Defective (549).jpg,bad_528.jpg,jpg
bad,kaggle_bad_Defective (55).jpg,bad_529.jpg,jpg
bad,kaggle_bad_Defective (550).jpg,bad_530.jpg,jpg
bad,kaggle_bad_Defective (551).jpg,bad_531.jpg,jpg
bad,kaggle_bad_Defective (552).jpg,bad_532.jpg,jpg
bad,kaggle_bad_Defective (553).jpg,bad_533.jpg,jpg
bad,kaggle_bad_Defective (554).jpg,bad_534.jpg,jpg
bad,kaggle_bad_Defective (555).jpg,bad_535.jpg,jpg
bad,kaggle_bad_Defective (556).jpg,bad_536.jpg,jpg
bad,kaggle_bad_Defective (557).jpg,bad_537.jpg,jpg
bad,kaggle_bad_Defective (558).jpg,bad_538.jpg,jpg
bad,kaggle_bad_Defective (559).jpg,bad_539.jpg,jpg
bad,kaggle_bad_Defective (56).jpg,bad_540.jpg,jpg
bad,kaggle_bad_Defective (560).jpg,bad_541.jpg,jpg
bad,kaggle_bad_Defective (561).jpg,bad_542.jpg,jpg
bad,kaggle_bad_Defective (562).jpg,bad_543.jpg,jpg
bad,kaggle_bad_Defective (563).jpg,bad_544.jpg,jpg
bad,kaggle_bad_Defective (564).jpg,bad_545.jpg,jpg
bad,kaggle_bad_Defective (565).jpg,bad_546.jpg,jpg
bad,kaggle_bad_Defective (566).jpg,bad_547.jpg,jpg
bad,kaggle_bad_Defective (567).jpg,bad_548.jpg,jpg
bad,kaggle_bad_Defective (568).jpg,bad_549.jpg,jpg
bad,kaggle_bad_Defective (569).jpg,bad_550.jpg,jpg
bad,kaggle_bad_Defective (57).jpg,bad_551.jpg,jpg
bad,kaggle_bad_Defective (570).jpg,bad_552.jpg,jpg
bad,kaggle_bad_Defective (571).jpg,bad_553.jpg,jpg
bad,kaggle_bad_Defective (572).jpg,bad_554.jpg,jpg
bad,kaggle_bad_Defective (573).jpg,bad_555.jpg,jpg
bad,kaggle_bad_Defective (574).jpg,bad_556.jpg,jpg
bad,kaggle_bad_Defective (575).jpg,bad_557.jpg,jpg
bad,kaggle_bad_Defective (576).jpg,bad_558.jpg,jpg
bad,kaggle_bad_Defective (577).jpg,bad_559.jpg,jpg
bad,kaggle_bad_Defective (578).jpg,bad_560.jpg,jpg
bad,kaggle_bad_Defective (579).jpg,bad_561.jpg,jpg
bad,kaggle_bad_Defective (58).jpg,bad_562.jpg,jpg
bad,kaggle_bad_Defective (580).jpg,bad_563.jpg,jpg
bad,kaggle_bad_Defective (581).jpg,bad_564.jpg,jpg
bad,kaggle_bad_Defective (582).jpg,bad_565.jpg,jpg
bad,kaggle_bad_Defective (583).jpg,bad_566.jpg,jpg
bad,kaggle_bad_Defective (584).jpg,bad_567.jpg,jpg
bad,kaggle_bad_Defective (585).jpg,bad_568.jpg,jpg
bad,kaggle_bad_Defective (586).jpg,bad_569.jpg,jpg
bad,kaggle_bad_Defective (587).jpg,bad_570.jpg,jpg
bad,kaggle_bad_Defective (588).jpg,bad_571.jpg,jpg
bad,kaggle_bad_Defective (589).jpg,bad_572.jpg,jpg
bad,kaggle_bad_Defective (59).jpg,bad_573.jpg,jpg
bad,kaggle_bad_Defective (590).jpg,bad_574.jpg,jpg
bad,kaggle_bad_Defective (591).jpg,bad_575.jpg,jpg
bad,kaggle_bad_Defective (592).jpg,bad_576.jpg,jpg
bad,kaggle_bad_Defective (593).jpg,bad_577.jpg,jpg
bad,kaggle_bad_Defective (594).jpg,bad_578.jpg,jpg
bad,kaggle_bad_Defective (595).jpg,bad_579.jpg,jpg
bad,kaggle_bad_Defective (596).jpg,bad_580.jpg,jpg
bad,kaggle_bad_Defective (597).jpg,bad_581.jpg,jpg
bad,kaggle_bad_Defective (598).jpg,bad_582.jpg,jpg
bad,kaggle_bad_Defective (599).jpg,bad_583.jpg,jpg
bad,kaggle_bad_Defective (6).jpg,bad_584.jpg,jpg
bad,kaggle_bad_Defective (60).jpg,bad_585.jpg,jpg
bad,kaggle_bad_Defective (600).jpg,bad_586.jpg,jpg
bad,kaggle_bad_Defective (601).jpg,bad_587.jpg,jpg
bad,kaggle_bad_Defective (602).jpg,bad_588.jpg,jpg
bad,kaggle_bad_Defective (603).jpg,bad_589.jpg,jpg
bad,kaggle_bad_Defective (604).jpg,bad_590.jpg,jpg
bad,kaggle_bad_Defective (605).jpg,bad_591.jpg,jpg
bad,kaggle_bad_Defective (606).jpg,bad_592.jpg,jpg
bad,kaggle_bad_Defective (607).jpg,bad_593.jpg,jpg
bad,kaggle_bad_Defective (608).jpg,bad_594.jpg,jpg
bad,kaggle_bad_Defective (609).jpg,bad_595.jpg,jpg
bad,kaggle_bad_Defective (61).jpg,bad_596.jpg,jpg
bad,kaggle_bad_Defective (610).jpg,bad_597.jpg,jpg
bad,kaggle_bad_Defective (611).jpg,bad_598.jpg,jpg
bad,kaggle_bad_Defective (612).jpg,bad_599.jpg,jpg
bad,kaggle_bad_Defective (613).jpg,bad_600.jpg,jpg
bad,kaggle_bad_Defective (614).jpg,bad_601.jpg,jpg
bad,kaggle_bad_Defective (615).jpg,bad_602.jpg,jpg
bad,kaggle_bad_Defective (616).jpg,bad_603.jpg,jpg
bad,kaggle_bad_Defective (617).jpg,bad_604.jpg,jpg
bad,kaggle_bad_Defective (618).jpg,bad_605.jpg,jpg
bad,kaggle_bad_Defective (619).jpg,bad_606.jpg,jpg
bad,kaggle_bad_Defective (62).jpg,bad_607.jpg,jpg
bad,kaggle_bad_Defective (620).jpg,bad_608.jpg,jpg
bad,kaggle_bad_Defective (621).jpg,bad_609.jpg,jpg
bad,kaggle_bad_Defective (622).jpg,bad_610.jpg,jpg
bad,kaggle_bad_Defective (623).jpg,bad_611.jpg,jpg
bad,kaggle_bad_Defective (624).jpg,bad_612.jpg,jpg
bad,kaggle_bad_Defective (625).jpg,bad_613.jpg,jpg
bad,kaggle_bad_Defective (626).jpg,bad_614.jpg,jpg
bad,kaggle_bad_Defective (627).jpg,bad_615.jpg,jpg
bad,kaggle_bad_Defective (628).jpg,bad_616.jpg,jpg
bad,kaggle_bad_Defective (629).jpg,bad_617.jpg,jpg
bad,kaggle_bad_Defective (63).jpg,bad_618.jpg,jpg
bad,kaggle_bad_Defective (630).jpg,bad_619.jpg,jpg
bad,kaggle_bad_Defective (631).jpg,bad_620.jpg,jpg
bad,kaggle_bad_Defective (632).jpg,bad_621.jpg,jpg
bad,kaggle_bad_Defective (633).jpg,bad_622.jpg,jpg
bad,kaggle_bad_Defective (634).jpg,bad_623.jpg,jpg
bad,kaggle_bad_Defective (635).jpg,bad_624.jpg,jpg
bad,kaggle_bad_Defective (636).jpg,bad_625.jpg,jpg
bad,kaggle_bad_Defective (637).jpg,bad_626.jpg,jpg
bad,kaggle_bad_Defective (638).jpg,bad_627.jpg,jpg
bad,kaggle_bad_Defective (639).jpg,bad_628.jpg,jpg
bad,kaggle_bad_Defective (64).jpg,bad_629.jpg,jpg
bad,kaggle_bad_Defective (640).jpg,bad_630.jpg,jpg
bad,kaggle_bad_Defective (641).jpg,bad_631.jpg,jpg
bad,kaggle_bad_Defective (642).jpg,bad_632.jpg,jpg
bad,kaggle_bad_Defective (643).jpg,bad_633.jpg,jpg
bad,kaggle_bad_Defective (644).jpg,bad_634.jpg,jpg
bad,kaggle_bad_Defective (645).jpg,bad_635.jpg,jpg
bad,kaggle_bad_Defective (646).jpg,bad_636.jpg,jpg
bad,kaggle_bad_Defective (647).jpg,bad_637.jpg,jpg
bad,kaggle_bad_Defective (648).jpg,bad_638.jpg,jpg
bad,kaggle_bad_Defective (649).jpg,bad_639.jpg,jpg
bad,kaggle_bad_Defective (65).jpg,bad_640.jpg,jpg
bad,kaggle_bad_Defective (650).jpg,bad_641.jpg,jpg
bad,kaggle_bad_Defective (651).jpg,bad_642.jpg,jpg
bad,kaggle_bad_Defective (652).jpg,bad_643.jpg,jpg
bad,kaggle_bad_Defective (653).jpg,bad_644.jpg,jpg
bad,kaggle_bad_Defective (654).jpg,bad_645.jpg,jpg
bad,kaggle_bad_Defective (655).jpg,bad_646.jpg,jpg
bad,kaggle_bad_Defective (656).jpg,bad_647.jpg,jpg
bad,kaggle_bad_Defective (657).jpg,bad_648.jpg,jpg
bad,kaggle_bad_Defective (658).jpg,bad_649.jpg,jpg
bad,kaggle_bad_Defective (659).jpg,bad_650.jpg,jpg
bad,kaggle_bad_Defective (66).jpg,bad_651.jpg,jpg
bad,kaggle_bad_Defective (660).jpg,bad_652.jpg,jpg
bad,kaggle_bad_Defective (661).jpg,bad_653.jpg,jpg
bad,kaggle_bad_Defective (662).jpg,bad_654.jpg,jpg
bad,kaggle_bad_Defective (663).jpg,bad_655.jpg,jpg
bad,kaggle_bad_Defective (664).jpg,bad_656.jpg,jpg
bad,kaggle_bad_Defective (665).jpg,bad_657.jpg,jpg
bad,kaggle_bad_Defective (666).jpg,bad_658.jpg,jpg
bad,kaggle_bad_Defective (667).jpg,bad_659.jpg,jpg
bad,kaggle_bad_Defective (668).jpg,bad_660.jpg,jpg
bad,kaggle_bad_Defective (669).jpg,bad_661.jpg,jpg
bad,kaggle_bad_Defective (67).jpg,bad_662.jpg,jpg
bad,kaggle_bad_Defective (670).jpg,bad_663.jpg,jpg
bad,kaggle_bad_Defective (671).jpg,bad_664.jpg,jpg
bad,kaggle_bad_Defective (672).jpg,bad_665.jpg,jpg
bad,kaggle_bad_Defective (673).jpg,bad_666.jpg,jpg
bad,kaggle_bad_Defective (674).jpg,bad_667.jpg,jpg
bad,kaggle_bad_Defective (675).jpg,bad_668.jpg,jpg
bad,kaggle_bad_Defective (676).jpg,bad_669.jpg,jpg
bad,kaggle_bad_Defective (677).jpg,bad_670.jpg,jpg
bad,kaggle_bad_Defective (678).jpg,bad_671.jpg,jpg
bad,kaggle_bad_Defective (679).jpg,bad_672.jpg,jpg
bad,kaggle_bad_Defective (68).jpg,bad_673.jpg,jpg
bad,kaggle_bad_Defective (680).jpg,bad_674.jpg,jpg
bad,kaggle_bad_Defective (681).jpg,bad_675.jpg,jpg
bad,kaggle_bad_Defective (682).jpg,bad_676.jpg,jpg
bad,kaggle_bad_Defective (683).jpg,bad_677.jpg,jpg
bad,kaggle_bad_Defective (684).jpg,bad_678.jpg,jpg
bad,kaggle_bad_Defective (685).jpg,bad_679.jpg,jpg
bad,kaggle_bad_Defective (686).jpg,bad_680.jpg,jpg
bad,kaggle_bad_Defective (687).jpg,bad_681.jpg,jpg
bad,kaggle_bad_Defective (688).jpg,bad_682.jpg,jpg
bad,kaggle_bad_Defective (689).jpg,bad_683.jpg,jpg
bad,kaggle_bad_Defective (69).jpg,bad_684.jpg,jpg
bad,kaggle_bad_Defective (690).jpg,bad_685.jpg,jpg
bad,kaggle_bad_Defective (691).jpg,bad_686.jpg,jpg
bad,kaggle_bad_Defective (692).jpg,bad_687.jpg,jpg
bad,kaggle_bad_Defective (693).jpg,bad_688.jpg,jpg
bad,kaggle_bad_Defective (694).jpg,bad_689.jpg,jpg
bad,kaggle_bad_Defective (695).jpg,bad_690.jpg,jpg
bad,kaggle_bad_Defective (696).jpg,bad_691.jpg,jpg
bad,kaggle_bad_Defective (697).jpg,bad_692.jpg,jpg
bad,kaggle_bad_Defective (698).jpg,bad_693.jpg,jpg
bad,kaggle_bad_Defective (699).jpg,bad_694.jpg,jpg
bad,kaggle_bad_Defective (7).jpg,bad_695.jpg,jpg
bad,kaggle_bad_Defective (70).jpg,bad_696.jpg,jpg
bad,kaggle_bad_Defective (700).jpg,bad_697.jpg,jpg
bad,kaggle_bad_Defective (701).jpg,bad_698.jpg,jpg
bad,kaggle_bad_Defective (702).jpg,bad_699.jpg,jpg
bad,kaggle_bad_Defective (703).jpg,bad_700.jpg,jpg
bad,kaggle_bad_Defective (704).jpg,bad_701.jpg,jpg
bad,kaggle_bad_Defective (705).jpg,bad_702.jpg,jpg
bad,kaggle_bad_Defective (706).jpg,bad_703.jpg,jpg
bad,kaggle_bad_Defective (707).jpg,bad_704.jpg,jpg
bad,kaggle_bad_Defective (708).jpg,bad_705.jpg,jpg
bad,kaggle_bad_Defective (709).jpg,bad_706.jpg,jpg
bad,kaggle_bad_Defective (71).jpg,bad_707.jpg,jpg
bad,kaggle_bad_Defective (710).jpg,bad_708.jpg,jpg
bad,kaggle_bad_Defective (711).jpg,bad_709.jpg,jpg
bad,kaggle_bad_Defective (712).jpg,bad_710.jpg,jpg
bad,kaggle_bad_Defective (713).jpg,bad_711.jpg,jpg
bad,kaggle_bad_Defective (714).jpg,bad_712.jpg,jpg
bad,kaggle_bad_Defective (715).jpg,bad_713.jpg,jpg
bad,kaggle_bad_Defective (716).jpg,bad_714.jpg,jpg
bad,kaggle_bad_Defective (717).jpg,bad_715.jpg,jpg
bad,kaggle_bad_Defective (718).jpg,bad_716.jpg,jpg
bad,kaggle_bad_Defective (719).jpg,bad_717.jpg,jpg
bad,kaggle_bad_Defective (72).jpg,bad_718.jpg,jpg
bad,kaggle_bad_Defective (720).jpg,bad_719.jpg,jpg
bad,kaggle_bad_Defective (721).jpg,bad_720.jpg,jpg
bad,kaggle_bad_Defective (722).jpg,bad_721.jpg,jpg
bad,kaggle_bad_Defective (723).jpg,bad_722.jpg,jpg
bad,kaggle_bad_Defective (724).jpg,bad_723.jpg,jpg
bad,kaggle_bad_Defective (725).jpg,bad_724.jpg,jpg
bad,kaggle_bad_Defective (726).jpg,bad_725.jpg,jpg
bad,kaggle_bad_Defective (727).jpg,bad_726.jpg,jpg
bad,kaggle_bad_Defective (728).jpg,bad_727.jpg,jpg
bad,kaggle_bad_Defective (729).jpg,bad_728.jpg,jpg
bad,kaggle_bad_Defective (73).jpg,bad_729.jpg,jpg
bad,kaggle_bad_Defective (730).jpg,bad_730.jpg,jpg
bad,kaggle_bad_Defective (731).jpg,bad_731.jpg,jpg
bad,kaggle_bad_Defective (732).jpg,bad_732.jpg,jpg
bad,kaggle_bad_Defective (733).jpg,bad_733.jpg,jpg
bad,kaggle_bad_Defective (734).jpg,bad_734.jpg,jpg
bad,kaggle_bad_Defective (735).jpg,bad_735.jpg,jpg
bad,kaggle_bad_Defective (736).jpg,bad_736.jpg,jpg
bad,kaggle_bad_Defective (737).jpg,bad_737.jpg,jpg
bad,kaggle_bad_Defective (738).jpg,bad_738.jpg,jpg
bad,kaggle_bad_Defective (739).jpg,bad_739.jpg,jpg
bad,kaggle_bad_Defective (74).jpg,bad_740.jpg,jpg
bad,kaggle_bad_Defective (740).jpg,bad_741.jpg,jpg
bad,kaggle_bad_Defective (741).jpg,bad_742.jpg,jpg
bad,kaggle_bad_Defective (742).jpg,bad_743.jpg,jpg
bad,kaggle_bad_Defective (743).jpg,bad_744.jpg,jpg
bad,kaggle_bad_Defective (744).jpg,bad_745.jpg,jpg
bad,kaggle_bad_Defective (745).jpg,bad_746.jpg,jpg
bad,kaggle_bad_Defective (746).jpg,bad_747.jpg,jpg
bad,kaggle_bad_Defective (747).jpg,bad_748.jpg,jpg
bad,kaggle_bad_Defective (748).jpg,bad_749.jpg,jpg
bad,kaggle_bad_Defective (749).jpg,bad_750.jpg,jpg
bad,kaggle_bad_Defective (75).jpg,bad_751.jpg,jpg
bad,kaggle_bad_Defective (750).jpg,bad_752.jpg,jpg
bad,kaggle_bad_Defective (751).jpg,bad_753.jpg,jpg
bad,kaggle_bad_Defective (752).jpg,bad_754.jpg,jpg
bad,kaggle_bad_Defective (753).jpg,bad_755.jpg,jpg
bad,kaggle_bad_Defective (754).jpg,bad_756.jpg,jpg
bad,kaggle_bad_Defective (755).jpg,bad_757.jpg,jpg
bad,kaggle_bad_Defective (756).jpg,bad_758.jpg,jpg
bad,kaggle_bad_Defective (757).jpg,bad_759.jpg,jpg
bad,kaggle_bad_Defective (758).jpg,bad_760.jpg,jpg
bad,kaggle_bad_Defective (759).jpg,bad_761.jpg,jpg
bad,kaggle_bad_Defective (76).jpg,bad_762.jpg,jpg
bad,kaggle_bad_Defective (760).jpg,bad_763.jpg,jpg
bad,kaggle_bad_Defective (761).jpg,bad_764.jpg,jpg
bad,kaggle_bad_Defective (762).jpg,bad_765.jpg,jpg
bad,kaggle_bad_Defective (763).jpg,bad_766.jpg,jpg
bad,kaggle_bad_Defective (764).jpg,bad_767.jpg,jpg
bad,kaggle_bad_Defective (765).jpg,bad_768.jpg,jpg
bad,kaggle_bad_Defective (766).jpg,bad_769.jpg,jpg
bad,kaggle_bad_Defective (767).jpg,bad_770.jpg,jpg
bad,kaggle_bad_Defective (768).jpg,bad_771.jpg,jpg
bad,kaggle_bad_Defective (769).jpg,bad_772.jpg,jpg
bad,kaggle_bad_Defective (77).jpg,bad_773.jpg,jpg
bad,kaggle_bad_Defective (770).jpg,bad_774.jpg,jpg
bad,kaggle_bad_Defective (771).jpg,bad_775.jpg,jpg
bad,kaggle_bad_Defective (772).jpg,bad_776.jpg,jpg
bad,kaggle_bad_Defective (773).jpg,bad_777.jpg,jpg
bad,kaggle_bad_Defective (774).jpg,bad_778.jpg,jpg
bad,kaggle_bad_Defective (775).jpg,bad_779.jpg,jpg
bad,kaggle_bad_Defective (776).jpg,bad_780.jpg,jpg
bad,kaggle_bad_Defective (777).jpg,bad_781.jpg,jpg
bad,kaggle_bad_Defective (778).jpg,bad_782.jpg,jpg
bad,kaggle_bad_Defective (779).jpg,bad_783.jpg,jpg
bad,kaggle_bad_Defective (78).jpg,bad_784.jpg,jpg
bad,kaggle_bad_Defective (780).jpg,bad_785.jpg,jpg
bad,kaggle_bad_Defective (781).jpg,bad_786.jpg,jpg
bad,kaggle_bad_Defective (782).jpg,bad_787.jpg,jpg
bad,kaggle_bad_Defective (783).jpg,bad_788.jpg,jpg
bad,kaggle_bad_Defective (784).jpg,bad_789.jpg,jpg
bad,kaggle_bad_Defective (785).jpg,bad_790.jpg,jpg
bad,kaggle_bad_Defective (786).jpg,bad_791.jpg,jpg
bad,kaggle_bad_Defective (787).jpg,bad_792.jpg,jpg
bad,kaggle_bad_Defective (788).jpg,bad_793.jpg,jpg
bad,kaggle_bad_Defective (789).jpg,bad_794.jpg,jpg
bad,kaggle_bad_Defective (79).jpg,bad_795.jpg,jpg
bad,kaggle_bad_Defective (790).jpg,bad_796.jpg,jpg
bad,kaggle_bad_Defective (791).jpg,bad_797.jpg,jpg
bad,kaggle_bad_Defective (792).jpg,bad_798.jpg,jpg
bad,kaggle_bad_Defective (793).jpg,bad_799.jpg,jpg
bad,kaggle_bad_Defective (794).jpg,bad_800.jpg,jpg
bad,kaggle_bad_Defective (795).jpg,bad_801.jpg,jpg
bad,kaggle_bad_Defective (796).jpg,bad_802.jpg,jpg
bad,kaggle_bad_Defective (797).jpg,bad_803.jpg,jpg
bad,kaggle_bad_Defective (798).jpg,bad_804.jpg,jpg
bad,kaggle_bad_Defective (799).jpg,bad_805.jpg,jpg
bad,kaggle_bad_Defective (8).jpg,bad_806.jpg,jpg
bad,kaggle_bad_Defective (80).jpg,bad_807.jpg,jpg
bad,kaggle_bad_Defective (800).jpg,bad_808.jpg,jpg
bad,kaggle_bad_Defective (801).jpg,bad_809.jpg,jpg
bad,kaggle_bad_Defective (802).jpg,bad_810.jpg,jpg
bad,kaggle_bad_Defective (803).jpg,bad_811.jpg,jpg
bad,kaggle_bad_Defective (804).jpg,bad_812.jpg,jpg
bad,kaggle_bad_Defective (805).jpg,bad_813.jpg,jpg
bad,kaggle_bad_Defective (806).jpg,bad_814.jpg,jpg
bad,kaggle_bad_Defective (807).jpg,bad_815.jpg,jpg
bad,kaggle_bad_Defective (808).jpg,bad_816.jpg,jpg
bad,kaggle_bad_Defective (809).jpg,bad_817.jpg,jpg
bad,kaggle_bad_Defective (81).jpg,bad_818.jpg,jpg
bad,kaggle_bad_Defective (810).jpg,bad_819.jpg,jpg
bad,kaggle_bad_Defective (811).jpg,bad_820.jpg,jpg
bad,kaggle_bad_Defective (812).jpg,bad_821.jpg,jpg
bad,kaggle_bad_Defective (814).jpg,bad_822.jpg,jpg
bad,kaggle_bad_Defective (816).jpg,bad_823.jpg,jpg
bad,kaggle_bad_Defective (818).jpg,bad_824.jpg,jpg
bad,kaggle_bad_Defective (82).jpg,bad_825.jpg,jpg
bad,kaggle_bad_Defective (820).jpg,bad_826.jpg,jpg
bad,kaggle_bad_Defective (822).jpg,bad_827.jpg,jpg
bad,kaggle_bad_Defective (824).jpg,bad_828.jpg,jpg
bad,kaggle_bad_Defective (826).jpg,bad_829.jpg,jpg
bad,kaggle_bad_Defective (828).jpg,bad_830.jpg,jpg
bad,kaggle_bad_Defective (83).jpg,bad_831.jpg,jpg
bad,kaggle_bad_Defective (830).jpg,bad_832.jpg,jpg
bad,kaggle_bad_Defective (832).jpg,bad_833.jpg,jpg
bad,kaggle_bad_Defective (834).jpg,bad_834.jpg,jpg
bad,kaggle_bad_Defective (836).jpg,bad_835.jpg,jpg
bad,kaggle_bad_Defective (838).jpg,bad_836.jpg,jpg
bad,kaggle_bad_Defective (84).jpg,bad_837.jpg,jpg
bad,kaggle_bad_Defective (840).jpg,bad_838.jpg,jpg
bad,kaggle_bad_Defective (842).jpg,bad_839.jpg,jpg
bad,kaggle_bad_Defective (844).jpg,bad_840.jpg,jpg
bad,kaggle_bad_Defective (846).jpg,bad_841.jpg,jpg
bad,kaggle_bad_Defective (848).jpg,bad_842.jpg,jpg
bad,kaggle_bad_Defective (85).jpg,bad_843.jpg,jpg
bad,kaggle_bad_Defective (850).jpg,bad_844.jpg,jpg
bad,kaggle_bad_Defective (851).jpg,bad_845.jpg,jpg
bad,kaggle_bad_Defective (852).jpg,bad_846.jpg,jpg
bad,kaggle_bad_Defective (854).jpg,bad_847.jpg,jpg
bad,kaggle_bad_Defective (856).jpg,bad_848.jpg,jpg
bad,kaggle_bad_Defective (858).jpg,bad_849.jpg,jpg
bad,kaggle_bad_Defective (86).jpg,bad_850.jpg,jpg
bad,kaggle_bad_Defective (860).jpg,bad_851.jpg,jpg
bad,kaggle_bad_Defective (862).jpg,bad_852.jpg,jpg
bad,kaggle_bad_Defective (864).jpg,bad_853.jpg,jpg
bad,kaggle_bad_Defective (866).jpg,bad_854.jpg,jpg
bad,kaggle_bad_Defective (868).jpg,bad_855.jpg,jpg
bad,kaggle_bad_Defective (869).jpg,bad_856.jpg,jpg
bad,kaggle_bad_Defective (87).jpg,bad_857.jpg,jpg
bad,kaggle_bad_Defective (870).jpg,bad_858.jpg,jpg
bad,kaggle_bad_Defective (871).jpg,bad_859.jpg,jpg
bad,kaggle_bad_Defective (872).jpg,bad_860.jpg,jpg
bad,kaggle_bad_Defective (873).jpg,bad_861.jpg,jpg
bad,kaggle_bad_Defective (874).jpg,bad_862.jpg,jpg
bad,kaggle_bad_Defective (875).jpg,bad_863.jpg,jpg
bad,kaggle_bad_Defective (876).jpg,bad_864.jpg,jpg
bad,kaggle_bad_Defective (877).jpg,bad_865.jpg,jpg
bad,kaggle_bad_Defective (878).jpg,bad_866.jpg,jpg
bad,kaggle_bad_Defective (879).jpg,bad_867.jpg,jpg
bad,kaggle_bad_Defective (88).jpg,bad_868.jpg,jpg
bad,kaggle_bad_Defective (880).jpg,bad_869.jpg,jpg
bad,kaggle_bad_Defective (881).jpg,bad_870.jpg,jpg
bad,kaggle_bad_Defective (882).jpg,bad_871.jpg,jpg
bad,kaggle_bad_Defective (883).jpg,bad_872.jpg,jpg
bad,kaggle_bad_Defective (884).jpg,bad_873.jpg,jpg
bad,kaggle_bad_Defective (885).jpg,bad_874.jpg,jpg
bad,kaggle_bad_Defective (886).jpg,bad_875.jpg,jpg
bad,kaggle_bad_Defective (887).jpg,bad_876.jpg,jpg
bad,kaggle_bad_Defective (888).jpg,bad_877.jpg,jpg
bad,kaggle_bad_Defective (889).jpg,bad_878.jpg,jpg
bad,kaggle_bad_Defective (89).jpg,bad_879.jpg,jpg
bad,kaggle_bad_Defective (890).jpg,bad_880.jpg,jpg
bad,kaggle_bad_Defective (891).jpg,bad_881.jpg,jpg
bad,kaggle_bad_Defective (892).jpg,bad_882.jpg,jpg
bad,kaggle_bad_Defective (893).jpg,bad_883.jpg,jpg
bad,kaggle_bad_Defective (894).jpg,bad_884.jpg,jpg
bad,kaggle_bad_Defective (895).jpg,bad_885.jpg,jpg
bad,kaggle_bad_Defective (896).jpg,bad_886.jpg,jpg
bad,kaggle_bad_Defective (897).jpg,bad_887.jpg,jpg
bad,kaggle_bad_Defective (898).jpg,bad_888.jpg,jpg
bad,kaggle_bad_Defective (899).jpg,bad_889.jpg,jpg
bad,kaggle_bad_Defective (9).jpg,bad_890.jpg,jpg
bad,kaggle_bad_Defective (90).jpg,bad_891.jpg,jpg
bad,kaggle_bad_Defective (900).jpg,bad_892.jpg,jpg
bad,kaggle_bad_Defective (901).jpg,bad_893.jpg,jpg
bad,kaggle_bad_Defective (902).jpg,bad_894.jpg,jpg
bad,kaggle_bad_Defective (903).jpg,bad_895.jpg,jpg
bad,kaggle_bad_Defective (904).jpg,bad_896.jpg,jpg
bad,kaggle_bad_Defective (905).jpg,bad_897.jpg,jpg
bad,kaggle_bad_Defective (906).jpg,bad_898.jpg,jpg
bad,kaggle_bad_Defective (907).jpg,bad_899.jpg,jpg
bad,kaggle_bad_Defective (908).jpg,bad_900.jpg,jpg
bad,kaggle_bad_Defective (909).jpg,bad_901.jpg,jpg
bad,kaggle_bad_Defective (91).jpg,bad_902.jpg,jpg
bad,kaggle_bad_Defective (910).jpg,bad_903.jpg,jpg
bad,kaggle_bad_Defective (911).jpg,bad_904.jpg,jpg
bad,kaggle_bad_Defective (912).jpg,bad_905.jpg,jpg
bad,kaggle_bad_Defective (913).jpg,bad_906.jpg,jpg
bad,kaggle_bad_Defective (914).jpg,bad_907.jpg,jpg
bad,kaggle_bad_Defective (915).jpg,bad_908.jpg,jpg
bad,kaggle_bad_Defective (916).jpg,bad_909.jpg,jpg
bad,kaggle_bad_Defective (917).jpg,bad_910.jpg,jpg
bad,kaggle_bad_Defective (918).jpg,bad_911.jpg,jpg
bad,kaggle_bad_Defective (919).jpg,bad_912.jpg,jpg
bad,kaggle_bad_Defective (92).jpg,bad_913.jpg,jpg
bad,kaggle_bad_Defective (920).jpg,bad_914.jpg,jpg
bad,kaggle_bad_Defective (921).jpg,bad_915.jpg,jpg
bad,kaggle_bad_Defective (922).jpg,bad_916.jpg,jpg
bad,kaggle_bad_Defective (923).jpg,bad_917.jpg,jpg
bad,kaggle_bad_Defective (924).jpg,bad_918.jpg,jpg
bad,kaggle_bad_Defective (925).jpg,bad_919.jpg,jpg
bad,kaggle_bad_Defective (926).jpg,bad_920.jpg,jpg
bad,kaggle_bad_Defective (927).jpg,bad_921.jpg,jpg
bad,kaggle_bad_Defective (928).jpg,bad_922.jpg,jpg
bad,kaggle_bad_Defective (929).jpg,bad_923.jpg,jpg
bad,kaggle_bad_Defective (93).jpg,bad_924.jpg,jpg
bad,kaggle_bad_Defective (930).jpg,bad_925.jpg,jpg
bad,kaggle_bad_Defective (931).jpg,bad_926.jpg,jpg
bad,kaggle_bad_Defective (932).jpg,bad_927.jpg,jpg
bad,kaggle_bad_Defective (933).jpg,bad_928.jpg,jpg
bad,kaggle_bad_Defective (934).jpg,bad_929.jpg,jpg
bad,kaggle_bad_Defective (935).jpg,bad_930.jpg,jpg
bad,kaggle_bad_Defective (936).jpg,bad_931.jpg,jpg
bad,kaggle_bad_Defective (937).jpg,bad_932.jpg,jpg
bad,kaggle_bad_Defective (938).jpg,bad_933.jpg,jpg
bad,kaggle_bad_Defective (939).jpg,bad_934.jpg,jpg
bad,kaggle_bad_Defective (94).jpg,bad_935.jpg,jpg
bad,kaggle_bad_Defective (940).jpg,bad_936.jpg,jpg
bad,kaggle_bad_Defective (941).jpg,bad_937.jpg,jpg
bad,kaggle_bad_Defective (942).jpg,bad_938.jpg,jpg
bad,kaggle_bad_Defective (943).jpg,bad_939.jpg,jpg
bad,kaggle_bad_Defective (944).jpg,bad_940.jpg,jpg
bad,kaggle_bad_Defective (945).jpg,bad_941.jpg,jpg
bad,kaggle_bad_Defective (946).jpg,bad_942.jpg,jpg
bad,kaggle_bad_Defective (947).jpg,bad_943.jpg,jpg
bad,kaggle_bad_Defective (948).jpg,bad_944.jpg,jpg
bad,kaggle_bad_Defective (949).jpg,bad_945.jpg,jpg
bad,kaggle_bad_Defective (95).jpg,bad_946.jpg,jpg
bad,kaggle_bad_Defective (950).jpg,bad_947.jpg,jpg
bad,kaggle_bad_Defective (951).jpg,bad_948.jpg,jpg
bad,kaggle_bad_Defective (952).jpg,bad_949.jpg,jpg
bad,kaggle_bad_Defective (953).jpg,bad_950.jpg,jpg
bad,kaggle_bad_Defective (954).jpg,bad_951.jpg,jpg
bad,kaggle_bad_Defective (955).jpg,bad_952.jpg,jpg
bad,kaggle_bad_Defective (956).jpg,bad_953.jpg,jpg
bad,kaggle_bad_Defective (957).jpg,bad_954.jpg,jpg
bad,kaggle_bad_Defective (958).jpg,bad_955.jpg,jpg
bad,kaggle_bad_Defective (959).jpg,bad_956.jpg,jpg
bad,kaggle_bad_Defective (96).jpg,bad_957.jpg,jpg
bad,kaggle_bad_Defective (960).jpg,bad_958.jpg,jpg
bad,kaggle_bad_Defective (961).jpg,bad_959.jpg,jpg
bad,kaggle_bad_Defective (962).jpg,bad_960.jpg,jpg
bad,kaggle_bad_Defective (963).jpg,bad_961.jpg,jpg
bad,kaggle_bad_Defective (964).jpg,bad_962.jpg,jpg
bad,kaggle_bad_Defective (965).jpg,bad_963.jpg,jpg
bad,kaggle_bad_Defective (966).jpg,bad_964.jpg,jpg
bad,kaggle_bad_Defective (967).jpg,bad_965.jpg,jpg
bad,kaggle_bad_Defective (968).jpg,bad_966.jpg,jpg
bad,kaggle_bad_Defective (969).jpg,bad_967.jpg,jpg
bad,kaggle_bad_Defective (97).jpg,bad_968.jpg,jpg
bad,kaggle_bad_Defective (970).jpg,bad_969.jpg,jpg
bad,kaggle_bad_Defective (971).jpg,bad_970.jpg,jpg
bad,kaggle_bad_Defective (972).jpg,bad_971.jpg,jpg
bad,kaggle_bad_Defective (973).jpg,bad_972.jpg,jpg
bad,kaggle_bad_Defective (974).jpg,bad_973.jpg,jpg
bad,kaggle_bad_Defective (975).jpg,bad_974.jpg,jpg
bad,kaggle_bad_Defective (976).jpg,bad_975.jpg,jpg
bad,kaggle_bad_Defective (977).jpg,bad_976.jpg,jpg
bad,kaggle_bad_Defective (978).jpg,bad_977.jpg,jpg
bad,kaggle_bad_Defective (979).jpg,bad_978.jpg,jpg
bad,kaggle_bad_Defective (98).jpg,bad_979.jpg,jpg
bad,kaggle_bad_Defective (980).jpg,bad_980.jpg,jpg
bad,kaggle_bad_Defective (981).jpg,bad_981.jpg,jpg
bad,kaggle_bad_Defective (982).jpg,bad_982.jpg,jpg
bad,kaggle_bad_Defective (983).jpg,bad_983.jpg,jpg
bad,kaggle_bad_Defective (984).jpg,bad_984.jpg,jpg
bad,kaggle_bad_Defective (985).jpg,bad_985.jpg,jpg
bad,kaggle_bad_Defective (986).jpg,bad_986.jpg,jpg
bad,kaggle_bad_Defective (987).jpg,bad_987.jpg,jpg
bad,kaggle_bad_Defective (988).jpg,bad_988.jpg,jpg
bad,kaggle_bad_Defective (989).jpg,bad_989.jpg,jpg
bad,kaggle_bad_Defective (99).jpg,bad_990.jpg,jpg
bad,kaggle_bad_Defective (990).jpg,bad_991.jpg,jpg
bad,kaggle_bad_Defective (991).jpg,bad_992.jpg,jpg
bad,kaggle_bad_Defective (992).jpg,bad_993.jpg,jpg
bad,kaggle_bad_Defective (993).jpg,bad_994.jpg,jpg
bad,kaggle_bad_Defective (994).jpg,bad_995.jpg,jpg
bad,kaggle_bad_Defective (995).jpg,bad_996.jpg,jpg
bad,kaggle_bad_Defective (996).jpg,bad_997.jpg,jpg
bad,kaggle_bad_Defective (997).jpg,bad_998.jpg,jpg
bad,kaggle_bad_Defective (998).jpg,bad_999.jpg,jpg
bad,kaggle_bad_Defective (999).jpg,bad_1000.jpg,jpg
bad,mendeley_bad_Defective (1).jpg,bad_1001.jpg,jpg
bad,mendeley_bad_Defective (10).jpg,bad_1002.jpg,jpg
bad,mendeley_bad_Defective (100).jpg,bad_1003.jpg,jpg
bad,mendeley_bad_Defective (101).jpg,bad_1004.jpg,jpg
bad,mendeley_bad_Defective (102).jpg,bad_1005.jpg,jpg
bad,mendeley_bad_Defective (103).jpg,bad_1006.jpg,jpg
bad,mendeley_bad_Defective (104).jpg,bad_1007.jpg,jpg
bad,mendeley_bad_Defective (105).jpg,bad_1008.jpg,jpg
bad,mendeley_bad_Defective (106).jpg,bad_1009.jpg,jpg
bad,mendeley_bad_Defective (107).jpg,bad_1010.jpg,jpg
bad,mendeley_bad_Defective (108).jpg,bad_1011.jpg,jpg
bad,mendeley_bad_Defective (109).jpg,bad_1012.jpg,jpg
bad,mendeley_bad_Defective (11).jpg,bad_1013.jpg,jpg
bad,mendeley_bad_Defective (110).jpg,bad_1014.jpg,jpg
bad,mendeley_bad_Defective (111).jpg,bad_1015.jpg,jpg
bad,mendeley_bad_Defective (112).jpg,bad_1016.jpg,jpg
bad,mendeley_bad_Defective (113).jpg,bad_1017.jpg,jpg
bad,mendeley_bad_Defective (114).jpg,bad_1018.jpg,jpg
bad,mendeley_bad_Defective (115).jpg,bad_1019.jpg,jpg
bad,mendeley_bad_Defective (116).jpg,bad_1020.jpg,jpg
bad,mendeley_bad_Defective (117).jpg,bad_1021.jpg,jpg
bad,mendeley_bad_Defective (118).jpg,bad_1022.jpg,jpg
bad,mendeley_bad_Defective (119).jpg,bad_1023.jpg,jpg
bad,mendeley_bad_Defective (12).jpg,bad_1024.jpg,jpg
bad,mendeley_bad_Defective (120).jpg,bad_1025.jpg,jpg
bad,mendeley_bad_Defective (121).jpg,bad_1026.jpg,jpg
bad,mendeley_bad_Defective (122).jpg,bad_1027.jpg,jpg
bad,mendeley_bad_Defective (123).jpg,bad_1028.jpg,jpg
bad,mendeley_bad_Defective (124).jpg,bad_1029.jpg,jpg
bad,mendeley_bad_Defective (125).jpg,bad_1030.jpg,jpg
bad,mendeley_bad_Defective (126).jpg,bad_1031.jpg,jpg
bad,mendeley_bad_Defective (127).jpg,bad_1032.jpg,jpg
bad,mendeley_bad_Defective (128).jpg,bad_1033.jpg,jpg
bad,mendeley_bad_Defective (129).jpg,bad_1034.jpg,jpg
bad,mendeley_bad_Defective (13).jpg,bad_1035.jpg,jpg
bad,mendeley_bad_Defective (130).jpg,bad_1036.jpg,jpg
bad,mendeley_bad_Defective (131).jpg,bad_1037.jpg,jpg
bad,mendeley_bad_Defective (132).jpg,bad_1038.jpg,jpg
bad,mendeley_bad_Defective (133).jpg,bad_1039.jpg,jpg
bad,mendeley_bad_Defective (134).jpg,bad_1040.jpg,jpg
bad,mendeley_bad_Defective (135).jpg,bad_1041.jpg,jpg
bad,mendeley_bad_Defective (136).jpg,bad_1042.jpg,jpg
bad,mendeley_bad_Defective (137).jpg,bad_1043.jpg,jpg
bad,mendeley_bad_Defective (138).jpg,bad_1044.jpg,jpg
bad,mendeley_bad_Defective (139).jpg,bad_1045.jpg,jpg
bad,mendeley_bad_Defective (14).jpg,bad_1046.jpg,jpg
bad,mendeley_bad_Defective (140).jpg,bad_1047.jpg,jpg
bad,mendeley_bad_Defective (141).jpg,bad_1048.jpg,jpg
bad,mendeley_bad_Defective (142).jpg,bad_1049.jpg,jpg
bad,mendeley_bad_Defective (143).jpg,bad_1050.jpg,jpg
bad,mendeley_bad_Defective (144).jpg,bad_1051.jpg,jpg
bad,mendeley_bad_Defective (145).jpg,bad_1052.jpg,jpg
bad,mendeley_bad_Defective (146).jpg,bad_1053.jpg,jpg
bad,mendeley_bad_Defective (147).jpg,bad_1054.jpg,jpg
bad,mendeley_bad_Defective (148).jpg,bad_1055.jpg,jpg
bad,mendeley_bad_Defective (149).jpg,bad_1056.jpg,jpg
bad,mendeley_bad_Defective (15).jpg,bad_1057.jpg,jpg
bad,mendeley_bad_Defective (150).jpg,bad_1058.jpg,jpg
bad,mendeley_bad_Defective (151).jpg,bad_1059.jpg,jpg
bad,mendeley_bad_Defective (152).jpg,bad_1060.jpg,jpg
bad,mendeley_bad_Defective (153).jpg,bad_1061.jpg,jpg
bad,mendeley_bad_Defective (154).jpg,bad_1062.jpg,jpg
bad,mendeley_bad_Defective (155).jpg,bad_1063.jpg,jpg
bad,mendeley_bad_Defective (156).jpg,bad_1064.jpg,jpg
bad,mendeley_bad_Defective (157).jpg,bad_1065.jpg,jpg
bad,mendeley_bad_Defective (158).jpg,bad_1066.jpg,jpg
bad,mendeley_bad_Defective (159).jpg,bad_1067.jpg,jpg
bad,mendeley_bad_Defective (16).jpg,bad_1068.jpg,jpg
bad,mendeley_bad_Defective (160).jpg,bad_1069.jpg,jpg
bad,mendeley_bad_Defective (161).jpg,bad_1070.jpg,jpg
bad,mendeley_bad_Defective (162).jpg,bad_1071.jpg,jpg
bad,mendeley_bad_Defective (163).jpg,bad_1072.jpg,jpg
bad,mendeley_bad_Defective (164).jpg,bad_1073.jpg,jpg
bad,mendeley_bad_Defective (165).jpg,bad_1074.jpg,jpg
bad,mendeley_bad_Defective (166).jpg,bad_1075.jpg,jpg
bad,mendeley_bad_Defective (167).jpg,bad_1076.jpg,jpg
bad,mendeley_bad_Defective (168).jpg,bad_1077.jpg,jpg
bad,mendeley_bad_Defective (169).jpg,bad_1078.jpg,jpg
bad,mendeley_bad_Defective (17).jpg,bad_1079.jpg,jpg
bad,mendeley_bad_Defective (170).jpg,bad_1080.jpg,jpg
bad,mendeley_bad_Defective (171).jpg,bad_1081.jpg,jpg
bad,mendeley_bad_Defective (172).jpg,bad_1082.jpg,jpg
bad,mendeley_bad_Defective (173).jpg,bad_1083.jpg,jpg
bad,mendeley_bad_Defective (174).jpg,bad_1084.jpg,jpg
bad,mendeley_bad_Defective (175).jpg,bad_1085.jpg,jpg
bad,mendeley_bad_Defective (176).jpg,bad_1086.jpg,jpg
bad,mendeley_bad_Defective (177).jpg,bad_1087.jpg,jpg
bad,mendeley_bad_Defective (178).jpg,bad_1088.jpg,jpg
bad,mendeley_bad_Defective (179).jpg,bad_1089.jpg,jpg
bad,mendeley_bad_Defective (18).jpg,bad_1090.jpg,jpg
bad,mendeley_bad_Defective (180).jpg,bad_1091.jpg,jpg
bad,mendeley_bad_Defective (181).jpg,bad_1092.jpg,jpg
bad,mendeley_bad_Defective (182).jpg,bad_1093.jpg,jpg
bad,mendeley_bad_Defective (183).jpg,bad_1094.jpg,jpg
bad,mendeley_bad_Defective (184).jpg,bad_1095.jpg,jpg
bad,mendeley_bad_Defective (185).jpg,bad_1096.jpg,jpg
bad,mendeley_bad_Defective (186).jpg,bad_1097.jpg,jpg
bad,mendeley_bad_Defective (187).jpg,bad_1098.jpg,jpg
bad,mendeley_bad_Defective (188).jpg,bad_1099.jpg,jpg
bad,mendeley_bad_Defective (189).jpg,bad_1100.jpg,jpg
bad,mendeley_bad_Defective (19).jpg,bad_1101.jpg,jpg
bad,mendeley_bad_Defective (190).jpg,bad_1102.jpg,jpg
bad,mendeley_bad_Defective (191).jpg,bad_1103.jpg,jpg
bad,mendeley_bad_Defective (192).jpg,bad_1104.jpg,jpg
bad,mendeley_bad_Defective (193).jpg,bad_1105.jpg,jpg
bad,mendeley_bad_Defective (194).jpg,bad_1106.jpg,jpg
bad,mendeley_bad_Defective (195).jpg,bad_1107.jpg,jpg
bad,mendeley_bad_Defective (196).jpg,bad_1108.jpg,jpg
bad,mendeley_bad_Defective (197).jpg,bad_1109.jpg,jpg
bad,mendeley_bad_Defective (198).jpg,bad_1110.jpg,jpg
bad,mendeley_bad_Defective (199).jpg,bad_1111.jpg,jpg
bad,mendeley_bad_Defective (2).jpg,bad_1112.jpg,jpg
bad,mendeley_bad_Defective (20).jpg,bad_1113.jpg,jpg
bad,mendeley_bad_Defective (200).jpg,bad_1114.jpg,jpg
bad,mendeley_bad_Defective (201).jpg,bad_1115.jpg,jpg
bad,mendeley_bad_Defective (202).jpg,bad_1116.jpg,jpg
bad,mendeley_bad_Defective (203).jpg,bad_1117.jpg,jpg
bad,mendeley_bad_Defective (204).jpg,bad_1118.jpg,jpg
bad,mendeley_bad_Defective (205).jpg,bad_1119.jpg,jpg
bad,mendeley_bad_Defective (206).jpg,bad_1120.jpg,jpg
bad,mendeley_bad_Defective (207).jpg,bad_1121.jpg,jpg
bad,mendeley_bad_Defective (208).jpg,bad_1122.jpg,jpg
bad,mendeley_bad_Defective (209).jpg,bad_1123.jpg,jpg
bad,mendeley_bad_Defective (21).jpg,bad_1124.jpg,jpg
bad,mendeley_bad_Defective (210).jpg,bad_1125.jpg,jpg
bad,mendeley_bad_Defective (211).jpg,bad_1126.jpg,jpg
bad,mendeley_bad_Defective (212).jpg,bad_1127.jpg,jpg
bad,mendeley_bad_Defective (213).jpg,bad_1128.jpg,jpg
bad,mendeley_bad_Defective (214).jpg,bad_1129.jpg,jpg
bad,mendeley_bad_Defective (215).jpg,bad_1130.jpg,jpg
bad,mendeley_bad_Defective (216).jpg,bad_1131.jpg,jpg
bad,mendeley_bad_Defective (217).jpg,bad_1132.jpg,jpg
bad,mendeley_bad_Defective (218).jpg,bad_1133.jpg,jpg
bad,mendeley_bad_Defective (219).jpg,bad_1134.jpg,jpg
bad,mendeley_bad_Defective (22).jpg,bad_1135.jpg,jpg
bad,mendeley_bad_Defective (220).jpg,bad_1136.jpg,jpg
bad,mendeley_bad_Defective (221).jpg,bad_1137.jpg,jpg
bad,mendeley_bad_Defective (222).jpg,bad_1138.jpg,jpg
bad,mendeley_bad_Defective (223).jpg,bad_1139.jpg,jpg
bad,mendeley_bad_Defective (224).jpg,bad_1140.jpg,jpg
bad,mendeley_bad_Defective (225).jpg,bad_1141.jpg,jpg
bad,mendeley_bad_Defective (226).jpg,bad_1142.jpg,jpg
bad,mendeley_bad_Defective (227).jpg,bad_1143.jpg,jpg
bad,mendeley_bad_Defective (228).jpg,bad_1144.jpg,jpg
bad,mendeley_bad_Defective (229).jpg,bad_1145.jpg,jpg
bad,mendeley_bad_Defective (23).jpg,bad_1146.jpg,jpg
bad,mendeley_bad_Defective (230).jpg,bad_1147.jpg,jpg
bad,mendeley_bad_Defective (231).jpg,bad_1148.jpg,jpg
bad,mendeley_bad_Defective (232).jpg,bad_1149.jpg,jpg
bad,mendeley_bad_Defective (233).jpg,bad_1150.jpg,jpg
bad,mendeley_bad_Defective (234).jpg,bad_1151.jpg,jpg
bad,mendeley_bad_Defective (235).jpg,bad_1152.jpg,jpg
bad,mendeley_bad_Defective (236).jpg,bad_1153.jpg,jpg
bad,mendeley_bad_Defective (237).jpg,bad_1154.jpg,jpg
bad,mendeley_bad_Defective (238).jpg,bad_1155.jpg,jpg
bad,mendeley_bad_Defective (239).jpg,bad_1156.jpg,jpg
bad,mendeley_bad_Defective (24).jpg,bad_1157.jpg,jpg
bad,mendeley_bad_Defective (240).jpg,bad_1158.jpg,jpg
bad,mendeley_bad_Defective (241).jpg,bad_1159.jpg,jpg
bad,mendeley_bad_Defective (242).jpg,bad_1160.jpg,jpg
bad,mendeley_bad_Defective (243).jpg,bad_1161.jpg,jpg
bad,mendeley_bad_Defective (244).jpg,bad_1162.jpg,jpg
bad,mendeley_bad_Defective (245).jpg,bad_1163.jpg,jpg
bad,mendeley_bad_Defective (246).jpg,bad_1164.jpg,jpg
bad,mendeley_bad_Defective (247).jpg,bad_1165.jpg,jpg
bad,mendeley_bad_Defective (248).jpg,bad_1166.jpg,jpg
bad,mendeley_bad_Defective (249).jpg,bad_1167.jpg,jpg
bad,mendeley_bad_Defective (25).jpg,bad_1168.jpg,jpg
bad,mendeley_bad_Defective (250).jpg,bad_1169.jpg,jpg
bad,mendeley_bad_Defective (251).jpg,bad_1170.jpg,jpg
bad,mendeley_bad_Defective (252).jpg,bad_1171.jpg,jpg
bad,mendeley_bad_Defective (253).jpg,bad_1172.jpg,jpg
bad,mendeley_bad_Defective (254).jpg,bad_1173.jpg,jpg
bad,mendeley_bad_Defective (255).jpg,bad_1174.jpg,jpg
bad,mendeley_bad_Defective (256).jpg,bad_1175.jpg,jpg
bad,mendeley_bad_Defective (257).jpg,bad_1176.jpg,jpg
bad,mendeley_bad_Defective (258).jpg,bad_1177.jpg,jpg
bad,mendeley_bad_Defective (259).jpg,bad_1178.jpg,jpg
bad,mendeley_bad_Defective (26).jpg,bad_1179.jpg,jpg
bad,mendeley_bad_Defective (260).jpg,bad_1180.jpg,jpg
bad,mendeley_bad_Defective (261).jpg,bad_1181.jpg,jpg
bad,mendeley_bad_Defective (262).jpg,bad_1182.jpg,jpg
bad,mendeley_bad_Defective (263).jpg,bad_1183.jpg,jpg
bad,mendeley_bad_Defective (264).jpg,bad_1184.jpg,jpg
bad,mendeley_bad_Defective (265).jpg,bad_1185.jpg,jpg
bad,mendeley_bad_Defective (266).jpg,bad_1186.jpg,jpg
bad,mendeley_bad_Defective (267).jpg,bad_1187.jpg,jpg
bad,mendeley_bad_Defective (268).jpg,bad_1188.jpg,jpg
bad,mendeley_bad_Defective (269).jpg,bad_1189.jpg,jpg
bad,mendeley_bad_Defective (27).jpg,bad_1190.jpg,jpg
bad,mendeley_bad_Defective (270).jpg,bad_1191.jpg,jpg
bad,mendeley_bad_Defective (271).jpg,bad_1192.jpg,jpg
bad,mendeley_bad_Defective (272).jpg,bad_1193.jpg,jpg
bad,mendeley_bad_Defective (273).jpg,bad_1194.jpg,jpg
bad,mendeley_bad_Defective (274).jpg,bad_1195.jpg,jpg
bad,mendeley_bad_Defective (275).jpg,bad_1196.jpg,jpg
bad,mendeley_bad_Defective (276).jpg,bad_1197.jpg,jpg
bad,mendeley_bad_Defective (277).jpg,bad_1198.jpg,jpg
bad,mendeley_bad_Defective (278).jpg,bad_1199.jpg,jpg
bad,mendeley_bad_Defective (279).jpg,bad_1200.jpg,jpg
bad,mendeley_bad_Defective (280).jpg,bad_1201.jpg,jpg
bad,mendeley_bad_Defective (281).jpg,bad_1202.jpg,jpg
bad,mendeley_bad_Defective (282).jpg,bad_1203.jpg,jpg
bad,mendeley_bad_Defective (283).jpg,bad_1204.jpg,jpg
bad,mendeley_bad_Defective (284).jpg,bad_1205.jpg,jpg
bad,mendeley_bad_Defective (285).jpg,bad_1206.jpg,jpg
bad,mendeley_bad_Defective (286).jpg,bad_1207.jpg,jpg
bad,mendeley_bad_Defective (287).jpg,bad_1208.jpg,jpg
bad,mendeley_bad_Defective (288).jpg,bad_1209.jpg,jpg
bad,mendeley_bad_Defective (289).jpg,bad_1210.jpg,jpg
bad,mendeley_bad_Defective (29).jpg,bad_1211.jpg,jpg
bad,mendeley_bad_Defective (290).jpg,bad_1212.jpg,jpg
bad,mendeley_bad_Defective (291).jpg,bad_1213.jpg,jpg
bad,mendeley_bad_Defective (292).jpg,bad_1214.jpg,jpg
bad,mendeley_bad_Defective (293).jpg,bad_1215.jpg,jpg
bad,mendeley_bad_Defective (294).jpg,bad_1216.jpg,jpg
bad,mendeley_bad_Defective (295).jpg,bad_1217.jpg,jpg
bad,mendeley_bad_Defective (296).jpg,bad_1218.jpg,jpg
bad,mendeley_bad_Defective (297).jpg,bad_1219.jpg,jpg
bad,mendeley_bad_Defective (298).jpg,bad_1220.jpg,jpg
bad,mendeley_bad_Defective (299).jpg,bad_1221.jpg,jpg
bad,mendeley_bad_Defective (3).jpg,bad_1222.jpg,jpg
bad,mendeley_bad_Defective (30).jpg,bad_1223.jpg,jpg
bad,mendeley_bad_Defective (300).jpg,bad_1224.jpg,jpg
bad,mendeley_bad_Defective (301).jpg,bad_1225.jpg,jpg
bad,mendeley_bad_Defective (302).jpg,bad_1226.jpg,jpg
bad,mendeley_bad_Defective (303).jpg,bad_1227.jpg,jpg
bad,mendeley_bad_Defective (304).jpg,bad_1228.jpg,jpg
bad,mendeley_bad_Defective (305).jpg,bad_1229.jpg,jpg
bad,mendeley_bad_Defective (306).jpg,bad_1230.jpg,jpg
bad,mendeley_bad_Defective (307).jpg,bad_1231.jpg,jpg
bad,mendeley_bad_Defective (308).jpg,bad_1232.jpg,jpg
bad,mendeley_bad_Defective (309).jpg,bad_1233.jpg,jpg
bad,mendeley_bad_Defective (31).jpg,bad_1234.jpg,jpg
bad,mendeley_bad_Defective (310).jpg,bad_1235.jpg,jpg
bad,mendeley_bad_Defective (311).jpg,bad_1236.jpg,jpg
bad,mendeley_bad_Defective (312).jpg,bad_1237.jpg,jpg
bad,mendeley_bad_Defective (313).jpg,bad_1238.jpg,jpg
bad,mendeley_bad_Defective (314).jpg,bad_1239.jpg,jpg
bad,mendeley_bad_Defective (315).jpg,bad_1240.jpg,jpg
bad,mendeley_bad_Defective (316).jpg,bad_1241.jpg,jpg
bad,mendeley_bad_Defective (317).jpg,bad_1242.jpg,jpg
bad,mendeley_bad_Defective (318).jpg,bad_1243.jpg,jpg
bad,mendeley_bad_Defective (319).jpg,bad_1244.jpg,jpg
bad,mendeley_bad_Defective (32).jpg,bad_1245.jpg,jpg
bad,mendeley_bad_Defective (320).jpg,bad_1246.jpg,jpg
bad,mendeley_bad_Defective (321).jpg,bad_1247.jpg,jpg
bad,mendeley_bad_Defective (322).jpg,bad_1248.jpg,jpg
bad,mendeley_bad_Defective (323).jpg,bad_1249.jpg,jpg
bad,mendeley_bad_Defective (324).jpg,bad_1250.jpg,jpg
bad,mendeley_bad_Defective (325).jpg,bad_1251.jpg,jpg
bad,mendeley_bad_Defective (326).jpg,bad_1252.jpg,jpg
bad,mendeley_bad_Defective (327).jpg,bad_1253.jpg,jpg
bad,mendeley_bad_Defective (328).jpg,bad_1254.jpg,jpg
bad,mendeley_bad_Defective (329).jpg,bad_1255.jpg,jpg
bad,mendeley_bad_Defective (33).jpg,bad_1256.jpg,jpg
bad,mendeley_bad_Defective (330).jpg,bad_1257.jpg,jpg
bad,mendeley_bad_Defective (331).jpg,bad_1258.jpg,jpg
bad,mendeley_bad_Defective (332).jpg,bad_1259.jpg,jpg
bad,mendeley_bad_Defective (333).jpg,bad_1260.jpg,jpg
bad,mendeley_bad_Defective (334).jpg,bad_1261.jpg,jpg
bad,mendeley_bad_Defective (335).jpg,bad_1262.jpg,jpg
bad,mendeley_bad_Defective (336).jpg,bad_1263.jpg,jpg
bad,mendeley_bad_Defective (337).jpg,bad_1264.jpg,jpg
bad,mendeley_bad_Defective (338).jpg,bad_1265.jpg,jpg
bad,mendeley_bad_Defective (339).jpg,bad_1266.jpg,jpg
bad,mendeley_bad_Defective (34).jpg,bad_1267.jpg,jpg
bad,mendeley_bad_Defective (340).jpg,bad_1268.jpg,jpg
bad,mendeley_bad_Defective (341).jpg,bad_1269.jpg,jpg
bad,mendeley_bad_Defective (342).jpg,bad_1270.jpg,jpg
bad,mendeley_bad_Defective (343).jpg,bad_1271.jpg,jpg
bad,mendeley_bad_Defective (344).jpg,bad_1272.jpg,jpg
bad,mendeley_bad_Defective (345).jpg,bad_1273.jpg,jpg
bad,mendeley_bad_Defective (346).jpg,bad_1274.jpg,jpg
bad,mendeley_bad_Defective (347).jpg,bad_1275.jpg,jpg
bad,mendeley_bad_Defective (348).jpg,bad_1276.jpg,jpg
bad,mendeley_bad_Defective (349).jpg,bad_1277.jpg,jpg
bad,mendeley_bad_Defective (35).jpg,bad_1278.jpg,jpg
bad,mendeley_bad_Defective (350).jpg,bad_1279.jpg,jpg
bad,mendeley_bad_Defective (351).jpg,bad_1280.jpg,jpg
bad,mendeley_bad_Defective (352).jpg,bad_1281.jpg,jpg
bad,mendeley_bad_Defective (353).jpg,bad_1282.jpg,jpg
bad,mendeley_bad_Defective (354).jpg,bad_1283.jpg,jpg
bad,mendeley_bad_Defective (355).jpg,bad_1284.jpg,jpg
bad,mendeley_bad_Defective (356).jpg,bad_1285.jpg,jpg
bad,mendeley_bad_Defective (357).jpg,bad_1286.jpg,jpg
bad,mendeley_bad_Defective (358).jpg,bad_1287.jpg,jpg
bad,mendeley_bad_Defective (359).jpg,bad_1288.jpg,jpg
bad,mendeley_bad_Defective (36).jpg,bad_1289.jpg,jpg
bad,mendeley_bad_Defective (360).jpg,bad_1290.jpg,jpg
bad,mendeley_bad_Defective (361).jpg,bad_1291.jpg,jpg
bad,mendeley_bad_Defective (362).jpg,bad_1292.jpg,jpg
bad,mendeley_bad_Defective (363).jpg,bad_1293.jpg,jpg
bad,mendeley_bad_Defective (364).jpg,bad_1294.jpg,jpg
bad,mendeley_bad_Defective (365).jpg,bad_1295.jpg,jpg
bad,mendeley_bad_Defective (366).jpg,bad_1296.jpg,jpg
bad,mendeley_bad_Defective (367).jpg,bad_1297.jpg,jpg
bad,mendeley_bad_Defective (368).jpg,bad_1298.jpg,jpg
bad,mendeley_bad_Defective (369).jpg,bad_1299.jpg,jpg
bad,mendeley_bad_Defective (37).jpg,bad_1300.jpg,jpg
bad,mendeley_bad_Defective (370).jpg,bad_1301.jpg,jpg
bad,mendeley_bad_Defective (371).jpg,bad_1302.jpg,jpg
bad,mendeley_bad_Defective (372).jpg,bad_1303.jpg,jpg
bad,mendeley_bad_Defective (373).jpg,bad_1304.jpg,jpg
bad,mendeley_bad_Defective (374).jpg,bad_1305.jpg,jpg
bad,mendeley_bad_Defective (375).jpg,bad_1306.jpg,jpg
bad,mendeley_bad_Defective (376).jpg,bad_1307.jpg,jpg
bad,mendeley_bad_Defective (377).jpg,bad_1308.jpg,jpg
bad,mendeley_bad_Defective (378).jpg,bad_1309.jpg,jpg
bad,mendeley_bad_Defective (379).jpg,bad_1310.jpg,jpg
bad,mendeley_bad_Defective (38).jpg,bad_1311.jpg,jpg
bad,mendeley_bad_Defective (380).jpg,bad_1312.jpg,jpg
bad,mendeley_bad_Defective (381).jpg,bad_1313.jpg,jpg
bad,mendeley_bad_Defective (382).jpg,bad_1314.jpg,jpg
bad,mendeley_bad_Defective (383).jpg,bad_1315.jpg,jpg
bad,mendeley_bad_Defective (384).jpg,bad_1316.jpg,jpg
bad,mendeley_bad_Defective (385).jpg,bad_1317.jpg,jpg
bad,mendeley_bad_Defective (386).jpg,bad_1318.jpg,jpg
bad,mendeley_bad_Defective (387).jpg,bad_1319.jpg,jpg
bad,mendeley_bad_Defective (388).jpg,bad_1320.jpg,jpg
bad,mendeley_bad_Defective (389).jpg,bad_1321.jpg,jpg
bad,mendeley_bad_Defective (39).jpg,bad_1322.jpg,jpg
bad,mendeley_bad_Defective (390).jpg,bad_1323.jpg,jpg
bad,mendeley_bad_Defective (391).jpg,bad_1324.jpg,jpg
bad,mendeley_bad_Defective (392).jpg,bad_1325.jpg,jpg
bad,mendeley_bad_Defective (393).jpg,bad_1326.jpg,jpg
bad,mendeley_bad_Defective (394).jpg,bad_1327.jpg,jpg
bad,mendeley_bad_Defective (395).jpg,bad_1328.jpg,jpg
bad,mendeley_bad_Defective (396).jpg,bad_1329.jpg,jpg
bad,mendeley_bad_Defective (397).jpg,bad_1330.jpg,jpg
bad,mendeley_bad_Defective (398).jpg,bad_1331.jpg,jpg
bad,mendeley_bad_Defective (399).jpg,bad_1332.jpg,jpg
bad,mendeley_bad_Defective (4).jpg,bad_1333.jpg,jpg
bad,mendeley_bad_Defective (40).jpg,bad_1334.jpg,jpg
bad,mendeley_bad_Defective (400).jpg,bad_1335.jpg,jpg
bad,mendeley_bad_Defective (401).jpg,bad_1336.jpg,jpg
bad,mendeley_bad_Defective (402).jpg,bad_1337.jpg,jpg
bad,mendeley_bad_Defective (403).jpg,bad_1338.jpg,jpg
bad,mendeley_bad_Defective (404).jpg,bad_1339.jpg,jpg
bad,mendeley_bad_Defective (405).jpg,bad_1340.jpg,jpg
bad,mendeley_bad_Defective (406).jpg,bad_1341.jpg,jpg
bad,mendeley_bad_Defective (407).jpg,bad_1342.jpg,jpg
bad,mendeley_bad_Defective (408).jpg,bad_1343.jpg,jpg
bad,mendeley_bad_Defective (409).jpg,bad_1344.jpg,jpg
bad,mendeley_bad_Defective (41).jpg,bad_1345.jpg,jpg
bad,mendeley_bad_Defective (410).jpg,bad_1346.jpg,jpg
bad,mendeley_bad_Defective (411).jpg,bad_1347.jpg,jpg
bad,mendeley_bad_Defective (412).jpg,bad_1348.jpg,jpg
bad,mendeley_bad_Defective (413).jpg,bad_1349.jpg,jpg
bad,mendeley_bad_Defective (414).jpg,bad_1350.jpg,jpg
bad,mendeley_bad_Defective (415).jpg,bad_1351.jpg,jpg
bad,mendeley_bad_Defective (416).jpg,bad_1352.jpg,jpg
bad,mendeley_bad_Defective (417).jpg,bad_1353.jpg,jpg
bad,mendeley_bad_Defective (418).jpg,bad_1354.jpg,jpg
bad,mendeley_bad_Defective (419).jpg,bad_1355.jpg,jpg
bad,mendeley_bad_Defective (42).jpg,bad_1356.jpg,jpg
bad,mendeley_bad_Defective (420).jpg,bad_1357.jpg,jpg
bad,mendeley_bad_Defective (421).jpg,bad_1358.jpg,jpg
bad,mendeley_bad_Defective (422).jpg,bad_1359.jpg,jpg
bad,mendeley_bad_Defective (423).jpg,bad_1360.jpg,jpg
bad,mendeley_bad_Defective (424).jpg,bad_1361.jpg,jpg
bad,mendeley_bad_Defective (425).jpg,bad_1362.jpg,jpg
bad,mendeley_bad_Defective (426).jpg,bad_1363.jpg,jpg
bad,mendeley_bad_Defective (427).jpg,bad_1364.jpg,jpg
bad,mendeley_bad_Defective (428).jpg,bad_1365.jpg,jpg
bad,mendeley_bad_Defective (429).jpg,bad_1366.jpg,jpg
bad,mendeley_bad_Defective (43).jpg,bad_1367.jpg,jpg
bad,mendeley_bad_Defective (430).jpg,bad_1368.jpg,jpg
bad,mendeley_bad_Defective (431).jpg,bad_1369.jpg,jpg
bad,mendeley_bad_Defective (432).jpg,bad_1370.jpg,jpg
bad,mendeley_bad_Defective (433).jpg,bad_1371.jpg,jpg
bad,mendeley_bad_Defective (434).jpg,bad_1372.jpg,jpg
bad,mendeley_bad_Defective (435).jpg,bad_1373.jpg,jpg
bad,mendeley_bad_Defective (436).jpg,bad_1374.jpg,jpg
bad,mendeley_bad_Defective (437).jpg,bad_1375.jpg,jpg
bad,mendeley_bad_Defective (438).jpg,bad_1376.jpg,jpg
bad,mendeley_bad_Defective (439).jpg,bad_1377.jpg,jpg
bad,mendeley_bad_Defective (44).jpg,bad_1378.jpg,jpg
bad,mendeley_bad_Defective (440).jpg,bad_1379.jpg,jpg
bad,mendeley_bad_Defective (441).jpg,bad_1380.jpg,jpg
bad,mendeley_bad_Defective (442).jpg,bad_1381.jpg,jpg
bad,mendeley_bad_Defective (443).jpg,bad_1382.jpg,jpg
bad,mendeley_bad_Defective (444).jpg,bad_1383.jpg,jpg
bad,mendeley_bad_Defective (445).jpg,bad_1384.jpg,jpg
bad,mendeley_bad_Defective (446).jpg,bad_1385.jpg,jpg
bad,mendeley_bad_Defective (447).jpg,bad_1386.jpg,jpg
bad,mendeley_bad_Defective (448).jpg,bad_1387.jpg,jpg
bad,mendeley_bad_Defective (449).jpg,bad_1388.jpg,jpg
bad,mendeley_bad_Defective (45).jpg,bad_1389.jpg,jpg
bad,mendeley_bad_Defective (450).jpg,bad_1390.jpg,jpg
bad,mendeley_bad_Defective (451).jpg,bad_1391.jpg,jpg
bad,mendeley_bad_Defective (452).jpg,bad_1392.jpg,jpg
bad,mendeley_bad_Defective (453).jpg,bad_1393.jpg,jpg
bad,mendeley_bad_Defective (454).jpg,bad_1394.jpg,jpg
bad,mendeley_bad_Defective (455).jpg,bad_1395.jpg,jpg
bad,mendeley_bad_Defective (456).jpg,bad_1396.jpg,jpg
bad,mendeley_bad_Defective (457).jpg,bad_1397.jpg,jpg
bad,mendeley_bad_Defective (458).jpg,bad_1398.jpg,jpg
bad,mendeley_bad_Defective (459).jpg,bad_1399.jpg,jpg
bad,mendeley_bad_Defective (46).jpg,bad_1400.jpg,jpg
bad,mendeley_bad_Defective (460).jpg,bad_1401.jpg,jpg
bad,mendeley_bad_Defective (461).jpg,bad_1402.jpg,jpg
bad,mendeley_bad_Defective (462).jpg,bad_1403.jpg,jpg
bad,mendeley_bad_Defective (463).jpg,bad_1404.jpg,jpg
bad,mendeley_bad_Defective (464).jpg,bad_1405.jpg,jpg
bad,mendeley_bad_Defective (465).jpg,bad_1406.jpg,jpg
bad,mendeley_bad_Defective (466).jpg,bad_1407.jpg,jpg
bad,mendeley_bad_Defective (467).jpg,bad_1408.jpg,jpg
bad,mendeley_bad_Defective (468).jpg,bad_1409.jpg,jpg
bad,mendeley_bad_Defective (469).jpg,bad_1410.jpg,jpg
bad,mendeley_bad_Defective (47).jpg,bad_1411.jpg,jpg
bad,mendeley_bad_Defective (470).jpg,bad_1412.jpg,jpg
bad,mendeley_bad_Defective (471).jpg,bad_1413.jpg,jpg
bad,mendeley_bad_Defective (472).jpg,bad_1414.jpg,jpg
bad,mendeley_bad_Defective (473).jpg,bad_1415.jpg,jpg
bad,mendeley_bad_Defective (474).jpg,bad_1416.jpg,jpg
bad,mendeley_bad_Defective (475).jpg,bad_1417.jpg,jpg
bad,mendeley_bad_Defective (476).jpg,bad_1418.jpg,jpg
bad,mendeley_bad_Defective (477).jpg,bad_1419.jpg,jpg
bad,mendeley_bad_Defective (478).jpg,bad_1420.jpg,jpg
bad,mendeley_bad_Defective (479).jpg,bad_1421.jpg,jpg
bad,mendeley_bad_Defective (48).jpg,bad_1422.jpg,jpg
bad,mendeley_bad_Defective (480).jpg,bad_1423.jpg,jpg
bad,mendeley_bad_Defective (481).jpg,bad_1424.jpg,jpg
bad,mendeley_bad_Defective (482).jpg,bad_1425.jpg,jpg
bad,mendeley_bad_Defective (483).jpg,bad_1426.jpg,jpg
bad,mendeley_bad_Defective (484).jpg,bad_1427.jpg,jpg
bad,mendeley_bad_Defective (485).jpg,bad_1428.jpg,jpg
bad,mendeley_bad_Defective (486).jpg,bad_1429.jpg,jpg
bad,mendeley_bad_Defective (487).jpg,bad_1430.jpg,jpg
bad,mendeley_bad_Defective (488).jpg,bad_1431.jpg,jpg
bad,mendeley_bad_Defective (489).jpg,bad_1432.jpg,jpg
bad,mendeley_bad_Defective (49).jpg,bad_1433.jpg,jpg
bad,mendeley_bad_Defective (490).jpg,bad_1434.jpg,jpg
bad,mendeley_bad_Defective (491).jpg,bad_1435.jpg,jpg
bad,mendeley_bad_Defective (492).jpg,bad_1436.jpg,jpg
bad,mendeley_bad_Defective (493).jpg,bad_1437.jpg,jpg
bad,mendeley_bad_Defective (494).jpg,bad_1438.jpg,jpg
bad,mendeley_bad_Defective (495).jpg,bad_1439.jpg,jpg
bad,mendeley_bad_Defective (496).jpg,bad_1440.jpg,jpg
bad,mendeley_bad_Defective (497).jpg,bad_1441.jpg,jpg
bad,mendeley_bad_Defective (498).jpg,bad_1442.jpg,jpg
bad,mendeley_bad_Defective (499).jpg,bad_1443.jpg,jpg
bad,mendeley_bad_Defective (5).jpg,bad_1444.jpg,jpg
bad,mendeley_bad_Defective (50).jpg,bad_1445.jpg,jpg
bad,mendeley_bad_Defective (500).jpg,bad_1446.jpg,jpg
bad,mendeley_bad_Defective (501).jpg,bad_1447.jpg,jpg
bad,mendeley_bad_Defective (502).jpg,bad_1448.jpg,jpg
bad,mendeley_bad_Defective (503).jpg,bad_1449.jpg,jpg
bad,mendeley_bad_Defective (504).jpg,bad_1450.jpg,jpg
bad,mendeley_bad_Defective (505).jpg,bad_1451.jpg,jpg
bad,mendeley_bad_Defective (506).jpg,bad_1452.jpg,jpg
bad,mendeley_bad_Defective (507).jpg,bad_1453.jpg,jpg
bad,mendeley_bad_Defective (508).jpg,bad_1454.jpg,jpg
bad,mendeley_bad_Defective (509).jpg,bad_1455.jpg,jpg
bad,mendeley_bad_Defective (51).jpg,bad_1456.jpg,jpg
bad,mendeley_bad_Defective (510).jpg,bad_1457.jpg,jpg
bad,mendeley_bad_Defective (511).jpg,bad_1458.jpg,jpg
bad,mendeley_bad_Defective (512).jpg,bad_1459.jpg,jpg
bad,mendeley_bad_Defective (513).jpg,bad_1460.jpg,jpg
bad,mendeley_bad_Defective (514).jpg,bad_1461.jpg,jpg
bad,mendeley_bad_Defective (515).jpg,bad_1462.jpg,jpg
bad,mendeley_bad_Defective (516).jpg,bad_1463.jpg,jpg
bad,mendeley_bad_Defective (517).jpg,bad_1464.jpg,jpg
bad,mendeley_bad_Defective (518).jpg,bad_1465.jpg,jpg
bad,mendeley_bad_Defective (519).jpg,bad_1466.jpg,jpg
bad,mendeley_bad_Defective (52).jpg,bad_1467.jpg,jpg
bad,mendeley_bad_Defective (520).jpg,bad_1468.jpg,jpg
bad,mendeley_bad_Defective (521).jpg,bad_1469.jpg,jpg
bad,mendeley_bad_Defective (522).jpg,bad_1470.jpg,jpg
bad,mendeley_bad_Defective (523).jpg,bad_1471.jpg,jpg
bad,mendeley_bad_Defective (524).jpg,bad_1472.jpg,jpg
bad,mendeley_bad_Defective (525).jpg,bad_1473.jpg,jpg
bad,mendeley_bad_Defective (526).jpg,bad_1474.jpg,jpg
bad,mendeley_bad_Defective (527).jpg,bad_1475.jpg,jpg
bad,mendeley_bad_Defective (528).jpg,bad_1476.jpg,jpg
bad,mendeley_bad_Defective (529).jpg,bad_1477.jpg,jpg
bad,mendeley_bad_Defective (53).jpg,bad_1478.jpg,jpg
bad,mendeley_bad_Defective (530).jpg,bad_1479.jpg,jpg
bad,mendeley_bad_Defective (531).jpg,bad_1480.jpg,jpg
bad,mendeley_bad_Defective (532).jpg,bad_1481.jpg,jpg
bad,mendeley_bad_Defective (533).jpg,bad_1482.jpg,jpg
bad,mendeley_bad_Defective (534).jpg,bad_1483.jpg,jpg
bad,mendeley_bad_Defective (535).jpg,bad_1484.jpg,jpg
bad,mendeley_bad_Defective (536).jpg,bad_1485.jpg,jpg
bad,mendeley_bad_Defective (537).jpg,bad_1486.jpg,jpg
bad,mendeley_bad_Defective (538).jpg,bad_1487.jpg,jpg
bad,mendeley_bad_Defective (539).jpg,bad_1488.jpg,jpg
bad,mendeley_bad_Defective (54).jpg,bad_1489.jpg,jpg
bad,mendeley_bad_Defective (540).jpg,bad_1490.jpg,jpg
bad,mendeley_bad_Defective (541).jpg,bad_1491.jpg,jpg
bad,mendeley_bad_Defective (542).jpg,bad_1492.jpg,jpg
bad,mendeley_bad_Defective (543).jpg,bad_1493.jpg,jpg
bad,mendeley_bad_Defective (544).jpg,bad_1494.jpg,jpg
bad,mendeley_bad_Defective (545).jpg,bad_1495.jpg,jpg
bad,mendeley_bad_Defective (546).jpg,bad_1496.jpg,jpg
bad,mendeley_bad_Defective (547).jpg,bad_1497.jpg,jpg
bad,mendeley_bad_Defective (548).jpg,bad_1498.jpg,jpg
bad,mendeley_bad_Defective (549).jpg,bad_1499.jpg,jpg
bad,mendeley_bad_Defective (55).jpg,bad_1500.jpg,jpg
bad,mendeley_bad_Defective (550).jpg,bad_1501.jpg,jpg
bad,mendeley_bad_Defective (551).jpg,bad_1502.jpg,jpg
bad,mendeley_bad_Defective (552).jpg,bad_1503.jpg,jpg
bad,mendeley_bad_Defective (553).jpg,bad_1504.jpg,jpg
bad,mendeley_bad_Defective (554).jpg,bad_1505.jpg,jpg
bad,mendeley_bad_Defective (555).jpg,bad_1506.jpg,jpg
bad,mendeley_bad_Defective (556).jpg,bad_1507.jpg,jpg
bad,mendeley_bad_Defective (557).jpg,bad_1508.jpg,jpg
bad,mendeley_bad_Defective (558).jpg,bad_1509.jpg,jpg
bad,mendeley_bad_Defective (559).jpg,bad_1510.jpg,jpg
bad,mendeley_bad_Defective (56).jpg,bad_1511.jpg,jpg
bad,mendeley_bad_Defective (560).jpg,bad_1512.jpg,jpg
bad,mendeley_bad_Defective (561).jpg,bad_1513.jpg,jpg
bad,mendeley_bad_Defective (562).jpg,bad_1514.jpg,jpg
bad,mendeley_bad_Defective (563).jpg,bad_1515.jpg,jpg
bad,mendeley_bad_Defective (564).jpg,bad_1516.jpg,jpg
bad,mendeley_bad_Defective (565).jpg,bad_1517.jpg,jpg
bad,mendeley_bad_Defective (566).jpg,bad_1518.jpg,jpg
bad,mendeley_bad_Defective (567).jpg,bad_1519.jpg,jpg
bad,mendeley_bad_Defective (568).jpg,bad_1520.jpg,jpg
bad,mendeley_bad_Defective (569).jpg,bad_1521.jpg,jpg
bad,mendeley_bad_Defective (57).jpg,bad_1522.jpg,jpg
bad,mendeley_bad_Defective (570).jpg,bad_1523.jpg,jpg
bad,mendeley_bad_Defective (571).jpg,bad_1524.jpg,jpg
bad,mendeley_bad_Defective (572).jpg,bad_1525.jpg,jpg
bad,mendeley_bad_Defective (573).jpg,bad_1526.jpg,jpg
bad,mendeley_bad_Defective (574).jpg,bad_1527.jpg,jpg
bad,mendeley_bad_Defective (575).jpg,bad_1528.jpg,jpg
bad,mendeley_bad_Defective (576).jpg,bad_1529.jpg,jpg
bad,mendeley_bad_Defective (577).jpg,bad_1530.jpg,jpg
bad,mendeley_bad_Defective (578).jpg,bad_1531.jpg,jpg
bad,mendeley_bad_Defective (579).jpg,bad_1532.jpg,jpg
bad,mendeley_bad_Defective (58).jpg,bad_1533.jpg,jpg
bad,mendeley_bad_Defective (580).jpg,bad_1534.jpg,jpg
bad,mendeley_bad_Defective (581).jpg,bad_1535.jpg,jpg
bad,mendeley_bad_Defective (582).jpg,bad_1536.jpg,jpg
bad,mendeley_bad_Defective (583).jpg,bad_1537.jpg,jpg
bad,mendeley_bad_Defective (584).jpg,bad_1538.jpg,jpg
bad,mendeley_bad_Defective (585).jpg,bad_1539.jpg,jpg
bad,mendeley_bad_Defective (586).jpg,bad_1540.jpg,jpg
bad,mendeley_bad_Defective (587).jpg,bad_1541.jpg,jpg
bad,mendeley_bad_Defective (588).jpg,bad_1542.jpg,jpg
bad,mendeley_bad_Defective (589).jpg,bad_1543.jpg,jpg
bad,mendeley_bad_Defective (59).jpg,bad_1544.jpg,jpg
bad,mendeley_bad_Defective (590).jpg,bad_1545.jpg,jpg
bad,mendeley_bad_Defective (591).jpg,bad_1546.jpg,jpg
bad,mendeley_bad_Defective (592).jpg,bad_1547.jpg,jpg
bad,mendeley_bad_Defective (593).jpg,bad_1548.jpg,jpg
bad,mendeley_bad_Defective (594).jpg,bad_1549.jpg,jpg
bad,mendeley_bad_Defective (595).jpg,bad_1550.jpg,jpg
bad,mendeley_bad_Defective (596).jpg,bad_1551.jpg,jpg
bad,mendeley_bad_Defective (597).jpg,bad_1552.jpg,jpg
bad,mendeley_bad_Defective (598).jpg,bad_1553.jpg,jpg
bad,mendeley_bad_Defective (599).jpg,bad_1554.jpg,jpg
bad,mendeley_bad_Defective (6).jpg,bad_1555.jpg,jpg
bad,mendeley_bad_Defective (60).jpg,bad_1556.jpg,jpg
bad,mendeley_bad_Defective (600).jpg,bad_1557.jpg,jpg
bad,mendeley_bad_Defective (601).jpg,bad_1558.jpg,jpg
bad,mendeley_bad_Defective (602).jpg,bad_1559.jpg,jpg
bad,mendeley_bad_Defective (603).jpg,bad_1560.jpg,jpg
bad,mendeley_bad_Defective (604).jpg,bad_1561.jpg,jpg
bad,mendeley_bad_Defective (605).jpg,bad_1562.jpg,jpg
bad,mendeley_bad_Defective (606).jpg,bad_1563.jpg,jpg
bad,mendeley_bad_Defective (607).jpg,bad_1564.jpg,jpg
bad,mendeley_bad_Defective (608).jpg,bad_1565.jpg,jpg
bad,mendeley_bad_Defective (609).jpg,bad_1566.jpg,jpg
bad,mendeley_bad_Defective (61).jpg,bad_1567.jpg,jpg
bad,mendeley_bad_Defective (610).jpg,bad_1568.jpg,jpg
bad,mendeley_bad_Defective (611).jpg,bad_1569.jpg,jpg
bad,mendeley_bad_Defective (612).jpg,bad_1570.jpg,jpg
bad,mendeley_bad_Defective (613).jpg,bad_1571.jpg,jpg
bad,mendeley_bad_Defective (614).jpg,bad_1572.jpg,jpg
bad,mendeley_bad_Defective (615).jpg,bad_1573.jpg,jpg
bad,mendeley_bad_Defective (616).jpg,bad_1574.jpg,jpg
bad,mendeley_bad_Defective (617).jpg,bad_1575.jpg,jpg
bad,mendeley_bad_Defective (619).jpg,bad_1576.jpg,jpg
bad,mendeley_bad_Defective (62).jpg,bad_1577.jpg,jpg
bad,mendeley_bad_Defective (620).jpg,bad_1578.jpg,jpg
bad,mendeley_bad_Defective (621).jpg,bad_1579.jpg,jpg
bad,mendeley_bad_Defective (622).jpg,bad_1580.jpg,jpg
bad,mendeley_bad_Defective (623).jpg,bad_1581.jpg,jpg
bad,mendeley_bad_Defective (624).jpg,bad_1582.jpg,jpg
bad,mendeley_bad_Defective (625).jpg,bad_1583.jpg,jpg
bad,mendeley_bad_Defective (626).jpg,bad_1584.jpg,jpg
bad,mendeley_bad_Defective (627).jpg,bad_1585.jpg,jpg
bad,mendeley_bad_Defective (628).jpg,bad_1586.jpg,jpg
bad,mendeley_bad_Defective (629).jpg,bad_1587.jpg,jpg
bad,mendeley_bad_Defective (63).jpg,bad_1588.jpg,jpg
bad,mendeley_bad_Defective (630).jpg,bad_1589.jpg,jpg
bad,mendeley_bad_Defective (631).jpg,bad_1590.jpg,jpg
bad,mendeley_bad_Defective (632).jpg,bad_1591.jpg,jpg
bad,mendeley_bad_Defective (633).jpg,bad_1592.jpg,jpg
bad,mendeley_bad_Defective (634).jpg,bad_1593.jpg,jpg
bad,mendeley_bad_Defective (635).jpg,bad_1594.jpg,jpg
bad,mendeley_bad_Defective (636).jpg,bad_1595.jpg,jpg
bad,mendeley_bad_Defective (637).jpg,bad_1596.jpg,jpg
bad,mendeley_bad_Defective (638).jpg,bad_1597.jpg,jpg
bad,mendeley_bad_Defective (639).jpg,bad_1598.jpg,jpg
bad,mendeley_bad_Defective (64).jpg,bad_1599.jpg,jpg
bad,mendeley_bad_Defective (640).jpg,bad_1600.jpg,jpg
bad,mendeley_bad_Defective (641).jpg,bad_1601.jpg,jpg
bad,mendeley_bad_Defective (642).jpg,bad_1602.jpg,jpg
bad,mendeley_bad_Defective (643).jpg,bad_1603.jpg,jpg
bad,mendeley_bad_Defective (644).jpg,bad_1604.jpg,jpg
bad,mendeley_bad_Defective (645).jpg,bad_1605.jpg,jpg
bad,mendeley_bad_Defective (646).jpg,bad_1606.jpg,jpg
bad,mendeley_bad_Defective (647).jpg,bad_1607.jpg,jpg
bad,mendeley_bad_Defective (648).jpg,bad_1608.jpg,jpg
bad,mendeley_bad_Defective (649).jpg,bad_1609.jpg,jpg
bad,mendeley_bad_Defective (65).jpg,bad_1610.jpg,jpg
bad,mendeley_bad_Defective (650).jpg,bad_1611.jpg,jpg
bad,mendeley_bad_Defective (651).jpg,bad_1612.jpg,jpg
bad,mendeley_bad_Defective (652).jpg,bad_1613.jpg,jpg
bad,mendeley_bad_Defective (653).jpg,bad_1614.jpg,jpg
bad,mendeley_bad_Defective (654).jpg,bad_1615.jpg,jpg
bad,mendeley_bad_Defective (655).jpg,bad_1616.jpg,jpg
bad,mendeley_bad_Defective (656).jpg,bad_1617.jpg,jpg
bad,mendeley_bad_Defective (657).jpg,bad_1618.jpg,jpg
bad,mendeley_bad_Defective (658).jpg,bad_1619.jpg,jpg
bad,mendeley_bad_Defective (659).jpg,bad_1620.jpg,jpg
bad,mendeley_bad_Defective (66).jpg,bad_1621.jpg,jpg
bad,mendeley_bad_Defective (660).jpg,bad_1622.jpg,jpg
bad,mendeley_bad_Defective (661).jpg,bad_1623.jpg,jpg
bad,mendeley_bad_Defective (662).jpg,bad_1624.jpg,jpg
bad,mendeley_bad_Defective (663).jpg,bad_1625.jpg,jpg
bad,mendeley_bad_Defective (664).jpg,bad_1626.jpg,jpg
bad,mendeley_bad_Defective (665).jpg,bad_1627.jpg,jpg
bad,mendeley_bad_Defective (666).jpg,bad_1628.jpg,jpg
bad,mendeley_bad_Defective (667).jpg,bad_1629.jpg,jpg
bad,mendeley_bad_Defective (668).jpg,bad_1630.jpg,jpg
bad,mendeley_bad_Defective (669).jpg,bad_1631.jpg,jpg
bad,mendeley_bad_Defective (67).jpg,bad_1632.jpg,jpg
bad,mendeley_bad_Defective (670).jpg,bad_1633.jpg,jpg
bad,mendeley_bad_Defective (671).jpg,bad_1634.jpg,jpg
bad,mendeley_bad_Defective (672).jpg,bad_1635.jpg,jpg
bad,mendeley_bad_Defective (673).jpg,bad_1636.jpg,jpg
bad,mendeley_bad_Defective (674).jpg,bad_1637.jpg,jpg
bad,mendeley_bad_Defective (675).jpg,bad_1638.jpg,jpg
bad,mendeley_bad_Defective (676).jpg,bad_1639.jpg,jpg
bad,mendeley_bad_Defective (677).jpg,bad_1640.jpg,jpg
bad,mendeley_bad_Defective (678).jpg,bad_1641.jpg,jpg
bad,mendeley_bad_Defective (679).jpg,bad_1642.jpg,jpg
bad,mendeley_bad_Defective (68).jpg,bad_1643.jpg,jpg
bad,mendeley_bad_Defective (680).jpg,bad_1644.jpg,jpg
bad,mendeley_bad_Defective (681).jpg,bad_1645.jpg,jpg
bad,mendeley_bad_Defective (682).jpg,bad_1646.jpg,jpg
bad,mendeley_bad_Defective (683).jpg,bad_1647.jpg,jpg
bad,mendeley_bad_Defective (684).jpg,bad_1648.jpg,jpg
bad,mendeley_bad_Defective (685).jpg,bad_1649.jpg,jpg
bad,mendeley_bad_Defective (686).jpg,bad_1650.jpg,jpg
bad,mendeley_bad_Defective (687).jpg,bad_1651.jpg,jpg
bad,mendeley_bad_Defective (688).jpg,bad_1652.jpg,jpg
bad,mendeley_bad_Defective (689).jpg,bad_1653.jpg,jpg
bad,mendeley_bad_Defective (69).jpg,bad_1654.jpg,jpg
bad,mendeley_bad_Defective (690).jpg,bad_1655.jpg,jpg
bad,mendeley_bad_Defective (691).jpg,bad_1656.jpg,jpg
bad,mendeley_bad_Defective (692).jpg,bad_1657.jpg,jpg
bad,mendeley_bad_Defective (693).jpg,bad_1658.jpg,jpg
bad,mendeley_bad_Defective (694).jpg,bad_1659.jpg,jpg
bad,mendeley_bad_Defective (695).jpg,bad_1660.jpg,jpg
bad,mendeley_bad_Defective (696).jpg,bad_1661.jpg,jpg
bad,mendeley_bad_Defective (697).jpg,bad_1662.jpg,jpg
bad,mendeley_bad_Defective (698).jpg,bad_1663.jpg,jpg
bad,mendeley_bad_Defective (699).jpg,bad_1664.jpg,jpg
bad,mendeley_bad_Defective (7).jpg,bad_1665.jpg,jpg
bad,mendeley_bad_Defective (70).jpg,bad_1666.jpg,jpg
bad,mendeley_bad_Defective (700).jpg,bad_1667.jpg,jpg
bad,mendeley_bad_Defective (701).jpg,bad_1668.jpg,jpg
bad,mendeley_bad_Defective (702).jpg,bad_1669.jpg,jpg
bad,mendeley_bad_Defective (703).jpg,bad_1670.jpg,jpg
bad,mendeley_bad_Defective (704).jpg,bad_1671.jpg,jpg
bad,mendeley_bad_Defective (705).jpg,bad_1672.jpg,jpg
bad,mendeley_bad_Defective (706).jpg,bad_1673.jpg,jpg
bad,mendeley_bad_Defective (707).jpg,bad_1674.jpg,jpg
bad,mendeley_bad_Defective (708).jpg,bad_1675.jpg,jpg
bad,mendeley_bad_Defective (709).jpg,bad_1676.jpg,jpg
bad,mendeley_bad_Defective (71).jpg,bad_1677.jpg,jpg
bad,mendeley_bad_Defective (710).jpg,bad_1678.jpg,jpg
bad,mendeley_bad_Defective (711).jpg,bad_1679.jpg,jpg
bad,mendeley_bad_Defective (712).jpg,bad_1680.jpg,jpg
bad,mendeley_bad_Defective (713).jpg,bad_1681.jpg,jpg
bad,mendeley_bad_Defective (714).jpg,bad_1682.jpg,jpg
bad,mendeley_bad_Defective (715).jpg,bad_1683.jpg,jpg
bad,mendeley_bad_Defective (716).jpg,bad_1684.jpg,jpg
bad,mendeley_bad_Defective (717).jpg,bad_1685.jpg,jpg
bad,mendeley_bad_Defective (718).jpg,bad_1686.jpg,jpg
bad,mendeley_bad_Defective (719).jpg,bad_1687.jpg,jpg
bad,mendeley_bad_Defective (72).jpg,bad_1688.jpg,jpg
bad,mendeley_bad_Defective (720).jpg,bad_1689.jpg,jpg
bad,mendeley_bad_Defective (721).jpg,bad_1690.jpg,jpg
bad,mendeley_bad_Defective (722).jpg,bad_1691.jpg,jpg
bad,mendeley_bad_Defective (723).jpg,bad_1692.jpg,jpg
bad,mendeley_bad_Defective (724).jpg,bad_1693.jpg,jpg
bad,mendeley_bad_Defective (725).jpg,bad_1694.jpg,jpg
bad,mendeley_bad_Defective (726).jpg,bad_1695.jpg,jpg
bad,mendeley_bad_Defective (727).jpg,bad_1696.jpg,jpg
bad,mendeley_bad_Defective (728).jpg,bad_1697.jpg,jpg
bad,mendeley_bad_Defective (729).jpg,bad_1698.jpg,jpg
bad,mendeley_bad_Defective (73).jpg,bad_1699.jpg,jpg
bad,mendeley_bad_Defective (730).jpg,bad_1700.jpg,jpg
bad,mendeley_bad_Defective (731).jpg,bad_1701.jpg,jpg
bad,mendeley_bad_Defective (732).jpg,bad_1702.jpg,jpg
bad,mendeley_bad_Defective (733).jpg,bad_1703.jpg,jpg
bad,mendeley_bad_Defective (734).jpg,bad_1704.jpg,jpg
bad,mendeley_bad_Defective (735).jpg,bad_1705.jpg,jpg
bad,mendeley_bad_Defective (736).jpg,bad_1706.jpg,jpg
bad,mendeley_bad_Defective (737).jpg,bad_1707.jpg,jpg
bad,mendeley_bad_Defective (738).jpg,bad_1708.jpg,jpg
bad,mendeley_bad_Defective (739).jpg,bad_1709.jpg,jpg
bad,mendeley_bad_Defective (74).jpg,bad_1710.jpg,jpg
bad,mendeley_bad_Defective (740).jpg,bad_1711.jpg,jpg
bad,mendeley_bad_Defective (741).jpg,bad_1712.jpg,jpg
bad,mendeley_bad_Defective (742).jpg,bad_1713.jpg,jpg
bad,mendeley_bad_Defective (743).jpg,bad_1714.jpg,jpg
bad,mendeley_bad_Defective (744).jpg,bad_1715.jpg,jpg
bad,mendeley_bad_Defective (745).jpg,bad_1716.jpg,jpg
bad,mendeley_bad_Defective (746).jpg,bad_1717.jpg,jpg
bad,mendeley_bad_Defective (747).jpg,bad_1718.jpg,jpg
bad,mendeley_bad_Defective (748).jpg,bad_1719.jpg,jpg
bad,mendeley_bad_Defective (749).jpg,bad_1720.jpg,jpg
bad,mendeley_bad_Defective (75).jpg,bad_1721.jpg,jpg
bad,mendeley_bad_Defective (750).jpg,bad_1722.jpg,jpg
bad,mendeley_bad_Defective (751).jpg,bad_1723.jpg,jpg
bad,mendeley_bad_Defective (752).jpg,bad_1724.jpg,jpg
bad,mendeley_bad_Defective (753).jpg,bad_1725.jpg,jpg
bad,mendeley_bad_Defective (754).jpg,bad_1726.jpg,jpg
bad,mendeley_bad_Defective (755).jpg,bad_1727.jpg,jpg
bad,mendeley_bad_Defective (756).jpg,bad_1728.jpg,jpg
bad,mendeley_bad_Defective (757).jpg,bad_1729.jpg,jpg
bad,mendeley_bad_Defective (758).jpg,bad_1730.jpg,jpg
bad,mendeley_bad_Defective (759).jpg,bad_1731.jpg,jpg
bad,mendeley_bad_Defective (76).jpg,bad_1732.jpg,jpg
bad,mendeley_bad_Defective (760).jpg,bad_1733.jpg,jpg
bad,mendeley_bad_Defective (761).jpg,bad_1734.jpg,jpg
bad,mendeley_bad_Defective (762).jpg,bad_1735.jpg,jpg
bad,mendeley_bad_Defective (763).jpg,bad_1736.jpg,jpg
bad,mendeley_bad_Defective (764).jpg,bad_1737.jpg,jpg
bad,mendeley_bad_Defective (765).jpg,bad_1738.jpg,jpg
bad,mendeley_bad_Defective (766).jpg,bad_1739.jpg,jpg
bad,mendeley_bad_Defective (767).jpg,bad_1740.jpg,jpg
bad,mendeley_bad_Defective (768).jpg,bad_1741.jpg,jpg
bad,mendeley_bad_Defective (769).jpg,bad_1742.jpg,jpg
bad,mendeley_bad_Defective (77).jpg,bad_1743.jpg,jpg
bad,mendeley_bad_Defective (770).jpg,bad_1744.jpg,jpg
bad,mendeley_bad_Defective (771).jpg,bad_1745.jpg,jpg
bad,mendeley_bad_Defective (772).jpg,bad_1746.jpg,jpg
bad,mendeley_bad_Defective (773).jpg,bad_1747.jpg,jpg
bad,mendeley_bad_Defective (774).jpg,bad_1748.jpg,jpg
bad,mendeley_bad_Defective (775).jpg,bad_1749.jpg,jpg
bad,mendeley_bad_Defective (776).jpg,bad_1750.jpg,jpg
bad,mendeley_bad_Defective (777).jpg,bad_1751.jpg,jpg
bad,mendeley_bad_Defective (778).jpg,bad_1752.jpg,jpg
bad,mendeley_bad_Defective (779).jpg,bad_1753.jpg,jpg
bad,mendeley_bad_Defective (78).jpg,bad_1754.jpg,jpg
bad,mendeley_bad_Defective (780).jpg,bad_1755.jpg,jpg
bad,mendeley_bad_Defective (781).jpg,bad_1756.jpg,jpg
bad,mendeley_bad_Defective (782).jpg,bad_1757.jpg,jpg
bad,mendeley_bad_Defective (783).jpg,bad_1758.jpg,jpg
bad,mendeley_bad_Defective (784).jpg,bad_1759.jpg,jpg
bad,mendeley_bad_Defective (785).jpg,bad_1760.jpg,jpg
bad,mendeley_bad_Defective (786).jpg,bad_1761.jpg,jpg
bad,mendeley_bad_Defective (787).jpg,bad_1762.jpg,jpg
bad,mendeley_bad_Defective (788).jpg,bad_1763.jpg,jpg
bad,mendeley_bad_Defective (789).jpg,bad_1764.jpg,jpg
bad,mendeley_bad_Defective (79).jpg,bad_1765.jpg,jpg
bad,mendeley_bad_Defective (790).jpg,bad_1766.jpg,jpg
bad,mendeley_bad_Defective (791).jpg,bad_1767.jpg,jpg
bad,mendeley_bad_Defective (792).jpg,bad_1768.jpg,jpg
bad,mendeley_bad_Defective (793).jpg,bad_1769.jpg,jpg
bad,mendeley_bad_Defective (794).jpg,bad_1770.jpg,jpg
bad,mendeley_bad_Defective (795).jpg,bad_1771.jpg,jpg
bad,mendeley_bad_Defective (796).jpg,bad_1772.jpg,jpg
bad,mendeley_bad_Defective (797).jpg,bad_1773.jpg,jpg
bad,mendeley_bad_Defective (798).jpg,bad_1774.jpg,jpg
bad,mendeley_bad_Defective (799).jpg,bad_1775.jpg,jpg
bad,mendeley_bad_Defective (8).jpg,bad_1776.jpg,jpg
bad,mendeley_bad_Defective (80).jpg,bad_1777.jpg,jpg
bad,mendeley_bad_Defective (800).jpg,bad_1778.jpg,jpg
bad,mendeley_bad_Defective (801).jpg,bad_1779.jpg,jpg
bad,mendeley_bad_Defective (802).jpg,bad_1780.jpg,jpg
bad,mendeley_bad_Defective (803).jpg,bad_1781.jpg,jpg
bad,mendeley_bad_Defective (804).jpg,bad_1782.jpg,jpg
bad,mendeley_bad_Defective (805).jpg,bad_1783.jpg,jpg
bad,mendeley_bad_Defective (806).jpg,bad_1784.jpg,jpg
bad,mendeley_bad_Defective (807).jpg,bad_1785.jpg,jpg
bad,mendeley_bad_Defective (808).jpg,bad_1786.jpg,jpg
bad,mendeley_bad_Defective (809).jpg,bad_1787.jpg,jpg
bad,mendeley_bad_Defective (81).jpg,bad_1788.jpg,jpg
bad,mendeley_bad_Defective (810).jpg,bad_1789.jpg,jpg
bad,mendeley_bad_Defective (811).jpg,bad_1790.jpg,jpg
bad,mendeley_bad_Defective (812).jpg,bad_1791.jpg,jpg
bad,mendeley_bad_Defective (813).jpg,bad_1792.jpg,jpg
bad,mendeley_bad_Defective (814).jpg,bad_1793.jpg,jpg
bad,mendeley_bad_Defective (815).jpg,bad_1794.jpg,jpg
bad,mendeley_bad_Defective (816).jpg,bad_1795.jpg,jpg
bad,mendeley_bad_Defective (817).jpg,bad_1796.jpg,jpg
bad,mendeley_bad_Defective (818).jpg,bad_1797.jpg,jpg
bad,mendeley_bad_Defective (819).jpg,bad_1798.jpg,jpg
bad,mendeley_bad_Defective (82).jpg,bad_1799.jpg,jpg
bad,mendeley_bad_Defective (820).jpg,bad_1800.jpg,jpg
bad,mendeley_bad_Defective (821).jpg,bad_1801.jpg,jpg
bad,mendeley_bad_Defective (822).jpg,bad_1802.jpg,jpg
bad,mendeley_bad_Defective (823).jpg,bad_1803.jpg,jpg
bad,mendeley_bad_Defective (824).jpg,bad_1804.jpg,jpg
bad,mendeley_bad_Defective (825).jpg,bad_1805.jpg,jpg
bad,mendeley_bad_Defective (826).jpg,bad_1806.jpg,jpg
bad,mendeley_bad_Defective (827).jpg,bad_1807.jpg,jpg
bad,mendeley_bad_Defective (828).jpg,bad_1808.jpg,jpg
bad,mendeley_bad_Defective (829).jpg,bad_1809.jpg,jpg
bad,mendeley_bad_Defective (83).jpg,bad_1810.jpg,jpg
bad,mendeley_bad_Defective (830).jpg,bad_1811.jpg,jpg
bad,mendeley_bad_Defective (831).jpg,bad_1812.jpg,jpg
bad,mendeley_bad_Defective (832).jpg,bad_1813.jpg,jpg
bad,mendeley_bad_Defective (833).jpg,bad_1814.jpg,jpg
bad,mendeley_bad_Defective (834).jpg,bad_1815.jpg,jpg
bad,mendeley_bad_Defective (835).jpg,bad_1816.jpg,jpg
bad,mendeley_bad_Defective (836).jpg,bad_1817.jpg,jpg
bad,mendeley_bad_Defective (837).jpg,bad_1818.jpg,jpg
bad,mendeley_bad_Defective (838).jpg,bad_1819.jpg,jpg
bad,mendeley_bad_Defective (839).jpg,bad_1820.jpg,jpg
bad,mendeley_bad_Defective (84).jpg,bad_1821.jpg,jpg
bad,mendeley_bad_Defective (840).jpg,bad_1822.jpg,jpg
bad,mendeley_bad_Defective (841).jpg,bad_1823.jpg,jpg
bad,mendeley_bad_Defective (842).jpg,bad_1824.jpg,jpg
bad,mendeley_bad_Defective (843).jpg,bad_1825.jpg,jpg
bad,mendeley_bad_Defective (844).jpg,bad_1826.jpg,jpg
bad,mendeley_bad_Defective (845).jpg,bad_1827.jpg,jpg
bad,mendeley_bad_Defective (846).jpg,bad_1828.jpg,jpg
bad,mendeley_bad_Defective (847).jpg,bad_1829.jpg,jpg
bad,mendeley_bad_Defective (848).jpg,bad_1830.jpg,jpg
bad,mendeley_bad_Defective (849).jpg,bad_1831.jpg,jpg
bad,mendeley_bad_Defective (85).jpg,bad_1832.jpg,jpg
bad,mendeley_bad_Defective (850).jpg,bad_1833.jpg,jpg
bad,mendeley_bad_Defective (851).jpg,bad_1834.jpg,jpg
bad,mendeley_bad_Defective (852).jpg,bad_1835.jpg,jpg
bad,mendeley_bad_Defective (853).jpg,bad_1836.jpg,jpg
bad,mendeley_bad_Defective (854).jpg,bad_1837.jpg,jpg
bad,mendeley_bad_Defective (855).jpg,bad_1838.jpg,jpg
bad,mendeley_bad_Defective (856).jpg,bad_1839.jpg,jpg
bad,mendeley_bad_Defective (857).jpg,bad_1840.jpg,jpg
bad,mendeley_bad_Defective (858).jpg,bad_1841.jpg,jpg
bad,mendeley_bad_Defective (859).jpg,bad_1842.jpg,jpg
bad,mendeley_bad_Defective (86).jpg,bad_1843.jpg,jpg
bad,mendeley_bad_Defective (860).jpg,bad_1844.jpg,jpg
bad,mendeley_bad_Defective (861).jpg,bad_1845.jpg,jpg
bad,mendeley_bad_Defective (862).jpg,bad_1846.jpg,jpg
bad,mendeley_bad_Defective (863).jpg,bad_1847.jpg,jpg
bad,mendeley_bad_Defective (864).jpg,bad_1848.jpg,jpg
bad,mendeley_bad_Defective (865).jpg,bad_1849.jpg,jpg
bad,mendeley_bad_Defective (866).jpg,bad_1850.jpg,jpg
bad,mendeley_bad_Defective (87).jpg,bad_1851.jpg,jpg
bad,mendeley_bad_Defective (88).jpg,bad_1852.jpg,jpg
bad,mendeley_bad_Defective (89).jpg,bad_1853.jpg,jpg
bad,mendeley_bad_Defective (9).jpg,bad_1854.jpg,jpg
bad,mendeley_bad_Defective (90).jpg,bad_1855.jpg,jpg
bad,mendeley_bad_Defective (92).jpg,bad_1856.jpg,jpg
bad,mendeley_bad_Defective (93).jpg,bad_1857.jpg,jpg
bad,mendeley_bad_Defective (94).jpg,bad_1858.jpg,jpg
bad,mendeley_bad_Defective (95).jpg,bad_1859.jpg,jpg
bad,mendeley_bad_Defective (96).jpg,bad_1860.jpg,jpg
bad,mendeley_bad_Defective (97).jpg,bad_1861.jpg,jpg
bad,mendeley_bad_Defective (98).jpg,bad_1862.jpg,jpg
bad,mendeley_bad_Defective (99).jpg,bad_1863.jpg,jpg
