filename,class,original_width,original_height,resized_width,resized_height,pad_top,pad_bottom,pad_left,pad_right
good_1.jpg,good,2084,2084,224,224,0,0,0,0
good_10.jpg,good,1800,4000,224,224,0,0,61,62
good_100.jpg,good,1800,4000,224,224,0,0,61,62
good_1000.jpg,good,2250,2250,224,224,0,0,0,0
good_1001.jpg,good,2250,2250,224,224,0,0,0,0
good_1002.jpg,good,1800,1800,224,224,0,0,0,0
good_1003.jpg,good,2250,2250,224,224,0,0,0,0
good_1004.jpg,good,1800,1800,224,224,0,0,0,0
good_1005.jpg,good,2250,2250,224,224,0,0,0,0
good_1006.jpg,good,2250,2250,224,224,0,0,0,0
good_1007.jpg,good,2250,2250,224,224,0,0,0,0
good_1008.jpg,good,2250,2250,224,224,0,0,0,0
good_1009.jpg,good,2250,2250,224,224,0,0,0,0
good_101.jpg,good,2667,2667,224,224,0,0,0,0
good_1010.jpg,good,1800,1800,224,224,0,0,0,0
good_1011.jpg,good,2250,2250,224,224,0,0,0,0
good_1012.jpg,good,2250,2250,224,224,0,0,0,0
good_1013.jpg,good,2250,2250,224,224,0,0,0,0
good_1014.jpg,good,2250,2250,224,224,0,0,0,0
good_1015.jpg,good,2250,2250,224,224,0,0,0,0
good_1016.jpg,good,2250,2250,224,224,0,0,0,0
good_1017.jpg,good,1800,1800,224,224,0,0,0,0
good_1018.jpg,good,2250,2250,224,224,0,0,0,0
good_1019.jpg,good,2250,2250,224,224,0,0,0,0
good_102.jpg,good,1800,4000,224,224,0,0,61,62
good_1020.jpg,good,2250,2250,224,224,0,0,0,0
good_1021.jpg,good,2250,2250,224,224,0,0,0,0
good_1022.jpg,good,2250,2250,224,224,0,0,0,0
good_1023.jpg,good,1730,1730,224,224,0,0,0,0
good_1024.jpg,good,1800,1800,224,224,0,0,0,0
good_1025.jpg,good,1540,1540,224,224,0,0,0,0
good_1026.jpg,good,1530,1530,224,224,0,0,0,0
good_1027.jpg,good,1800,1800,224,224,0,0,0,0
good_1028.jpg,good,2250,2250,224,224,0,0,0,0
good_1029.jpg,good,2250,2250,224,224,0,0,0,0
good_103.jpg,good,1800,4000,224,224,0,0,61,62
good_1030.jpg,good,1800,1800,224,224,0,0,0,0
good_1031.jpg,good,1970,1970,224,224,0,0,0,0
good_1032.jpg,good,1800,1800,224,224,0,0,0,0
good_1033.jpg,good,2250,2250,224,224,0,0,0,0
good_1034.jpg,good,2060,2060,224,224,0,0,0,0
good_1035.jpg,good,1800,1800,224,224,0,0,0,0
good_1036.jpg,good,2250,2250,224,224,0,0,0,0
good_1037.jpg,good,2250,2250,224,224,0,0,0,0
good_1038.jpg,good,2250,2250,224,224,0,0,0,0
good_1039.jpg,good,2250,2250,224,224,0,0,0,0
good_104.jpg,good,1800,4000,224,224,0,0,61,62
good_1040.jpg,good,1880,1880,224,224,0,0,0,0
good_1041.jpg,good,2250,2250,224,224,0,0,0,0
good_1042.jpg,good,2250,2250,224,224,0,0,0,0
good_1043.jpg,good,1640,1640,224,224,0,0,0,0
good_1044.jpg,good,2250,2250,224,224,0,0,0,0
good_1045.jpg,good,2070,2070,224,224,0,0,0,0
good_1046.jpg,good,2090,2090,224,224,0,0,0,0
good_1047.jpg,good,2250,2250,224,224,0,0,0,0
good_1048.jpg,good,2250,2250,224,224,0,0,0,0
good_1049.jpg,good,2250,2250,224,224,0,0,0,0
good_105.jpg,good,1800,4000,224,224,0,0,61,62
good_1050.jpg,good,2250,2250,224,224,0,0,0,0
good_1051.jpg,good,1800,1800,224,224,0,0,0,0
good_1052.jpg,good,1810,1810,224,224,0,0,0,0
good_1053.jpg,good,2250,2250,224,224,0,0,0,0
good_1054.jpg,good,2250,2250,224,224,0,0,0,0
good_1055.jpg,good,2250,2250,224,224,0,0,0,0
good_1056.jpg,good,2250,2250,224,224,0,0,0,0
good_1057.jpg,good,2250,2250,224,224,0,0,0,0
good_1058.jpg,good,2250,2250,224,224,0,0,0,0
good_1059.jpg,good,1970,1970,224,224,0,0,0,0
good_106.jpg,good,1800,4000,224,224,0,0,61,62
good_1060.jpg,good,2250,2250,224,224,0,0,0,0
good_1061.jpg,good,2250,2250,224,224,0,0,0,0
good_1062.jpg,good,2250,2250,224,224,0,0,0,0
good_1063.jpg,good,2250,2250,224,224,0,0,0,0
good_1064.jpg,good,2250,2250,224,224,0,0,0,0
good_1065.jpg,good,2250,2250,224,224,0,0,0,0
good_1066.jpg,good,2250,2250,224,224,0,0,0,0
good_1067.jpg,good,2250,2250,224,224,0,0,0,0
good_1068.jpg,good,2250,2250,224,224,0,0,0,0
good_1069.jpg,good,2250,2250,224,224,0,0,0,0
good_107.jpg,good,4000,1800,224,224,61,62,0,0
good_1070.jpg,good,2250,2250,224,224,0,0,0,0
good_1071.jpg,good,2250,2250,224,224,0,0,0,0
good_1072.jpg,good,2250,2250,224,224,0,0,0,0
good_1073.jpg,good,2250,2250,224,224,0,0,0,0
good_1074.jpg,good,1800,1800,224,224,0,0,0,0
good_1075.jpg,good,2250,2250,224,224,0,0,0,0
good_1076.jpg,good,2250,2250,224,224,0,0,0,0
good_1077.jpg,good,2250,2250,224,224,0,0,0,0
good_1078.jpg,good,2250,2250,224,224,0,0,0,0
good_1079.jpg,good,2250,2250,224,224,0,0,0,0
good_108.jpg,good,4000,1800,224,224,61,62,0,0
good_1080.jpg,good,2250,2250,224,224,0,0,0,0
good_1081.jpg,good,2250,2250,224,224,0,0,0,0
good_1082.jpg,good,2250,2250,224,224,0,0,0,0
good_1083.jpg,good,2250,2250,224,224,0,0,0,0
good_1084.jpg,good,2250,2250,224,224,0,0,0,0
good_1085.jpg,good,2250,2250,224,224,0,0,0,0
good_1086.jpg,good,2250,2250,224,224,0,0,0,0
good_1087.jpg,good,2250,2250,224,224,0,0,0,0
good_1088.jpg,good,2250,2250,224,224,0,0,0,0
good_1089.jpg,good,2250,2250,224,224,0,0,0,0
good_109.jpg,good,4000,1800,224,224,61,62,0,0
good_1090.jpg,good,2250,2250,224,224,0,0,0,0
good_1091.jpg,good,2250,2250,224,224,0,0,0,0
good_1092.jpg,good,1700,1700,224,224,0,0,0,0
good_1093.jpg,good,2250,2250,224,224,0,0,0,0
good_1094.jpg,good,2250,2250,224,224,0,0,0,0
good_1095.jpg,good,2250,2250,224,224,0,0,0,0
good_1096.jpg,good,2250,2250,224,224,0,0,0,0
good_1097.jpg,good,1550,1550,224,224,0,0,0,0
good_1098.jpg,good,2150,2150,224,224,0,0,0,0
good_1099.jpg,good,1750,1750,224,224,0,0,0,0
good_11.jpg,good,1800,4000,224,224,0,0,61,62
good_110.jpg,good,4000,1800,224,224,61,62,0,0
good_1100.jpg,good,2150,2150,224,224,0,0,0,0
good_1101.jpg,good,1661,1661,224,224,0,0,0,0
good_1102.jpg,good,1661,1661,224,224,0,0,0,0
good_1103.jpg,good,1850,1850,224,224,0,0,0,0
good_1104.jpg,good,1750,1750,224,224,0,0,0,0
good_1105.jpg,good,1680,1680,224,224,0,0,0,0
good_1106.jpg,good,1987,1987,224,224,0,0,0,0
good_1107.jpg,good,1800,1800,224,224,0,0,0,0
good_1108.jpg,good,2250,2250,224,224,0,0,0,0
good_1109.jpg,good,2250,2250,224,224,0,0,0,0
good_111.jpg,good,4000,1800,224,224,61,62,0,0
good_1110.jpg,good,1987,1987,224,224,0,0,0,0
good_1111.jpg,good,1987,1987,224,224,0,0,0,0
good_1112.jpg,good,2000,2000,224,224,0,0,0,0
good_1113.jpg,good,2250,2250,224,224,0,0,0,0
good_1114.jpg,good,2268,2268,224,224,0,0,0,0
good_1115.jpg,good,2268,2268,224,224,0,0,0,0
good_1116.jpg,good,2268,2268,224,224,0,0,0,0
good_1117.jpg,good,2268,2268,224,224,0,0,0,0
good_1118.jpg,good,2250,2250,224,224,0,0,0,0
good_1119.jpg,good,2268,2268,224,224,0,0,0,0
good_112.jpg,good,1574,1574,224,224,0,0,0,0
good_1120.jpg,good,2268,2268,224,224,0,0,0,0
good_1121.jpg,good,2268,2268,224,224,0,0,0,0
good_1122.jpg,good,2268,2268,224,224,0,0,0,0
good_1123.jpg,good,2268,2268,224,224,0,0,0,0
good_1124.jpg,good,2268,2268,224,224,0,0,0,0
good_1125.jpg,good,2268,2268,224,224,0,0,0,0
good_1126.jpg,good,2268,2268,224,224,0,0,0,0
good_1127.jpg,good,2268,2268,224,224,0,0,0,0
good_1128.jpg,good,2268,2268,224,224,0,0,0,0
good_1129.jpg,good,1800,1800,224,224,0,0,0,0
good_113.jpg,good,2316,2316,224,224,0,0,0,0
good_1130.jpg,good,2268,2268,224,224,0,0,0,0
good_1131.jpg,good,2268,2268,224,224,0,0,0,0
good_1132.jpg,good,2268,2268,224,224,0,0,0,0
good_1133.jpg,good,2268,2268,224,224,0,0,0,0
good_1134.jpg,good,2268,2268,224,224,0,0,0,0
good_1135.jpg,good,2268,2268,224,224,0,0,0,0
good_1136.jpg,good,2268,2268,224,224,0,0,0,0
good_1137.jpg,good,2268,2268,224,224,0,0,0,0
good_1138.jpg,good,2268,2268,224,224,0,0,0,0
good_1139.jpg,good,1800,1800,224,224,0,0,0,0
good_114.jpg,good,4000,1800,224,224,61,62,0,0
good_1140.jpg,good,2250,2250,224,224,0,0,0,0
good_1141.jpg,good,1800,1800,224,224,0,0,0,0
good_1142.jpg,good,1800,1800,224,224,0,0,0,0
good_1143.jpg,good,1800,1800,224,224,0,0,0,0
good_1144.jpg,good,1800,1800,224,224,0,0,0,0
good_1145.jpg,good,1800,1800,224,224,0,0,0,0
good_1146.jpg,good,1800,1800,224,224,0,0,0,0
good_1147.jpg,good,1800,1800,224,224,0,0,0,0
good_1148.jpg,good,1800,1800,224,224,0,0,0,0
good_1149.jpg,good,1800,1800,224,224,0,0,0,0
good_115.jpg,good,1800,4000,224,224,0,0,61,62
good_1150.jpg,good,1800,1800,224,224,0,0,0,0
good_1151.jpg,good,1800,1800,224,224,0,0,0,0
good_1152.jpg,good,1800,1800,224,224,0,0,0,0
good_1153.jpg,good,1800,1800,224,224,0,0,0,0
good_1154.jpg,good,1800,1800,224,224,0,0,0,0
good_1155.jpg,good,1800,1800,224,224,0,0,0,0
good_1156.jpg,good,1800,1800,224,224,0,0,0,0
good_1157.jpg,good,1800,1800,224,224,0,0,0,0
good_1158.jpg,good,1800,1800,224,224,0,0,0,0
good_1159.jpg,good,1800,1800,224,224,0,0,0,0
good_116.jpg,good,1800,4000,224,224,0,0,61,62
good_1160.jpg,good,1800,1800,224,224,0,0,0,0
good_1161.jpg,good,1800,1800,224,224,0,0,0,0
good_1162.jpg,good,1930,1930,224,224,0,0,0,0
good_1163.jpg,good,2250,2250,224,224,0,0,0,0
good_1164.jpg,good,1800,1800,224,224,0,0,0,0
good_1165.jpg,good,1800,1800,224,224,0,0,0,0
good_1166.jpg,good,1800,1800,224,224,0,0,0,0
good_1167.jpg,good,1800,1800,224,224,0,0,0,0
good_1168.jpg,good,1800,1800,224,224,0,0,0,0
good_1169.jpg,good,1800,1800,224,224,0,0,0,0
good_117.jpg,good,1800,4000,224,224,0,0,61,62
good_1170.jpg,good,1800,1800,224,224,0,0,0,0
good_1171.jpg,good,1800,1800,224,224,0,0,0,0
good_1172.jpg,good,1800,1800,224,224,0,0,0,0
good_1173.jpg,good,1800,1800,224,224,0,0,0,0
good_1174.jpg,good,1800,1800,224,224,0,0,0,0
good_1175.jpg,good,1800,1800,224,224,0,0,0,0
good_1176.jpg,good,1800,1800,224,224,0,0,0,0
good_1177.jpg,good,1800,1800,224,224,0,0,0,0
good_1178.jpg,good,1800,1800,224,224,0,0,0,0
good_1179.jpg,good,1800,1800,224,224,0,0,0,0
good_118.jpg,good,1800,4000,224,224,0,0,61,62
good_1180.jpg,good,1800,1800,224,224,0,0,0,0
good_1181.jpg,good,1800,1800,224,224,0,0,0,0
good_1182.jpg,good,1800,1800,224,224,0,0,0,0
good_1183.jpg,good,1800,1800,224,224,0,0,0,0
good_1184.jpg,good,1800,1800,224,224,0,0,0,0
good_1185.jpg,good,2250,2250,224,224,0,0,0,0
good_1186.jpg,good,1800,1800,224,224,0,0,0,0
good_1187.jpg,good,1800,1800,224,224,0,0,0,0
good_1188.jpg,good,1800,1800,224,224,0,0,0,0
good_1189.jpg,good,1800,1800,224,224,0,0,0,0
good_119.jpg,good,1800,4000,224,224,0,0,61,62
good_1190.jpg,good,2080,2080,224,224,0,0,0,0
good_1191.jpg,good,2080,2080,224,224,0,0,0,0
good_1192.jpg,good,2080,2080,224,224,0,0,0,0
good_1193.jpg,good,1800,1800,224,224,0,0,0,0
good_1194.jpg,good,1800,1800,224,224,0,0,0,0
good_1195.jpg,good,1800,1800,224,224,0,0,0,0
good_1196.jpg,good,1800,1800,224,224,0,0,0,0
good_1197.jpg,good,1800,1800,224,224,0,0,0,0
good_1198.jpg,good,1800,1800,224,224,0,0,0,0
good_1199.jpg,good,1800,1800,224,224,0,0,0,0
good_12.jpg,good,1800,4000,224,224,0,0,61,62
good_120.jpg,good,1800,4000,224,224,0,0,61,62
good_1200.jpg,good,1800,1800,224,224,0,0,0,0
good_1201.jpg,good,1800,1800,224,224,0,0,0,0
good_1202.jpg,good,1800,1800,224,224,0,0,0,0
good_1203.jpg,good,1800,1800,224,224,0,0,0,0
good_1204.jpg,good,1800,1800,224,224,0,0,0,0
good_1205.jpg,good,1800,1800,224,224,0,0,0,0
good_1206.jpg,good,1800,1800,224,224,0,0,0,0
good_1207.jpg,good,2250,2250,224,224,0,0,0,0
good_1208.jpg,good,1800,1800,224,224,0,0,0,0
good_1209.jpg,good,1800,1800,224,224,0,0,0,0
good_121.jpg,good,1800,4000,224,224,0,0,61,62
good_1210.jpg,good,1800,1800,224,224,0,0,0,0
good_1211.jpg,good,1800,1800,224,224,0,0,0,0
good_1212.jpg,good,1800,1800,224,224,0,0,0,0
good_1213.jpg,good,1800,1800,224,224,0,0,0,0
good_1214.jpg,good,1800,1800,224,224,0,0,0,0
good_1215.jpg,good,1800,1800,224,224,0,0,0,0
good_1216.jpg,good,1800,1800,224,224,0,0,0,0
good_1217.jpg,good,1800,1800,224,224,0,0,0,0
good_1218.jpg,good,1800,1800,224,224,0,0,0,0
good_1219.jpg,good,1800,1800,224,224,0,0,0,0
good_122.jpg,good,1800,4000,224,224,0,0,61,62
good_1220.jpg,good,1800,1800,224,224,0,0,0,0
good_1221.jpg,good,1800,1800,224,224,0,0,0,0
good_1222.jpg,good,1800,1800,224,224,0,0,0,0
good_1223.jpg,good,1800,1800,224,224,0,0,0,0
good_1224.jpg,good,1800,1800,224,224,0,0,0,0
good_1225.jpg,good,1800,1800,224,224,0,0,0,0
good_1226.jpg,good,1800,1800,224,224,0,0,0,0
good_1227.jpg,good,1800,1800,224,224,0,0,0,0
good_1228.jpg,good,1800,1800,224,224,0,0,0,0
good_1229.jpg,good,2250,2250,224,224,0,0,0,0
good_123.jpg,good,1800,4000,224,224,0,0,61,62
good_1230.jpg,good,1800,1800,224,224,0,0,0,0
good_1231.jpg,good,1800,1800,224,224,0,0,0,0
good_1232.jpg,good,1800,1800,224,224,0,0,0,0
good_1233.jpg,good,1800,1800,224,224,0,0,0,0
good_1234.jpg,good,1800,1800,224,224,0,0,0,0
good_1235.jpg,good,1800,1800,224,224,0,0,0,0
good_1236.jpg,good,1800,1800,224,224,0,0,0,0
good_1237.jpg,good,1800,1800,224,224,0,0,0,0
good_1238.jpg,good,1800,1800,224,224,0,0,0,0
good_1239.jpg,good,2250,2250,224,224,0,0,0,0
good_124.jpg,good,2718,2718,224,224,0,0,0,0
good_1240.jpg,good,1800,1800,224,224,0,0,0,0
good_1241.jpg,good,1800,1800,224,224,0,0,0,0
good_1242.jpg,good,1800,1800,224,224,0,0,0,0
good_1243.jpg,good,1800,1800,224,224,0,0,0,0
good_1244.jpg,good,1800,1800,224,224,0,0,0,0
good_1245.jpg,good,1800,1800,224,224,0,0,0,0
good_1246.jpg,good,1800,1800,224,224,0,0,0,0
good_1247.jpg,good,1800,1800,224,224,0,0,0,0
good_1248.jpg,good,1800,1800,224,224,0,0,0,0
good_1249.jpg,good,1800,1800,224,224,0,0,0,0
good_125.jpg,good,1800,4000,224,224,0,0,61,62
good_1250.jpg,good,2000,2000,224,224,0,0,0,0
good_1251.jpg,good,1800,1800,224,224,0,0,0,0
good_1252.jpg,good,1800,1800,224,224,0,0,0,0
good_1253.jpg,good,1800,1800,224,224,0,0,0,0
good_1254.jpg,good,1800,1800,224,224,0,0,0,0
good_1255.jpg,good,1800,1800,224,224,0,0,0,0
good_1256.jpg,good,1800,1800,224,224,0,0,0,0
good_1257.jpg,good,1800,1800,224,224,0,0,0,0
good_1258.jpg,good,1800,1800,224,224,0,0,0,0
good_1259.jpg,good,1800,1800,224,224,0,0,0,0
good_126.jpg,good,1800,4000,224,224,0,0,61,62
good_1260.jpg,good,1800,1800,224,224,0,0,0,0
good_1261.jpg,good,2250,2250,224,224,0,0,0,0
good_1262.jpg,good,1800,1800,224,224,0,0,0,0
good_1263.jpg,good,1800,1800,224,224,0,0,0,0
good_1264.jpg,good,1800,1800,224,224,0,0,0,0
good_1265.jpg,good,1800,1800,224,224,0,0,0,0
good_1266.jpg,good,1800,1800,224,224,0,0,0,0
good_1267.jpg,good,1800,1800,224,224,0,0,0,0
good_1268.jpg,good,1800,1800,224,224,0,0,0,0
good_1269.jpg,good,1800,1800,224,224,0,0,0,0
good_127.jpg,good,1800,4000,224,224,0,0,61,62
good_1270.jpg,good,1800,1800,224,224,0,0,0,0
good_1271.jpg,good,2250,2250,224,224,0,0,0,0
good_1272.jpg,good,1800,1800,224,224,0,0,0,0
good_1273.jpg,good,2250,2250,224,224,0,0,0,0
good_1274.jpg,good,2250,2250,224,224,0,0,0,0
good_1275.jpg,good,2250,2250,224,224,0,0,0,0
good_1276.jpg,good,2250,2250,224,224,0,0,0,0
good_1277.jpg,good,2250,2250,224,224,0,0,0,0
good_1278.jpg,good,2250,2250,224,224,0,0,0,0
good_1279.jpg,good,2250,2250,224,224,0,0,0,0
good_128.jpg,good,1800,4000,224,224,0,0,61,62
good_1280.jpg,good,2250,2250,224,224,0,0,0,0
good_1281.jpg,good,2250,2250,224,224,0,0,0,0
good_1282.jpg,good,2250,2250,224,224,0,0,0,0
good_1283.jpg,good,2250,2250,224,224,0,0,0,0
good_1284.jpg,good,2250,2250,224,224,0,0,0,0
good_1285.jpg,good,2250,2250,224,224,0,0,0,0
good_1286.jpg,good,2250,2250,224,224,0,0,0,0
good_1287.jpg,good,2250,2250,224,224,0,0,0,0
good_1288.jpg,good,2250,2250,224,224,0,0,0,0
good_1289.jpg,good,2250,2250,224,224,0,0,0,0
good_129.jpg,good,1800,4000,224,224,0,0,61,62
good_1290.jpg,good,2250,2250,224,224,0,0,0,0
good_1291.jpg,good,2250,2250,224,224,0,0,0,0
good_1292.jpg,good,2250,2250,224,224,0,0,0,0
good_1293.jpg,good,2250,2250,224,224,0,0,0,0
good_1294.jpg,good,2250,2250,224,224,0,0,0,0
good_1295.jpg,good,1750,1750,224,224,0,0,0,0
good_1296.jpg,good,2250,2250,224,224,0,0,0,0
good_1297.jpg,good,2250,2250,224,224,0,0,0,0
good_1298.jpg,good,2250,2250,224,224,0,0,0,0
good_1299.jpg,good,2250,2250,224,224,0,0,0,0
good_13.jpg,good,1694,1694,224,224,0,0,0,0
good_130.jpg,good,1800,4000,224,224,0,0,61,62
good_1300.jpg,good,2250,2250,224,224,0,0,0,0
good_1301.jpg,good,2250,2250,224,224,0,0,0,0
good_1302.jpg,good,2250,2250,224,224,0,0,0,0
good_1303.jpg,good,1990,1990,224,224,0,0,0,0
good_1304.jpg,good,2250,2250,224,224,0,0,0,0
good_1305.jpg,good,2250,2250,224,224,0,0,0,0
good_1306.jpg,good,1790,1790,224,224,0,0,0,0
good_1307.jpg,good,2250,2250,224,224,0,0,0,0
good_1308.jpg,good,2250,2250,224,224,0,0,0,0
good_1309.jpg,good,2250,2250,224,224,0,0,0,0
good_131.jpg,good,1800,4000,224,224,0,0,61,62
good_1310.jpg,good,2250,2250,224,224,0,0,0,0
good_1311.jpg,good,2250,2250,224,224,0,0,0,0
good_1312.jpg,good,2250,2250,224,224,0,0,0,0
good_1313.jpg,good,2250,2250,224,224,0,0,0,0
good_1314.jpg,good,2250,2250,224,224,0,0,0,0
good_1315.jpg,good,2250,2250,224,224,0,0,0,0
good_1316.jpg,good,2250,2250,224,224,0,0,0,0
good_1317.jpg,good,1950,1950,224,224,0,0,0,0
good_1318.jpg,good,2250,2250,224,224,0,0,0,0
good_1319.jpg,good,2250,2250,224,224,0,0,0,0
good_132.jpg,good,1800,4000,224,224,0,0,61,62
good_1320.jpg,good,2250,2250,224,224,0,0,0,0
good_1321.jpg,good,2250,2250,224,224,0,0,0,0
good_1322.jpg,good,2250,2250,224,224,0,0,0,0
good_1323.jpg,good,2250,2250,224,224,0,0,0,0
good_1324.jpg,good,2250,2250,224,224,0,0,0,0
good_1325.jpg,good,2250,2250,224,224,0,0,0,0
good_1326.jpg,good,2250,2250,224,224,0,0,0,0
good_1327.jpg,good,2250,2250,224,224,0,0,0,0
good_1328.jpg,good,1900,1900,224,224,0,0,0,0
good_1329.jpg,good,2250,2250,224,224,0,0,0,0
good_133.jpg,good,1800,4000,224,224,0,0,61,62
good_1330.jpg,good,2250,2250,224,224,0,0,0,0
good_1331.jpg,good,2250,2250,224,224,0,0,0,0
good_1332.jpg,good,2250,2250,224,224,0,0,0,0
good_1333.jpg,good,2250,2250,224,224,0,0,0,0
good_1334.jpg,good,2250,2250,224,224,0,0,0,0
good_1335.jpg,good,1800,1800,224,224,0,0,0,0
good_1336.jpg,good,1810,1810,224,224,0,0,0,0
good_1337.jpg,good,1750,1750,224,224,0,0,0,0
good_1338.jpg,good,1630,1630,224,224,0,0,0,0
good_1339.jpg,good,2250,2250,224,224,0,0,0,0
good_134.jpg,good,1800,4000,224,224,0,0,61,62
good_1340.jpg,good,2268,2268,224,224,0,0,0,0
good_1341.jpg,good,2250,2250,224,224,0,0,0,0
good_1342.jpg,good,2268,2268,224,224,0,0,0,0
good_1343.jpg,good,2250,2250,224,224,0,0,0,0
good_1344.jpg,good,2268,2268,224,224,0,0,0,0
good_1345.jpg,good,1910,1910,224,224,0,0,0,0
good_1346.jpg,good,1800,1800,224,224,0,0,0,0
good_1347.jpg,good,1600,1600,224,224,0,0,0,0
good_1348.jpg,good,1850,1850,224,224,0,0,0,0
good_1349.jpg,good,2268,2268,224,224,0,0,0,0
good_135.jpg,good,2799,2799,224,224,0,0,0,0
good_1350.jpg,good,2250,2250,224,224,0,0,0,0
good_1351.jpg,good,1900,1900,224,224,0,0,0,0
good_1352.jpg,good,1800,1800,224,224,0,0,0,0
good_1353.jpg,good,2268,2268,224,224,0,0,0,0
good_1354.jpg,good,2100,2100,224,224,0,0,0,0
good_1355.jpg,good,1990,1990,224,224,0,0,0,0
good_1356.jpg,good,2250,2250,224,224,0,0,0,0
good_1357.jpg,good,2250,2250,224,224,0,0,0,0
good_1358.jpg,good,2268,2268,224,224,0,0,0,0
good_1359.jpg,good,2250,2250,224,224,0,0,0,0
good_136.jpg,good,1800,4000,224,224,0,0,61,62
good_1360.jpg,good,2268,2268,224,224,0,0,0,0
good_1361.jpg,good,2100,2100,224,224,0,0,0,0
good_1362.jpg,good,2250,2250,224,224,0,0,0,0
good_1363.jpg,good,2268,2268,224,224,0,0,0,0
good_1364.jpg,good,2250,2250,224,224,0,0,0,0
good_1365.jpg,good,2250,2250,224,224,0,0,0,0
good_1366.jpg,good,2268,2268,224,224,0,0,0,0
good_1367.jpg,good,2250,2250,224,224,0,0,0,0
good_1368.jpg,good,2250,2250,224,224,0,0,0,0
good_1369.jpg,good,2250,2250,224,224,0,0,0,0
good_137.jpg,good,1800,4000,224,224,0,0,61,62
good_1370.jpg,good,2268,2268,224,224,0,0,0,0
good_1371.jpg,good,2250,2250,224,224,0,0,0,0
good_1372.jpg,good,1800,1800,224,224,0,0,0,0
good_1373.jpg,good,1450,1450,224,224,0,0,0,0
good_1374.jpg,good,1550,1550,224,224,0,0,0,0
good_1375.jpg,good,2250,2250,224,224,0,0,0,0
good_1376.jpg,good,2250,2250,224,224,0,0,0,0
good_1377.jpg,good,2268,2268,224,224,0,0,0,0
good_1378.jpg,good,2250,2250,224,224,0,0,0,0
good_1379.jpg,good,2268,2268,224,224,0,0,0,0
good_138.jpg,good,1800,4000,224,224,0,0,61,62
good_1380.jpg,good,2250,2250,224,224,0,0,0,0
good_1381.jpg,good,2268,2268,224,224,0,0,0,0
good_1382.jpg,good,1430,1430,224,224,0,0,0,0
good_1383.jpg,good,2250,2250,224,224,0,0,0,0
good_1384.jpg,good,2250,2250,224,224,0,0,0,0
good_1385.jpg,good,2000,2000,224,224,0,0,0,0
good_1386.jpg,good,2268,2268,224,224,0,0,0,0
good_1387.jpg,good,2250,2250,224,224,0,0,0,0
good_1388.jpg,good,2268,2268,224,224,0,0,0,0
good_1389.jpg,good,2250,2250,224,224,0,0,0,0
good_139.jpg,good,1800,4000,224,224,0,0,61,62
good_1390.jpg,good,2268,2268,224,224,0,0,0,0
good_1391.jpg,good,2250,2250,224,224,0,0,0,0
good_1392.jpg,good,2250,2250,224,224,0,0,0,0
good_1393.jpg,good,2250,2250,224,224,0,0,0,0
good_1394.jpg,good,2268,2268,224,224,0,0,0,0
good_1395.jpg,good,2250,2250,224,224,0,0,0,0
good_1396.jpg,good,2250,2250,224,224,0,0,0,0
good_1397.jpg,good,2250,2250,224,224,0,0,0,0
good_1398.jpg,good,2268,2268,224,224,0,0,0,0
good_1399.jpg,good,2250,2250,224,224,0,0,0,0
good_14.jpg,good,1800,4000,224,224,0,0,61,62
good_140.jpg,good,1800,4000,224,224,0,0,61,62
good_1400.jpg,good,2250,2250,224,224,0,0,0,0
good_1401.jpg,good,2268,2268,224,224,0,0,0,0
good_1402.jpg,good,2250,2250,224,224,0,0,0,0
good_1403.jpg,good,2268,2268,224,224,0,0,0,0
good_1404.jpg,good,2250,2250,224,224,0,0,0,0
good_1405.jpg,good,2250,2250,224,224,0,0,0,0
good_1406.jpg,good,2250,2250,224,224,0,0,0,0
good_1407.jpg,good,2268,2268,224,224,0,0,0,0
good_1408.jpg,good,2250,2250,224,224,0,0,0,0
good_1409.jpg,good,2250,2250,224,224,0,0,0,0
good_141.jpg,good,1800,4000,224,224,0,0,61,62
good_1410.jpg,good,2250,2250,224,224,0,0,0,0
good_1411.jpg,good,1800,1800,224,224,0,0,0,0
good_1412.jpg,good,2250,2250,224,224,0,0,0,0
good_1413.jpg,good,2250,2250,224,224,0,0,0,0
good_1414.jpg,good,2250,2250,224,224,0,0,0,0
good_1415.jpg,good,2250,2250,224,224,0,0,0,0
good_1416.jpg,good,2040,2040,224,224,0,0,0,0
good_1417.jpg,good,2250,2250,224,224,0,0,0,0
good_1418.jpg,good,2250,2250,224,224,0,0,0,0
good_1419.jpg,good,2250,2250,224,224,0,0,0,0
good_142.jpg,good,1800,4000,224,224,0,0,61,62
good_1420.jpg,good,2250,2250,224,224,0,0,0,0
good_1421.jpg,good,2250,2250,224,224,0,0,0,0
good_1422.jpg,good,2070,2070,224,224,0,0,0,0
good_1423.jpg,good,2250,2250,224,224,0,0,0,0
good_1424.jpg,good,2250,2250,224,224,0,0,0,0
good_1425.jpg,good,2050,2050,224,224,0,0,0,0
good_1426.jpg,good,2250,2250,224,224,0,0,0,0
good_1427.jpg,good,2250,2250,224,224,0,0,0,0
good_1428.jpg,good,2250,2250,224,224,0,0,0,0
good_1429.jpg,good,1920,1920,224,224,0,0,0,0
good_143.jpg,good,1800,4000,224,224,0,0,61,62
good_1430.jpg,good,1850,1850,224,224,0,0,0,0
good_1431.jpg,good,2250,2250,224,224,0,0,0,0
good_1432.jpg,good,2000,2000,224,224,0,0,0,0
good_1433.jpg,good,2250,2250,224,224,0,0,0,0
good_1434.jpg,good,2250,2250,224,224,0,0,0,0
good_1435.jpg,good,2250,2250,224,224,0,0,0,0
good_1436.jpg,good,2250,2250,224,224,0,0,0,0
good_1437.jpg,good,1750,1750,224,224,0,0,0,0
good_1438.jpg,good,1950,1950,224,224,0,0,0,0
good_1439.jpg,good,1850,1850,224,224,0,0,0,0
good_144.jpg,good,1800,4000,224,224,0,0,61,62
good_1440.jpg,good,2250,2250,224,224,0,0,0,0
good_1441.jpg,good,2250,2250,224,224,0,0,0,0
good_1442.jpg,good,1875,1875,224,224,0,0,0,0
good_1443.jpg,good,2250,2250,224,224,0,0,0,0
good_1444.jpg,good,2250,2250,224,224,0,0,0,0
good_1445.jpg,good,1850,1850,224,224,0,0,0,0
good_1446.jpg,good,2100,2100,224,224,0,0,0,0
good_1447.jpg,good,1700,1700,224,224,0,0,0,0
good_1448.jpg,good,2250,2250,224,224,0,0,0,0
good_1449.jpg,good,1800,1800,224,224,0,0,0,0
good_145.jpg,good,1800,4000,224,224,0,0,61,62
good_1450.jpg,good,2250,2250,224,224,0,0,0,0
good_1451.jpg,good,2250,2250,224,224,0,0,0,0
good_1452.jpg,good,1950,1950,224,224,0,0,0,0
good_1453.jpg,good,2250,2250,224,224,0,0,0,0
good_1454.jpg,good,2250,2250,224,224,0,0,0,0
good_1455.jpg,good,2250,2250,224,224,0,0,0,0
good_1456.jpg,good,2250,2250,224,224,0,0,0,0
good_1457.jpg,good,2250,2250,224,224,0,0,0,0
good_1458.jpg,good,2250,2250,224,224,0,0,0,0
good_1459.jpg,good,2000,2000,224,224,0,0,0,0
good_146.jpg,good,2406,2406,224,224,0,0,0,0
good_1460.jpg,good,2100,2100,224,224,0,0,0,0
good_1461.jpg,good,1750,1750,224,224,0,0,0,0
good_1462.jpg,good,1975,1975,224,224,0,0,0,0
good_1463.jpg,good,2000,2000,224,224,0,0,0,0
good_1464.jpg,good,2250,2250,224,224,0,0,0,0
good_1465.jpg,good,2250,2250,224,224,0,0,0,0
good_1466.jpg,good,2250,2250,224,224,0,0,0,0
good_1467.jpg,good,2250,2250,224,224,0,0,0,0
good_1468.jpg,good,2250,2250,224,224,0,0,0,0
good_1469.jpg,good,1850,1850,224,224,0,0,0,0
good_147.jpg,good,1800,4000,224,224,0,0,61,62
good_1470.jpg,good,2209,2209,224,224,0,0,0,0
good_1471.jpg,good,1810,1810,224,224,0,0,0,0
good_1472.jpg,good,2250,2250,224,224,0,0,0,0
good_1473.jpg,good,2250,2250,224,224,0,0,0,0
good_1474.jpg,good,1800,1800,224,224,0,0,0,0
good_1475.jpg,good,2250,2250,224,224,0,0,0,0
good_1476.jpg,good,1800,1800,224,224,0,0,0,0
good_1477.jpg,good,2250,2250,224,224,0,0,0,0
good_1478.jpg,good,1800,1800,224,224,0,0,0,0
good_1479.jpg,good,1550,1550,224,224,0,0,0,0
good_148.jpg,good,1800,4000,224,224,0,0,61,62
good_1480.jpg,good,1800,1800,224,224,0,0,0,0
good_1481.jpg,good,1600,1600,224,224,0,0,0,0
good_1482.jpg,good,2010,2010,224,224,0,0,0,0
good_1483.jpg,good,1800,1800,224,224,0,0,0,0
good_1484.jpg,good,1650,1650,224,224,0,0,0,0
good_1485.jpg,good,1990,1990,224,224,0,0,0,0
good_1486.jpg,good,1800,1800,224,224,0,0,0,0
good_1487.jpg,good,2100,2100,224,224,0,0,0,0
good_1488.jpg,good,2250,2250,224,224,0,0,0,0
good_1489.jpg,good,1800,1800,224,224,0,0,0,0
good_149.jpg,good,1800,4000,224,224,0,0,61,62
good_1490.jpg,good,2250,2250,224,224,0,0,0,0
good_1491.jpg,good,1900,1900,224,224,0,0,0,0
good_1492.jpg,good,1900,1900,224,224,0,0,0,0
good_1493.jpg,good,1800,1800,224,224,0,0,0,0
good_1494.jpg,good,1800,1800,224,224,0,0,0,0
good_1495.jpg,good,2250,2250,224,224,0,0,0,0
good_1496.jpg,good,1800,1800,224,224,0,0,0,0
good_1497.jpg,good,2250,2250,224,224,0,0,0,0
good_1498.jpg,good,1750,1750,224,224,0,0,0,0
good_1499.jpg,good,1800,1800,224,224,0,0,0,0
good_15.jpg,good,1800,4000,224,224,0,0,61,62
good_150.jpg,good,1800,4000,224,224,0,0,61,62
good_1500.jpg,good,2000,2000,224,224,0,0,0,0
good_1501.jpg,good,2250,2250,224,224,0,0,0,0
good_1502.jpg,good,1800,1800,224,224,0,0,0,0
good_1503.jpg,good,1750,1750,224,224,0,0,0,0
good_1504.jpg,good,1800,1800,224,224,0,0,0,0
good_1505.jpg,good,1900,1900,224,224,0,0,0,0
good_1506.jpg,good,2250,2250,224,224,0,0,0,0
good_1507.jpg,good,2250,2250,224,224,0,0,0,0
good_1508.jpg,good,1700,1700,224,224,0,0,0,0
good_1509.jpg,good,1750,1750,224,224,0,0,0,0
good_151.jpg,good,1800,4000,224,224,0,0,61,62
good_1510.jpg,good,1800,1800,224,224,0,0,0,0
good_1511.jpg,good,2250,2250,224,224,0,0,0,0
good_1512.jpg,good,1800,1800,224,224,0,0,0,0
good_1513.jpg,good,2250,2250,224,224,0,0,0,0
good_1514.jpg,good,2250,2250,224,224,0,0,0,0
good_1515.jpg,good,1800,1800,224,224,0,0,0,0
good_1516.jpg,good,2060,2060,224,224,0,0,0,0
good_1517.jpg,good,2250,2250,224,224,0,0,0,0
good_1518.jpg,good,1800,1800,224,224,0,0,0,0
good_1519.jpg,good,2250,2250,224,224,0,0,0,0
good_152.jpg,good,1800,4000,224,224,0,0,61,62
good_1520.jpg,good,2250,2250,224,224,0,0,0,0
good_1521.jpg,good,2250,2250,224,224,0,0,0,0
good_1522.jpg,good,2250,2250,224,224,0,0,0,0
good_1523.jpg,good,2250,2250,224,224,0,0,0,0
good_1524.jpg,good,2250,2250,224,224,0,0,0,0
good_1525.jpg,good,2250,2250,224,224,0,0,0,0
good_1526.jpg,good,2250,2250,224,224,0,0,0,0
good_1527.jpg,good,2250,2250,224,224,0,0,0,0
good_1528.jpg,good,2250,2250,224,224,0,0,0,0
good_1529.jpg,good,2250,2250,224,224,0,0,0,0
good_153.jpg,good,1800,4000,224,224,0,0,61,62
good_1530.jpg,good,1800,1800,224,224,0,0,0,0
good_1531.jpg,good,2250,2250,224,224,0,0,0,0
good_1532.jpg,good,1800,1800,224,224,0,0,0,0
good_1533.jpg,good,2250,2250,224,224,0,0,0,0
good_1534.jpg,good,1800,1800,224,224,0,0,0,0
good_1535.jpg,good,2250,2250,224,224,0,0,0,0
good_1536.jpg,good,1800,1800,224,224,0,0,0,0
good_1537.jpg,good,2250,2250,224,224,0,0,0,0
good_1538.jpg,good,2050,2050,224,224,0,0,0,0
good_1539.jpg,good,1950,1950,224,224,0,0,0,0
good_154.jpg,good,1800,4000,224,224,0,0,61,62
good_1540.jpg,good,1920,1920,224,224,0,0,0,0
good_1541.jpg,good,2250,2250,224,224,0,0,0,0
good_1542.jpg,good,2250,2250,224,224,0,0,0,0
good_1543.jpg,good,2250,2250,224,224,0,0,0,0
good_1544.jpg,good,2250,2250,224,224,0,0,0,0
good_1545.jpg,good,2250,2250,224,224,0,0,0,0
good_1546.jpg,good,2250,2250,224,224,0,0,0,0
good_1547.jpg,good,2250,2250,224,224,0,0,0,0
good_1548.jpg,good,2250,2250,224,224,0,0,0,0
good_1549.jpg,good,1800,1800,224,224,0,0,0,0
good_155.jpg,good,1800,4000,224,224,0,0,61,62
good_1550.jpg,good,2250,2250,224,224,0,0,0,0
good_1551.jpg,good,2250,2250,224,224,0,0,0,0
good_1552.jpg,good,1900,1900,224,224,0,0,0,0
good_1553.jpg,good,2250,2250,224,224,0,0,0,0
good_1554.jpg,good,1920,1920,224,224,0,0,0,0
good_1555.jpg,good,2250,2250,224,224,0,0,0,0
good_1556.jpg,good,2250,2250,224,224,0,0,0,0
good_1557.jpg,good,2250,2250,224,224,0,0,0,0
good_1558.jpg,good,1990,1990,224,224,0,0,0,0
good_1559.jpg,good,1750,1750,224,224,0,0,0,0
good_156.jpg,good,2080,4608,224,224,0,0,61,62
good_1560.jpg,good,2250,2250,224,224,0,0,0,0
good_1561.jpg,good,2080,2080,224,224,0,0,0,0
good_1562.jpg,good,1850,1850,224,224,0,0,0,0
good_1563.jpg,good,2250,2250,224,224,0,0,0,0
good_1564.jpg,good,2250,2250,224,224,0,0,0,0
good_1565.jpg,good,2250,2250,224,224,0,0,0,0
good_1566.jpg,good,2250,2250,224,224,0,0,0,0
good_1567.jpg,good,1720,1720,224,224,0,0,0,0
good_1568.jpg,good,2250,2250,224,224,0,0,0,0
good_1569.jpg,good,2250,2250,224,224,0,0,0,0
good_157.jpg,good,2682,2682,224,224,0,0,0,0
good_1570.jpg,good,2250,2250,224,224,0,0,0,0
good_1571.jpg,good,2250,2250,224,224,0,0,0,0
good_1572.jpg,good,2250,2250,224,224,0,0,0,0
good_1573.jpg,good,2250,2250,224,224,0,0,0,0
good_1574.jpg,good,2250,2250,224,224,0,0,0,0
good_1575.jpg,good,2250,2250,224,224,0,0,0,0
good_1576.jpg,good,2250,2250,224,224,0,0,0,0
good_1577.jpg,good,2250,2250,224,224,0,0,0,0
good_1578.jpg,good,2250,2250,224,224,0,0,0,0
good_1579.jpg,good,2250,2250,224,224,0,0,0,0
good_158.jpg,good,2080,4608,224,224,0,0,61,62
good_1580.jpg,good,2250,2250,224,224,0,0,0,0
good_1581.jpg,good,2080,2080,224,224,0,0,0,0
good_1582.jpg,good,2000,2000,224,224,0,0,0,0
good_1583.jpg,good,2250,2250,224,224,0,0,0,0
good_1584.jpg,good,2250,2250,224,224,0,0,0,0
good_1585.jpg,good,2080,2080,224,224,0,0,0,0
good_1586.jpg,good,2250,2250,224,224,0,0,0,0
good_1587.jpg,good,1820,1820,224,224,0,0,0,0
good_1588.jpg,good,2250,2250,224,224,0,0,0,0
good_1589.jpg,good,1820,1820,224,224,0,0,0,0
good_159.jpg,good,2080,4608,224,224,0,0,61,62
good_1590.jpg,good,2250,2250,224,224,0,0,0,0
good_1591.jpg,good,1890,1890,224,224,0,0,0,0
good_1592.jpg,good,2250,2250,224,224,0,0,0,0
good_1593.jpg,good,1800,1800,224,224,0,0,0,0
good_1594.jpg,good,1940,1940,224,224,0,0,0,0
good_1595.jpg,good,1800,1800,224,224,0,0,0,0
good_1596.jpg,good,2250,2250,224,224,0,0,0,0
good_1597.jpg,good,1700,1700,224,224,0,0,0,0
good_1598.jpg,good,2250,2250,224,224,0,0,0,0
good_1599.jpg,good,1780,1780,224,224,0,0,0,0
good_16.jpg,good,1800,4000,224,224,0,0,61,62
good_160.jpg,good,2080,4608,224,224,0,0,61,62
good_1600.jpg,good,1800,1800,224,224,0,0,0,0
good_1601.jpg,good,2250,2250,224,224,0,0,0,0
good_1602.jpg,good,1700,1700,224,224,0,0,0,0
good_1603.jpg,good,1100,1100,224,224,0,0,0,0
good_1604.jpg,good,2250,2250,224,224,0,0,0,0
good_1605.jpg,good,2250,2250,224,224,0,0,0,0
good_1606.jpg,good,1520,1520,224,224,0,0,0,0
good_1607.jpg,good,1419,1419,224,224,0,0,0,0
good_1608.jpg,good,2250,2250,224,224,0,0,0,0
good_1609.jpg,good,2250,2250,224,224,0,0,0,0
good_161.jpg,good,1800,4000,224,224,0,0,61,62
good_1610.jpg,good,2250,2250,224,224,0,0,0,0
good_1611.jpg,good,1800,1800,224,224,0,0,0,0
good_1612.jpg,good,2250,2250,224,224,0,0,0,0
good_1613.jpg,good,1750,1750,224,224,0,0,0,0
good_1614.jpg,good,1950,1950,224,224,0,0,0,0
good_1615.jpg,good,1870,1870,224,224,0,0,0,0
good_1616.jpg,good,1800,1800,224,224,0,0,0,0
good_1617.jpg,good,1800,1800,224,224,0,0,0,0
good_1618.jpg,good,1900,1900,224,224,0,0,0,0
good_1619.jpg,good,1850,1850,224,224,0,0,0,0
good_162.jpg,good,1800,4000,224,224,0,0,61,62
good_1620.jpg,good,1950,1950,224,224,0,0,0,0
good_1621.jpg,good,2250,2250,224,224,0,0,0,0
good_1622.jpg,good,2250,2250,224,224,0,0,0,0
good_1623.jpg,good,2250,2250,224,224,0,0,0,0
good_1624.jpg,good,2250,2250,224,224,0,0,0,0
good_1625.jpg,good,1800,1800,224,224,0,0,0,0
good_1626.jpg,good,2250,2250,224,224,0,0,0,0
good_1627.jpg,good,2250,2250,224,224,0,0,0,0
good_1628.jpg,good,1800,1800,224,224,0,0,0,0
good_1629.jpg,good,2250,2250,224,224,0,0,0,0
good_163.jpg,good,1800,4000,224,224,0,0,61,62
good_1630.jpg,good,1800,1800,224,224,0,0,0,0
good_1631.jpg,good,2250,2250,224,224,0,0,0,0
good_1632.jpg,good,1800,1800,224,224,0,0,0,0
good_1633.jpg,good,2250,2250,224,224,0,0,0,0
good_1634.jpg,good,1800,1800,224,224,0,0,0,0
good_1635.jpg,good,2250,2250,224,224,0,0,0,0
good_1636.jpg,good,2250,2250,224,224,0,0,0,0
good_1637.jpg,good,1809,1809,224,224,0,0,0,0
good_1638.jpg,good,2250,2250,224,224,0,0,0,0
good_1639.jpg,good,1800,1800,224,224,0,0,0,0
good_164.jpg,good,1800,4000,224,224,0,0,61,62
good_1640.jpg,good,1640,1640,224,224,0,0,0,0
good_1641.jpg,good,1800,1800,224,224,0,0,0,0
good_1642.jpg,good,1900,1900,224,224,0,0,0,0
good_1643.jpg,good,1800,1800,224,224,0,0,0,0
good_1644.jpg,good,2250,2250,224,224,0,0,0,0
good_1645.jpg,good,2250,2250,224,224,0,0,0,0
good_1646.jpg,good,1520,1520,224,224,0,0,0,0
good_1647.jpg,good,1800,1800,224,224,0,0,0,0
good_1648.jpg,good,1800,1800,224,224,0,0,0,0
good_1649.jpg,good,2250,2250,224,224,0,0,0,0
good_165.jpg,good,1800,4000,224,224,0,0,61,62
good_1650.jpg,good,2250,2250,224,224,0,0,0,0
good_1651.jpg,good,2030,2030,224,224,0,0,0,0
good_1652.jpg,good,2250,2250,224,224,0,0,0,0
good_1653.jpg,good,1800,1800,224,224,0,0,0,0
good_1654.jpg,good,2250,2250,224,224,0,0,0,0
good_1655.jpg,good,2250,2250,224,224,0,0,0,0
good_1656.jpg,good,2050,2050,224,224,0,0,0,0
good_1657.jpg,good,1730,1730,224,224,0,0,0,0
good_1658.jpg,good,2250,2250,224,224,0,0,0,0
good_166.jpg,good,1800,4000,224,224,0,0,61,62
good_167.jpg,good,1800,4000,224,224,0,0,61,62
good_168.jpg,good,2258,2258,224,224,0,0,0,0
good_169.jpg,good,1800,4000,224,224,0,0,61,62
good_17.jpg,good,1800,4000,224,224,0,0,61,62
good_170.jpg,good,1800,4000,224,224,0,0,61,62
good_171.jpg,good,4000,1800,224,224,61,62,0,0
good_172.jpg,good,4000,1800,224,224,61,62,0,0
good_173.jpg,good,4000,1800,224,224,61,62,0,0
good_174.jpg,good,4000,1800,224,224,61,62,0,0
good_175.jpg,good,4000,1800,224,224,61,62,0,0
good_176.jpg,good,4000,1800,224,224,61,62,0,0
good_177.jpg,good,4000,1800,224,224,61,62,0,0
good_178.jpg,good,4000,1800,224,224,61,62,0,0
good_179.jpg,good,2634,2634,224,224,0,0,0,0
good_18.jpg,good,1800,4000,224,224,0,0,61,62
good_180.jpg,good,4000,1800,224,224,61,62,0,0
good_181.jpg,good,4000,1800,224,224,61,62,0,0
good_182.jpg,good,4000,1800,224,224,61,62,0,0
good_183.jpg,good,4000,1800,224,224,61,62,0,0
good_184.jpg,good,4000,1800,224,224,61,62,0,0
good_185.jpg,good,4000,1800,224,224,61,62,0,0
good_186.jpg,good,4000,1800,224,224,61,62,0,0
good_187.jpg,good,4000,1800,224,224,61,62,0,0
good_188.jpg,good,1800,4000,224,224,0,0,61,62
good_189.jpg,good,4000,1800,224,224,61,62,0,0
good_19.jpg,good,1800,4000,224,224,0,0,61,62
good_190.jpg,good,2895,2895,224,224,0,0,0,0
good_191.jpg,good,4000,1800,224,224,61,62,0,0
good_192.jpg,good,4000,1800,224,224,61,62,0,0
good_193.jpg,good,4000,1800,224,224,61,62,0,0
good_194.jpg,good,4000,1800,224,224,61,62,0,0
good_195.jpg,good,4000,1800,224,224,61,62,0,0
good_196.jpg,good,4000,1800,224,224,61,62,0,0
good_197.jpg,good,4000,1800,224,224,61,62,0,0
good_198.jpg,good,4000,1800,224,224,61,62,0,0
good_199.jpg,good,1800,4000,224,224,0,0,61,62
good_2.jpg,good,1932,1932,224,224,0,0,0,0
good_20.jpg,good,1800,4000,224,224,0,0,61,62
good_200.jpg,good,1800,4000,224,224,0,0,61,62
good_201.jpg,good,2890,2890,224,224,0,0,0,0
good_202.jpg,good,1800,4000,224,224,0,0,61,62
good_203.jpg,good,4000,1800,224,224,61,62,0,0
good_204.jpg,good,4000,1800,224,224,61,62,0,0
good_205.jpg,good,4000,1800,224,224,61,62,0,0
good_206.jpg,good,1800,4000,224,224,0,0,61,62
good_207.jpg,good,4000,1800,224,224,61,62,0,0
good_208.jpg,good,4000,1800,224,224,61,62,0,0
good_209.jpg,good,4000,1800,224,224,61,62,0,0
good_21.jpg,good,1800,4000,224,224,0,0,61,62
good_210.jpg,good,4000,1800,224,224,61,62,0,0
good_211.jpg,good,1800,4000,224,224,0,0,61,62
good_212.jpg,good,2352,2352,224,224,0,0,0,0
good_213.jpg,good,1800,4000,224,224,0,0,61,62
good_214.jpg,good,1800,4000,224,224,0,0,61,62
good_215.jpg,good,1800,4000,224,224,0,0,61,62
good_216.jpg,good,1800,4000,224,224,0,0,61,62
good_217.jpg,good,1800,4000,224,224,0,0,61,62
good_218.jpg,good,1800,4000,224,224,0,0,61,62
good_219.jpg,good,1800,4000,224,224,0,0,61,62
good_22.jpg,good,1800,4000,224,224,0,0,61,62
good_220.jpg,good,1800,4000,224,224,0,0,61,62
good_221.jpg,good,1800,4000,224,224,0,0,61,62
good_222.jpg,good,1800,4000,224,224,0,0,61,62
good_223.jpg,good,1644,1644,224,224,0,0,0,0
good_224.jpg,good,2284,2284,224,224,0,0,0,0
good_225.jpg,good,1800,4000,224,224,0,0,61,62
good_226.jpg,good,1800,4000,224,224,0,0,61,62
good_227.jpg,good,1800,4000,224,224,0,0,61,62
good_228.jpg,good,1800,4000,224,224,0,0,61,62
good_229.jpg,good,1800,4000,224,224,0,0,61,62
good_23.jpg,good,1800,4000,224,224,0,0,61,62
good_230.jpg,good,1800,4000,224,224,0,0,61,62
good_231.jpg,good,1800,4000,224,224,0,0,61,62
good_232.jpg,good,1800,4000,224,224,0,0,61,62
good_233.jpg,good,1800,4000,224,224,0,0,61,62
good_234.jpg,good,1800,4000,224,224,0,0,61,62
good_235.jpg,good,1344,1344,224,224,0,0,0,0
good_236.jpg,good,1800,4000,224,224,0,0,61,62
good_237.jpg,good,1800,4000,224,224,0,0,61,62
good_238.jpg,good,1800,4000,224,224,0,0,61,62
good_239.jpg,good,1800,4000,224,224,0,0,61,62
good_24.jpg,good,1738,1738,224,224,0,0,0,0
good_240.jpg,good,1800,4000,224,224,0,0,61,62
good_241.jpg,good,1800,4000,224,224,0,0,61,62
good_242.jpg,good,1800,4000,224,224,0,0,61,62
good_243.jpg,good,1800,4000,224,224,0,0,61,62
good_244.jpg,good,1800,4000,224,224,0,0,61,62
good_245.jpg,good,1800,4000,224,224,0,0,61,62
good_246.jpg,good,1266,1266,224,224,0,0,0,0
good_247.jpg,good,1800,4000,224,224,0,0,61,62
good_248.jpg,good,1800,4000,224,224,0,0,61,62
good_249.jpg,good,1800,4000,224,224,0,0,61,62
good_25.jpg,good,1800,4000,224,224,0,0,61,62
good_250.jpg,good,1800,4000,224,224,0,0,61,62
good_251.jpg,good,1800,4000,224,224,0,0,61,62
good_252.jpg,good,1800,4000,224,224,0,0,61,62
good_253.jpg,good,1800,4000,224,224,0,0,61,62
good_254.jpg,good,1800,4000,224,224,0,0,61,62
good_255.jpg,good,1800,4000,224,224,0,0,61,62
good_256.jpg,good,1800,4000,224,224,0,0,61,62
good_257.jpg,good,1713,1713,224,224,0,0,0,0
good_258.jpg,good,1800,4000,224,224,0,0,61,62
good_259.jpg,good,1800,4000,224,224,0,0,61,62
good_26.jpg,good,1800,4000,224,224,0,0,61,62
good_260.jpg,good,1800,4000,224,224,0,0,61,62
good_261.jpg,good,1800,4000,224,224,0,0,61,62
good_262.jpg,good,1800,4000,224,224,0,0,61,62
good_263.jpg,good,1800,4000,224,224,0,0,61,62
good_264.jpg,good,1800,4000,224,224,0,0,61,62
good_265.jpg,good,1800,4000,224,224,0,0,61,62
good_266.jpg,good,1800,4000,224,224,0,0,61,62
good_267.jpg,good,1800,4000,224,224,0,0,61,62
good_268.jpg,good,2394,2394,224,224,0,0,0,0
good_269.jpg,good,1800,4000,224,224,0,0,61,62
good_27.jpg,good,1800,4000,224,224,0,0,61,62
good_270.jpg,good,1800,4000,224,224,0,0,61,62
good_271.jpg,good,1800,4000,224,224,0,0,61,62
good_272.jpg,good,1800,4000,224,224,0,0,61,62
good_273.jpg,good,1800,4000,224,224,0,0,61,62
good_274.jpg,good,1800,4000,224,224,0,0,61,62
good_275.jpg,good,1800,4000,224,224,0,0,61,62
good_276.jpg,good,1800,4000,224,224,0,0,61,62
good_277.jpg,good,1800,4000,224,224,0,0,61,62
good_278.jpg,good,1800,4000,224,224,0,0,61,62
good_279.jpg,good,2240,2240,224,224,0,0,0,0
good_28.jpg,good,1800,4000,224,224,0,0,61,62
good_280.jpg,good,1800,4000,224,224,0,0,61,62
good_281.jpg,good,1800,4000,224,224,0,0,61,62
good_282.jpg,good,1800,4000,224,224,0,0,61,62
good_283.jpg,good,1800,4000,224,224,0,0,61,62
good_284.jpg,good,1800,4000,224,224,0,0,61,62
good_285.jpg,good,1800,4000,224,224,0,0,61,62
good_286.jpg,good,1800,4000,224,224,0,0,61,62
good_287.jpg,good,1800,4000,224,224,0,0,61,62
good_288.jpg,good,1800,4000,224,224,0,0,61,62
good_289.jpg,good,1800,4000,224,224,0,0,61,62
good_29.jpg,good,1800,4000,224,224,0,0,61,62
good_290.jpg,good,2730,2730,224,224,0,0,0,0
good_291.jpg,good,1800,4000,224,224,0,0,61,62
good_292.jpg,good,1800,4000,224,224,0,0,61,62
good_293.jpg,good,1800,4000,224,224,0,0,61,62
good_294.jpg,good,1800,4000,224,224,0,0,61,62
good_295.jpg,good,1800,4000,224,224,0,0,61,62
good_296.jpg,good,1800,4000,224,224,0,0,61,62
good_297.jpg,good,1800,4000,224,224,0,0,61,62
good_298.jpg,good,1800,4000,224,224,0,0,61,62
good_299.jpg,good,1800,4000,224,224,0,0,61,62
good_3.jpg,good,2268,4032,224,224,0,0,49,49
good_30.jpg,good,1800,4000,224,224,0,0,61,62
good_300.jpg,good,1800,4000,224,224,0,0,61,62
good_301.jpg,good,2504,2504,224,224,0,0,0,0
good_302.jpg,good,1800,4000,224,224,0,0,61,62
good_303.jpg,good,1800,4000,224,224,0,0,61,62
good_304.jpg,good,1800,4000,224,224,0,0,61,62
good_305.jpg,good,1800,4000,224,224,0,0,61,62
good_306.jpg,good,1800,4000,224,224,0,0,61,62
good_307.jpg,good,4000,1800,224,224,61,62,0,0
good_308.jpg,good,4000,1800,224,224,61,62,0,0
good_309.jpg,good,4000,1800,224,224,61,62,0,0
good_31.jpg,good,1800,4000,224,224,0,0,61,62
good_310.jpg,good,1800,4000,224,224,0,0,61,62
good_311.jpg,good,4000,1800,224,224,61,62,0,0
good_312.jpg,good,2330,2330,224,224,0,0,0,0
good_313.jpg,good,1800,4000,224,224,0,0,61,62
good_314.jpg,good,1800,4000,224,224,0,0,61,62
good_315.jpg,good,1800,4000,224,224,0,0,61,62
good_316.jpg,good,4000,1800,224,224,61,62,0,0
good_317.jpg,good,4000,1800,224,224,61,62,0,0
good_318.jpg,good,4000,1800,224,224,61,62,0,0
good_319.jpg,good,1800,4000,224,224,0,0,61,62
good_32.jpg,good,1800,4000,224,224,0,0,61,62
good_320.jpg,good,1800,4000,224,224,0,0,61,62
good_321.jpg,good,1800,4000,224,224,0,0,61,62
good_322.jpg,good,1800,4000,224,224,0,0,61,62
good_323.jpg,good,2404,2404,224,224,0,0,0,0
good_324.jpg,good,1800,4000,224,224,0,0,61,62
good_325.jpg,good,1800,4000,224,224,0,0,61,62
good_326.jpg,good,1800,4000,224,224,0,0,61,62
good_327.jpg,good,1800,4000,224,224,0,0,61,62
good_328.jpg,good,1800,4000,224,224,0,0,61,62
good_329.jpg,good,1800,4000,224,224,0,0,61,62
good_33.jpg,good,1800,4000,224,224,0,0,61,62
good_330.jpg,good,1800,4000,224,224,0,0,61,62
good_331.jpg,good,1800,4000,224,224,0,0,61,62
good_332.jpg,good,1800,4000,224,224,0,0,61,62
good_333.jpg,good,1800,4000,224,224,0,0,61,62
good_334.jpg,good,1557,1557,224,224,0,0,0,0
good_335.jpg,good,2382,2382,224,224,0,0,0,0
good_336.jpg,good,1800,4000,224,224,0,0,61,62
good_337.jpg,good,1800,4000,224,224,0,0,61,62
good_338.jpg,good,1800,4000,224,224,0,0,61,62
good_339.jpg,good,1800,4000,224,224,0,0,61,62
good_34.jpg,good,1800,4000,224,224,0,0,61,62
good_340.jpg,good,1800,4000,224,224,0,0,61,62
good_341.jpg,good,1800,4000,224,224,0,0,61,62
good_342.jpg,good,1800,4000,224,224,0,0,61,62
good_343.jpg,good,1800,4000,224,224,0,0,61,62
good_344.jpg,good,1800,4000,224,224,0,0,61,62
good_345.jpg,good,1800,4000,224,224,0,0,61,62
good_346.jpg,good,2750,2750,224,224,0,0,0,0
good_347.jpg,good,1800,4000,224,224,0,0,61,62
good_348.jpg,good,1800,4000,224,224,0,0,61,62
good_349.jpg,good,1800,4000,224,224,0,0,61,62
good_35.jpg,good,1743,1743,224,224,0,0,0,0
good_350.jpg,good,1800,4000,224,224,0,0,61,62
good_351.jpg,good,1800,4000,224,224,0,0,61,62
good_352.jpg,good,1800,4000,224,224,0,0,61,62
good_353.jpg,good,1800,4000,224,224,0,0,61,62
good_354.jpg,good,4000,1800,224,224,61,62,0,0
good_355.jpg,good,4000,1800,224,224,61,62,0,0
good_356.jpg,good,1800,4000,224,224,0,0,61,62
good_357.jpg,good,2128,2128,224,224,0,0,0,0
good_358.jpg,good,1800,4000,224,224,0,0,61,62
good_359.jpg,good,1800,4000,224,224,0,0,61,62
good_36.jpg,good,1800,4000,224,224,0,0,61,62
good_360.jpg,good,4000,1800,224,224,61,62,0,0
good_361.jpg,good,4000,1800,224,224,61,62,0,0
good_362.jpg,good,1800,4000,224,224,0,0,61,62
good_363.jpg,good,1800,4000,224,224,0,0,61,62
good_364.jpg,good,1800,4000,224,224,0,0,61,62
good_365.jpg,good,4000,1800,224,224,61,62,0,0
good_366.jpg,good,4000,1800,224,224,61,62,0,0
good_367.jpg,good,4000,1800,224,224,61,62,0,0
good_368.jpg,good,2894,2894,224,224,0,0,0,0
good_369.jpg,good,1800,4000,224,224,0,0,61,62
good_37.jpg,good,1800,4000,224,224,0,0,61,62
good_370.jpg,good,1800,4000,224,224,0,0,61,62
good_371.jpg,good,1800,4000,224,224,0,0,61,62
good_372.jpg,good,4000,1800,224,224,61,62,0,0
good_373.jpg,good,4000,1800,224,224,61,62,0,0
good_374.jpg,good,1800,4000,224,224,0,0,61,62
good_375.jpg,good,1800,4000,224,224,0,0,61,62
good_376.jpg,good,1800,4000,224,224,0,0,61,62
good_377.jpg,good,1800,4000,224,224,0,0,61,62
good_378.jpg,good,4000,1800,224,224,61,62,0,0
good_379.jpg,good,2550,2550,224,224,0,0,0,0
good_38.jpg,good,1800,4000,224,224,0,0,61,62
good_380.jpg,good,4000,1800,224,224,61,62,0,0
good_381.jpg,good,4000,1800,224,224,61,62,0,0
good_382.jpg,good,1800,4000,224,224,0,0,61,62
good_383.jpg,good,1800,4000,224,224,0,0,61,62
good_384.jpg,good,1800,4000,224,224,0,0,61,62
good_385.jpg,good,1800,4000,224,224,0,0,61,62
good_386.jpg,good,1800,4000,224,224,0,0,61,62
good_387.jpg,good,1800,4000,224,224,0,0,61,62
good_388.jpg,good,1800,4000,224,224,0,0,61,62
good_389.jpg,good,4000,1800,224,224,61,62,0,0
good_39.jpg,good,1800,4000,224,224,0,0,61,62
good_390.jpg,good,2388,2388,224,224,0,0,0,0
good_391.jpg,good,4000,1800,224,224,61,62,0,0
good_392.jpg,good,4000,1800,224,224,61,62,0,0
good_393.jpg,good,1800,4000,224,224,0,0,61,62
good_394.jpg,good,4000,1800,224,224,61,62,0,0
good_395.jpg,good,4000,1800,224,224,61,62,0,0
good_396.jpg,good,4000,1800,224,224,61,62,0,0
good_397.jpg,good,4000,1800,224,224,61,62,0,0
good_398.jpg,good,4000,1800,224,224,61,62,0,0
good_399.jpg,good,4000,1800,224,224,61,62,0,0
good_4.jpg,good,2268,4032,224,224,0,0,49,49
good_40.jpg,good,1800,4000,224,224,0,0,61,62
good_400.jpg,good,4000,1800,224,224,61,62,0,0
good_401.jpg,good,1858,1858,224,224,0,0,0,0
good_402.jpg,good,4000,1800,224,224,61,62,0,0
good_403.jpg,good,4000,1800,224,224,61,62,0,0
good_404.jpg,good,4000,1800,224,224,61,62,0,0
good_405.jpg,good,1800,4000,224,224,0,0,61,62
good_406.jpg,good,1800,4000,224,224,0,0,61,62
good_407.jpg,good,1800,4000,224,224,0,0,61,62
good_408.jpg,good,1800,4000,224,224,0,0,61,62
good_409.jpg,good,1800,4000,224,224,0,0,61,62
good_41.jpg,good,1800,4000,224,224,0,0,61,62
good_410.jpg,good,4000,1800,224,224,61,62,0,0
good_411.jpg,good,4000,1800,224,224,61,62,0,0
good_412.jpg,good,2280,2280,224,224,0,0,0,0
good_413.jpg,good,4000,1800,224,224,61,62,0,0
good_414.jpg,good,1800,4000,224,224,0,0,61,62
good_415.jpg,good,1800,4000,224,224,0,0,61,62
good_416.jpg,good,1800,4000,224,224,0,0,61,62
good_417.jpg,good,1800,4000,224,224,0,0,61,62
good_418.jpg,good,1800,4000,224,224,0,0,61,62
good_419.jpg,good,1800,4000,224,224,0,0,61,62
good_42.jpg,good,1800,4000,224,224,0,0,61,62
good_420.jpg,good,1800,4000,224,224,0,0,61,62
good_421.jpg,good,1800,4000,224,224,0,0,61,62
good_422.jpg,good,1800,4000,224,224,0,0,61,62
good_423.jpg,good,2478,2478,224,224,0,0,0,0
good_424.jpg,good,1800,4000,224,224,0,0,61,62
good_425.jpg,good,1800,4000,224,224,0,0,61,62
good_426.jpg,good,1800,4000,224,224,0,0,61,62
good_427.jpg,good,1800,4000,224,224,0,0,61,62
good_428.jpg,good,1800,4000,224,224,0,0,61,62
good_429.jpg,good,1800,4000,224,224,0,0,61,62
good_43.jpg,good,1800,4000,224,224,0,0,61,62
good_430.jpg,good,1800,4000,224,224,0,0,61,62
good_431.jpg,good,4000,1800,224,224,61,62,0,0
good_432.jpg,good,4000,1800,224,224,61,62,0,0
good_433.jpg,good,4000,1800,224,224,61,62,0,0
good_434.jpg,good,1688,1688,224,224,0,0,0,0
good_435.jpg,good,4000,1800,224,224,61,62,0,0
good_436.jpg,good,4000,1800,224,224,61,62,0,0
good_437.jpg,good,4000,1800,224,224,61,62,0,0
good_438.jpg,good,4000,1800,224,224,61,62,0,0
good_439.jpg,good,4000,1800,224,224,61,62,0,0
good_44.jpg,good,4000,1800,224,224,61,62,0,0
good_440.jpg,good,4000,1800,224,224,61,62,0,0
good_441.jpg,good,4000,1800,224,224,61,62,0,0
good_442.jpg,good,4000,1800,224,224,61,62,0,0
good_443.jpg,good,4000,1800,224,224,61,62,0,0
good_444.jpg,good,4000,1800,224,224,61,62,0,0
good_445.jpg,good,2068,2068,224,224,0,0,0,0
good_446.jpg,good,2156,2156,224,224,0,0,0,0
good_447.jpg,good,4000,1800,224,224,61,62,0,0
good_448.jpg,good,4000,1800,224,224,61,62,0,0
good_449.jpg,good,4000,1800,224,224,61,62,0,0
good_45.jpg,good,4000,1800,224,224,61,62,0,0
good_450.jpg,good,4000,1800,224,224,61,62,0,0
good_451.jpg,good,4000,1800,224,224,61,62,0,0
good_452.jpg,good,1800,4000,224,224,0,0,61,62
good_453.jpg,good,1800,4000,224,224,0,0,61,62
good_454.jpg,good,1800,4000,224,224,0,0,61,62
good_455.jpg,good,1800,4000,224,224,0,0,61,62
good_456.jpg,good,1800,4000,224,224,0,0,61,62
good_457.jpg,good,2748,2748,224,224,0,0,0,0
good_458.jpg,good,4000,1800,224,224,61,62,0,0
good_459.jpg,good,4000,1800,224,224,61,62,0,0
good_46.jpg,good,2284,2284,224,224,0,0,0,0
good_460.jpg,good,4000,1800,224,224,61,62,0,0
good_461.jpg,good,4000,1800,224,224,61,62,0,0
good_462.jpg,good,4000,1800,224,224,61,62,0,0
good_463.jpg,good,4000,1800,224,224,61,62,0,0
good_464.jpg,good,4000,1800,224,224,61,62,0,0
good_465.jpg,good,4000,1800,224,224,61,62,0,0
good_466.jpg,good,4000,1800,224,224,61,62,0,0
good_467.jpg,good,4000,1800,224,224,61,62,0,0
good_468.jpg,good,2650,2650,224,224,0,0,0,0
good_469.jpg,good,4000,1800,224,224,61,62,0,0
good_47.jpg,good,4000,1800,224,224,61,62,0,0
good_470.jpg,good,4000,1800,224,224,61,62,0,0
good_471.jpg,good,4000,1800,224,224,61,62,0,0
good_472.jpg,good,4000,1800,224,224,61,62,0,0
good_473.jpg,good,1800,4000,224,224,0,0,61,62
good_474.jpg,good,1800,4000,224,224,0,0,61,62
good_475.jpg,good,1800,4000,224,224,0,0,61,62
good_476.jpg,good,1800,4000,224,224,0,0,61,62
good_477.jpg,good,1800,4000,224,224,0,0,61,62
good_478.jpg,good,1800,4000,224,224,0,0,61,62
good_479.jpg,good,1870,1870,224,224,0,0,0,0
good_48.jpg,good,4000,1800,224,224,61,62,0,0
good_480.jpg,good,1800,4000,224,224,0,0,61,62
good_481.jpg,good,1800,4000,224,224,0,0,61,62
good_482.jpg,good,1800,4000,224,224,0,0,61,62
good_483.jpg,good,1800,4000,224,224,0,0,61,62
good_484.jpg,good,1800,4000,224,224,0,0,61,62
good_485.jpg,good,1800,4000,224,224,0,0,61,62
good_486.jpg,good,1800,4000,224,224,0,0,61,62
good_487.jpg,good,582,582,224,224,0,0,0,0
good_488.jpg,good,618,618,224,224,0,0,0,0
good_489.jpg,good,437,437,224,224,0,0,0,0
good_49.jpg,good,4000,1800,224,224,61,62,0,0
good_490.jpg,good,2298,2298,224,224,0,0,0,0
good_491.jpg,good,472,472,224,224,0,0,0,0
good_492.jpg,good,302,302,224,224,0,0,0,0
good_493.jpg,good,401,401,224,224,0,0,0,0
good_494.jpg,good,1054,1054,224,224,0,0,0,0
good_495.jpg,good,1218,1218,224,224,0,0,0,0
good_496.jpg,good,393,393,224,224,0,0,0,0
good_497.jpg,good,567,567,224,224,0,0,0,0
good_498.jpg,good,484,484,224,224,0,0,0,0
good_499.jpg,good,492,492,224,224,0,0,0,0
good_5.jpg,good,2268,4032,224,224,0,0,49,49
good_50.jpg,good,1800,4000,224,224,0,0,61,62
good_500.jpg,good,320,320,224,224,0,0,0,0
good_501.jpg,good,2172,2172,224,224,0,0,0,0
good_502.jpg,good,419,419,224,224,0,0,0,0
good_503.jpg,good,349,349,224,224,0,0,0,0
good_504.jpg,good,473,473,224,224,0,0,0,0
good_505.jpg,good,2042,2042,224,224,0,0,0,0
good_506.jpg,good,1962,1962,224,224,0,0,0,0
good_507.jpg,good,1611,1611,224,224,0,0,0,0
good_508.jpg,good,1662,1662,224,224,0,0,0,0
good_509.jpg,good,1700,1700,224,224,0,0,0,0
good_51.jpg,good,1800,4000,224,224,0,0,61,62
good_510.jpg,good,1634,1634,224,224,0,0,0,0
good_511.jpg,good,1587,1587,224,224,0,0,0,0
good_512.jpg,good,2116,2116,224,224,0,0,0,0
good_513.jpg,good,1563,1563,224,224,0,0,0,0
good_514.jpg,good,1476,1476,224,224,0,0,0,0
good_515.jpg,good,1464,1464,224,224,0,0,0,0
good_516.jpg,good,1868,1868,224,224,0,0,0,0
good_517.jpg,good,1978,1978,224,224,0,0,0,0
good_518.jpg,good,1782,1782,224,224,0,0,0,0
good_519.jpg,good,2043,2043,224,224,0,0,0,0
good_52.jpg,good,1800,4000,224,224,0,0,61,62
good_520.jpg,good,969,969,224,224,0,0,0,0
good_521.jpg,good,1044,1044,224,224,0,0,0,0
good_522.jpg,good,1134,1134,224,224,0,0,0,0
good_523.jpg,good,2166,2166,224,224,0,0,0,0
good_524.jpg,good,1134,1134,224,224,0,0,0,0
good_525.jpg,good,1170,1170,224,224,0,0,0,0
good_526.jpg,good,1374,1374,224,224,0,0,0,0
good_527.jpg,good,1242,1242,224,224,0,0,0,0
good_528.jpg,good,1458,1458,224,224,0,0,0,0
good_529.jpg,good,1830,1830,224,224,0,0,0,0
good_53.jpg,good,1800,4000,224,224,0,0,61,62
good_530.jpg,good,1948,1948,224,224,0,0,0,0
good_531.jpg,good,1650,1650,224,224,0,0,0,0
good_532.jpg,good,1748,1748,224,224,0,0,0,0
good_533.jpg,good,1752,1752,224,224,0,0,0,0
good_534.jpg,good,2190,2190,224,224,0,0,0,0
good_535.jpg,good,1644,1644,224,224,0,0,0,0
good_536.jpg,good,1587,1587,224,224,0,0,0,0
good_537.jpg,good,1791,1791,224,224,0,0,0,0
good_538.jpg,good,1906,1906,224,224,0,0,0,0
good_539.jpg,good,2372,2372,224,224,0,0,0,0
good_54.jpg,good,1800,4000,224,224,0,0,61,62
good_540.jpg,good,1556,1556,224,224,0,0,0,0
good_541.jpg,good,2746,2746,224,224,0,0,0,0
good_542.jpg,good,2798,2798,224,224,0,0,0,0
good_543.jpg,good,3024,3024,224,224,0,0,0,0
good_544.jpg,good,2442,2442,224,224,0,0,0,0
good_545.jpg,good,1762,1762,224,224,0,0,0,0
good_546.jpg,good,2566,2566,224,224,0,0,0,0
good_547.jpg,good,1959,1959,224,224,0,0,0,0
good_548.jpg,good,2661,2661,224,224,0,0,0,0
good_549.jpg,good,2282,2282,224,224,0,0,0,0
good_55.jpg,good,1800,4000,224,224,0,0,61,62
good_550.jpg,good,2328,2328,224,224,0,0,0,0
good_551.jpg,good,2290,2290,224,224,0,0,0,0
good_552.jpg,good,2690,2690,224,224,0,0,0,0
good_553.jpg,good,1812,1812,224,224,0,0,0,0
good_554.jpg,good,1098,1098,224,224,0,0,0,0
good_555.jpg,good,1443,1443,224,224,0,0,0,0
good_556.jpg,good,2043,2043,224,224,0,0,0,0
good_557.jpg,good,2212,2212,224,224,0,0,0,0
good_558.jpg,good,1188,1188,224,224,0,0,0,0
good_559.jpg,good,1356,1356,224,224,0,0,0,0
good_56.jpg,good,1800,4000,224,224,0,0,61,62
good_560.jpg,good,1350,1350,224,224,0,0,0,0
good_561.jpg,good,1804,1804,224,224,0,0,0,0
good_562.jpg,good,914,914,224,224,0,0,0,0
good_563.jpg,good,1316,1316,224,224,0,0,0,0
good_564.jpg,good,1406,1406,224,224,0,0,0,0
good_565.jpg,good,1896,1896,224,224,0,0,0,0
good_566.jpg,good,1866,1866,224,224,0,0,0,0
good_567.jpg,good,1653,1653,224,224,0,0,0,0
good_568.jpg,good,2106,2106,224,224,0,0,0,0
good_569.jpg,good,1890,1890,224,224,0,0,0,0
good_57.jpg,good,2602,2602,224,224,0,0,0,0
good_570.jpg,good,1892,1892,224,224,0,0,0,0
good_571.jpg,good,1730,1730,224,224,0,0,0,0
good_572.jpg,good,1794,1794,224,224,0,0,0,0
good_573.jpg,good,1924,1924,224,224,0,0,0,0
good_574.jpg,good,1710,1710,224,224,0,0,0,0
good_575.jpg,good,224,224,224,224,0,0,0,0
good_576.jpg,good,225,225,224,224,0,0,0,0
good_577.jpg,good,225,225,224,224,0,0,0,0
good_578.jpg,good,227,227,224,224,0,0,0,0
good_579.jpg,good,2490,2490,224,224,0,0,0,0
good_58.jpg,good,1800,4000,224,224,0,0,61,62
good_580.jpg,good,234,234,224,224,0,0,0,0
good_581.jpg,good,235,235,224,224,0,0,0,0
good_582.jpg,good,235,235,224,224,0,0,0,0
good_583.jpg,good,235,235,224,224,0,0,0,0
good_584.jpg,good,236,236,224,224,0,0,0,0
good_585.jpg,good,238,238,224,224,0,0,0,0
good_586.jpg,good,239,239,224,224,0,0,0,0
good_587.jpg,good,240,240,224,224,0,0,0,0
good_588.jpg,good,241,241,224,224,0,0,0,0
good_589.jpg,good,245,245,224,224,0,0,0,0
good_59.jpg,good,4000,1800,224,224,61,62,0,0
good_590.jpg,good,2268,4032,224,224,0,0,49,49
good_591.jpg,good,245,245,224,224,0,0,0,0
good_592.jpg,good,258,258,224,224,0,0,0,0
good_593.jpg,good,258,258,224,224,0,0,0,0
good_594.jpg,good,259,259,224,224,0,0,0,0
good_595.jpg,good,259,259,224,224,0,0,0,0
good_596.jpg,good,260,260,224,224,0,0,0,0
good_597.jpg,good,260,260,224,224,0,0,0,0
good_598.jpg,good,260,260,224,224,0,0,0,0
good_599.jpg,good,263,263,224,224,0,0,0,0
good_6.jpg,good,2268,4032,224,224,0,0,49,49
good_60.jpg,good,4000,1800,224,224,61,62,0,0
good_600.jpg,good,263,263,224,224,0,0,0,0
good_601.jpg,good,2268,4032,224,224,0,0,49,49
good_602.jpg,good,264,264,224,224,0,0,0,0
good_603.jpg,good,264,264,224,224,0,0,0,0
good_604.jpg,good,265,265,224,224,0,0,0,0
good_605.jpg,good,269,269,224,224,0,0,0,0
good_606.jpg,good,273,273,224,224,0,0,0,0
good_607.jpg,good,278,278,224,224,0,0,0,0
good_608.jpg,good,279,279,224,224,0,0,0,0
good_609.jpg,good,282,282,224,224,0,0,0,0
good_61.jpg,good,4000,1800,224,224,61,62,0,0
good_610.jpg,good,283,283,224,224,0,0,0,0
good_611.jpg,good,284,284,224,224,0,0,0,0
good_612.jpg,good,2268,4032,224,224,0,0,49,49
good_613.jpg,good,286,286,224,224,0,0,0,0
good_614.jpg,good,290,290,224,224,0,0,0,0
good_615.jpg,good,302,302,224,224,0,0,0,0
good_616.jpg,good,303,303,224,224,0,0,0,0
good_617.jpg,good,303,303,224,224,0,0,0,0
good_618.jpg,good,306,306,224,224,0,0,0,0
good_619.jpg,good,306,306,224,224,0,0,0,0
good_62.jpg,good,4000,1800,224,224,61,62,0,0
good_620.jpg,good,307,307,224,224,0,0,0,0
good_621.jpg,good,307,307,224,224,0,0,0,0
good_622.jpg,good,316,316,224,224,0,0,0,0
good_623.jpg,good,2268,4032,224,224,0,0,49,49
good_624.jpg,good,316,316,224,224,0,0,0,0
good_625.jpg,good,318,318,224,224,0,0,0,0
good_626.jpg,good,320,320,224,224,0,0,0,0
good_627.jpg,good,322,322,224,224,0,0,0,0
good_628.jpg,good,324,324,224,224,0,0,0,0
good_629.jpg,good,324,324,224,224,0,0,0,0
good_63.jpg,good,4000,1800,224,224,61,62,0,0
good_630.jpg,good,325,325,224,224,0,0,0,0
good_631.jpg,good,325,325,224,224,0,0,0,0
good_632.jpg,good,326,326,224,224,0,0,0,0
good_633.jpg,good,328,328,224,224,0,0,0,0
good_634.jpg,good,2268,4032,224,224,0,0,49,49
good_635.jpg,good,333,333,224,224,0,0,0,0
good_636.jpg,good,342,342,224,224,0,0,0,0
good_637.jpg,good,353,353,224,224,0,0,0,0
good_638.jpg,good,354,354,224,224,0,0,0,0
good_639.jpg,good,364,364,224,224,0,0,0,0
good_64.jpg,good,1800,4000,224,224,0,0,61,62
good_640.jpg,good,372,372,224,224,0,0,0,0
good_641.jpg,good,394,394,224,224,0,0,0,0
good_642.jpg,good,400,400,224,224,0,0,0,0
good_643.jpg,good,438,438,224,224,0,0,0,0
good_644.jpg,good,447,447,224,224,0,0,0,0
good_645.jpg,good,2268,4032,224,224,0,0,49,49
good_646.jpg,good,459,459,224,224,0,0,0,0
good_647.jpg,good,466,466,224,224,0,0,0,0
good_648.jpg,good,474,474,224,224,0,0,0,0
good_649.jpg,good,488,488,224,224,0,0,0,0
good_65.jpg,good,1800,4000,224,224,0,0,61,62
good_650.jpg,good,496,496,224,224,0,0,0,0
good_651.jpg,good,500,500,224,224,0,0,0,0
good_652.jpg,good,519,519,224,224,0,0,0,0
good_653.jpg,good,520,520,224,224,0,0,0,0
good_654.jpg,good,534,534,224,224,0,0,0,0
good_655.jpg,good,536,536,224,224,0,0,0,0
good_656.jpg,good,2268,4032,224,224,0,0,49,49
good_657.jpg,good,567,567,224,224,0,0,0,0
good_658.jpg,good,614,614,224,224,0,0,0,0
good_659.jpg,good,621,621,224,224,0,0,0,0
good_66.jpg,good,1800,4000,224,224,0,0,61,62
good_660.jpg,good,622,622,224,224,0,0,0,0
good_661.jpg,good,624,624,224,224,0,0,0,0
good_662.jpg,good,625,625,224,224,0,0,0,0
good_663.jpg,good,627,627,224,224,0,0,0,0
good_664.jpg,good,652,652,224,224,0,0,0,0
good_665.jpg,good,656,656,224,224,0,0,0,0
good_666.jpg,good,660,660,224,224,0,0,0,0
good_667.jpg,good,1083,1083,224,224,0,0,0,0
good_668.jpg,good,2268,4032,224,224,0,0,49,49
good_669.jpg,good,660,660,224,224,0,0,0,0
good_67.jpg,good,4000,1800,224,224,61,62,0,0
good_670.jpg,good,686,686,224,224,0,0,0,0
good_671.jpg,good,693,693,224,224,0,0,0,0
good_672.jpg,good,698,698,224,224,0,0,0,0
good_673.jpg,good,708,708,224,224,0,0,0,0
good_674.jpg,good,718,718,224,224,0,0,0,0
good_675.jpg,good,722,722,224,224,0,0,0,0
good_676.jpg,good,726,726,224,224,0,0,0,0
good_677.jpg,good,728,728,224,224,0,0,0,0
good_678.jpg,good,729,729,224,224,0,0,0,0
good_679.jpg,good,2268,4032,224,224,0,0,49,49
good_68.jpg,good,2720,2720,224,224,0,0,0,0
good_680.jpg,good,740,740,224,224,0,0,0,0
good_681.jpg,good,744,744,224,224,0,0,0,0
good_682.jpg,good,744,744,224,224,0,0,0,0
good_683.jpg,good,746,746,224,224,0,0,0,0
good_684.jpg,good,765,765,224,224,0,0,0,0
good_685.jpg,good,772,772,224,224,0,0,0,0
good_686.jpg,good,774,774,224,224,0,0,0,0
good_687.jpg,good,777,777,224,224,0,0,0,0
good_688.jpg,good,795,795,224,224,0,0,0,0
good_689.jpg,good,806,806,224,224,0,0,0,0
good_69.jpg,good,4000,1800,224,224,61,62,0,0
good_690.jpg,good,4032,2268,224,224,49,49,0,0
good_691.jpg,good,816,816,224,224,0,0,0,0
good_692.jpg,good,826,826,224,224,0,0,0,0
good_693.jpg,good,831,831,224,224,0,0,0,0
good_694.jpg,good,831,831,224,224,0,0,0,0
good_695.jpg,good,838,838,224,224,0,0,0,0
good_696.jpg,good,842,842,224,224,0,0,0,0
good_697.jpg,good,843,843,224,224,0,0,0,0
good_698.jpg,good,843,843,224,224,0,0,0,0
good_699.jpg,good,848,848,224,224,0,0,0,0
good_7.jpg,good,2268,4032,224,224,0,0,49,49
good_70.jpg,good,4000,1800,224,224,61,62,0,0
good_700.jpg,good,852,852,224,224,0,0,0,0
good_701.jpg,good,4032,2268,224,224,49,49,0,0
good_702.jpg,good,861,861,224,224,0,0,0,0
good_703.jpg,good,862,862,224,224,0,0,0,0
good_704.jpg,good,876,876,224,224,0,0,0,0
good_705.jpg,good,882,882,224,224,0,0,0,0
good_706.jpg,good,892,892,224,224,0,0,0,0
good_707.jpg,good,894,894,224,224,0,0,0,0
good_708.jpg,good,894,894,224,224,0,0,0,0
good_709.jpg,good,900,900,224,224,0,0,0,0
good_71.jpg,good,4000,1800,224,224,61,62,0,0
good_710.jpg,good,912,912,224,224,0,0,0,0
good_711.jpg,good,939,939,224,224,0,0,0,0
good_712.jpg,good,4032,2268,224,224,49,49,0,0
good_713.jpg,good,945,945,224,224,0,0,0,0
good_714.jpg,good,957,957,224,224,0,0,0,0
good_715.jpg,good,960,960,224,224,0,0,0,0
good_716.jpg,good,978,978,224,224,0,0,0,0
good_717.jpg,good,987,987,224,224,0,0,0,0
good_718.jpg,good,992,992,224,224,0,0,0,0
good_719.jpg,good,999,999,224,224,0,0,0,0
good_72.jpg,good,1800,4000,224,224,0,0,61,62
good_720.jpg,good,1029,1029,224,224,0,0,0,0
good_721.jpg,good,1038,1038,224,224,0,0,0,0
good_722.jpg,good,1056,1056,224,224,0,0,0,0
good_723.jpg,good,4032,2268,224,224,49,49,0,0
good_724.jpg,good,1080,1080,224,224,0,0,0,0
good_725.jpg,good,1080,1080,224,224,0,0,0,0
good_726.jpg,good,1083,1083,224,224,0,0,0,0
good_727.jpg,good,1101,1101,224,224,0,0,0,0
good_728.jpg,good,1119,1119,224,224,0,0,0,0
good_729.jpg,good,1125,1125,224,224,0,0,0,0
good_73.jpg,good,4000,1800,224,224,61,62,0,0
good_730.jpg,good,1155,1155,224,224,0,0,0,0
good_731.jpg,good,1156,1156,224,224,0,0,0,0
good_732.jpg,good,1158,1158,224,224,0,0,0,0
good_733.jpg,good,1179,1179,224,224,0,0,0,0
good_734.jpg,good,4032,2268,224,224,49,49,0,0
good_735.jpg,good,1188,1188,224,224,0,0,0,0
good_736.jpg,good,1232,1232,224,224,0,0,0,0
good_737.jpg,good,1233,1233,224,224,0,0,0,0
good_738.jpg,good,1238,1238,224,224,0,0,0,0
good_739.jpg,good,1258,1258,224,224,0,0,0,0
good_74.jpg,good,4000,1800,224,224,61,62,0,0
good_740.jpg,good,279,279,224,224,0,0,0,0
good_741.jpg,good,331,331,224,224,0,0,0,0
good_742.jpg,good,264,264,224,224,0,0,0,0
good_743.jpg,good,281,281,224,224,0,0,0,0
good_744.jpg,good,314,314,224,224,0,0,0,0
good_745.jpg,good,4032,2268,224,224,49,49,0,0
good_746.jpg,good,341,341,224,224,0,0,0,0
good_747.jpg,good,319,319,224,224,0,0,0,0
good_748.jpg,good,289,289,224,224,0,0,0,0
good_749.jpg,good,382,382,224,224,0,0,0,0
good_75.jpg,good,4000,1800,224,224,61,62,0,0
good_750.jpg,good,345,345,224,224,0,0,0,0
good_751.jpg,good,1209,1209,224,224,0,0,0,0
good_752.jpg,good,1137,1137,224,224,0,0,0,0
good_753.jpg,good,1005,1005,224,224,0,0,0,0
good_754.jpg,good,735,735,224,224,0,0,0,0
good_755.jpg,good,1008,1008,224,224,0,0,0,0
good_756.jpg,good,4032,2268,224,224,49,49,0,0
good_757.jpg,good,813,813,224,224,0,0,0,0
good_758.jpg,good,939,939,224,224,0,0,0,0
good_759.jpg,good,579,579,224,224,0,0,0,0
good_76.jpg,good,1800,4000,224,224,0,0,61,62
good_760.jpg,good,498,498,224,224,0,0,0,0
good_761.jpg,good,736,736,224,224,0,0,0,0
good_762.jpg,good,834,834,224,224,0,0,0,0
good_763.jpg,good,910,910,224,224,0,0,0,0
good_764.jpg,good,796,796,224,224,0,0,0,0
good_765.jpg,good,570,570,224,224,0,0,0,0
good_766.jpg,good,776,776,224,224,0,0,0,0
good_767.jpg,good,4032,2268,224,224,49,49,0,0
good_768.jpg,good,816,816,224,224,0,0,0,0
good_769.jpg,good,858,858,224,224,0,0,0,0
good_77.jpg,good,1800,4000,224,224,0,0,61,62
good_770.jpg,good,834,834,224,224,0,0,0,0
good_771.jpg,good,772,772,224,224,0,0,0,0
good_772.jpg,good,852,852,224,224,0,0,0,0
good_773.jpg,good,1078,1078,224,224,0,0,0,0
good_774.jpg,good,1258,1258,224,224,0,0,0,0
good_775.jpg,good,1254,1254,224,224,0,0,0,0
good_776.jpg,good,2324,2324,224,224,0,0,0,0
good_777.jpg,good,2724,2724,224,224,0,0,0,0
good_778.jpg,good,1425,1425,224,224,0,0,0,0
good_779.jpg,good,4032,2268,224,224,49,49,0,0
good_78.jpg,good,4000,1800,224,224,61,62,0,0
good_780.jpg,good,2660,2660,224,224,0,0,0,0
good_781.jpg,good,2552,2552,224,224,0,0,0,0
good_782.jpg,good,2728,2728,224,224,0,0,0,0
good_783.jpg,good,2103,2103,224,224,0,0,0,0
good_784.jpg,good,2517,2517,224,224,0,0,0,0
good_785.jpg,good,2256,2256,224,224,0,0,0,0
good_786.jpg,good,2430,2430,224,224,0,0,0,0
good_787.jpg,good,2724,2724,224,224,0,0,0,0
good_788.jpg,good,2655,2655,224,224,0,0,0,0
good_789.jpg,good,2274,2274,224,224,0,0,0,0
good_79.jpg,good,2566,2566,224,224,0,0,0,0
good_790.jpg,good,4032,2268,224,224,49,49,0,0
good_791.jpg,good,2259,2259,224,224,0,0,0,0
good_792.jpg,good,2744,2744,224,224,0,0,0,0
good_793.jpg,good,2752,2752,224,224,0,0,0,0
good_794.jpg,good,1944,1944,224,224,0,0,0,0
good_795.jpg,good,2406,2406,224,224,0,0,0,0
good_796.jpg,good,1713,1713,224,224,0,0,0,0
good_797.jpg,good,2469,2469,224,224,0,0,0,0
good_798.jpg,good,1548,1548,224,224,0,0,0,0
good_799.jpg,good,2547,2547,224,224,0,0,0,0
good_8.jpg,good,4000,1800,224,224,61,62,0,0
good_80.jpg,good,4000,1800,224,224,61,62,0,0
good_800.jpg,good,2640,2640,224,224,0,0,0,0
good_801.jpg,good,4032,2268,224,224,49,49,0,0
good_802.jpg,good,1770,1770,224,224,0,0,0,0
good_803.jpg,good,2016,2016,224,224,0,0,0,0
good_804.jpg,good,1868,1868,224,224,0,0,0,0
good_805.jpg,good,996,996,224,224,0,0,0,0
good_806.jpg,good,2262,2262,224,224,0,0,0,0
good_807.jpg,good,1839,1839,224,224,0,0,0,0
good_808.jpg,good,1920,1920,224,224,0,0,0,0
good_809.jpg,good,3024,3024,224,224,0,0,0,0
good_81.jpg,good,4000,1800,224,224,61,62,0,0
good_810.jpg,good,2708,2708,224,224,0,0,0,0
good_811.jpg,good,4032,2268,224,224,49,49,0,0
good_812.jpg,good,4032,2268,224,224,49,49,0,0
good_813.jpg,good,4032,2268,224,224,49,49,0,0
good_814.jpg,good,4032,2268,224,224,49,49,0,0
good_815.jpg,good,4032,2268,224,224,49,49,0,0
good_816.jpg,good,4032,2268,224,224,49,49,0,0
good_817.jpg,good,4032,2268,224,224,49,49,0,0
good_818.jpg,good,1590,1590,224,224,0,0,0,0
good_819.jpg,good,2268,4032,224,224,0,0,49,49
good_82.jpg,good,4000,1800,224,224,61,62,0,0
good_820.jpg,good,2268,4032,224,224,0,0,49,49
good_821.jpg,good,2268,4032,224,224,0,0,49,49
good_822.jpg,good,2268,4032,224,224,0,0,49,49
good_823.jpg,good,2268,4032,224,224,0,0,49,49
good_824.jpg,good,2268,4032,224,224,0,0,49,49
good_825.jpg,good,2268,4032,224,224,0,0,49,49
good_826.jpg,good,2268,4032,224,224,0,0,49,49
good_827.jpg,good,2268,4032,224,224,0,0,49,49
good_828.jpg,good,2268,4032,224,224,0,0,49,49
good_829.jpg,good,2250,2250,224,224,0,0,0,0
good_83.jpg,good,4000,1800,224,224,61,62,0,0
good_830.jpg,good,2250,2250,224,224,0,0,0,0
good_831.jpg,good,1800,1800,224,224,0,0,0,0
good_832.jpg,good,2250,2250,224,224,0,0,0,0
good_833.jpg,good,2250,2250,224,224,0,0,0,0
good_834.jpg,good,1800,1800,224,224,0,0,0,0
good_835.jpg,good,2250,2250,224,224,0,0,0,0
good_836.jpg,good,2100,2100,224,224,0,0,0,0
good_837.jpg,good,2250,2250,224,224,0,0,0,0
good_838.jpg,good,1940,1940,224,224,0,0,0,0
good_839.jpg,good,1800,1800,224,224,0,0,0,0
good_84.jpg,good,4000,1800,224,224,61,62,0,0
good_840.jpg,good,1930,1930,224,224,0,0,0,0
good_841.jpg,good,1800,1800,224,224,0,0,0,0
good_842.jpg,good,2250,2250,224,224,0,0,0,0
good_843.jpg,good,2250,2250,224,224,0,0,0,0
good_844.jpg,good,1920,1920,224,224,0,0,0,0
good_845.jpg,good,1800,1800,224,224,0,0,0,0
good_846.jpg,good,1920,1920,224,224,0,0,0,0
good_847.jpg,good,1840,1840,224,224,0,0,0,0
good_848.jpg,good,1990,1990,224,224,0,0,0,0
good_849.jpg,good,2250,2250,224,224,0,0,0,0
good_85.jpg,good,1800,4000,224,224,0,0,61,62
good_850.jpg,good,2030,2030,224,224,0,0,0,0
good_851.jpg,good,1800,1800,224,224,0,0,0,0
good_852.jpg,good,2250,2250,224,224,0,0,0,0
good_853.jpg,good,1900,1900,224,224,0,0,0,0
good_854.jpg,good,1540,1540,224,224,0,0,0,0
good_855.jpg,good,1800,1800,224,224,0,0,0,0
good_856.jpg,good,1800,1800,224,224,0,0,0,0
good_857.jpg,good,1810,1810,224,224,0,0,0,0
good_858.jpg,good,1810,1810,224,224,0,0,0,0
good_859.jpg,good,1850,1850,224,224,0,0,0,0
good_86.jpg,good,1800,4000,224,224,0,0,61,62
good_860.jpg,good,2100,2100,224,224,0,0,0,0
good_861.jpg,good,1800,1800,224,224,0,0,0,0
good_862.jpg,good,2250,2250,224,224,0,0,0,0
good_863.jpg,good,2250,2250,224,224,0,0,0,0
good_864.jpg,good,2250,2250,224,224,0,0,0,0
good_865.jpg,good,2250,2250,224,224,0,0,0,0
good_866.jpg,good,1850,1850,224,224,0,0,0,0
good_867.jpg,good,1640,1640,224,224,0,0,0,0
good_868.jpg,good,2040,2040,224,224,0,0,0,0
good_869.jpg,good,1750,1750,224,224,0,0,0,0
good_87.jpg,good,4000,1800,224,224,61,62,0,0
good_870.jpg,good,1700,1700,224,224,0,0,0,0
good_871.jpg,good,2000,2000,224,224,0,0,0,0
good_872.jpg,good,2250,2250,224,224,0,0,0,0
good_873.jpg,good,2120,2120,224,224,0,0,0,0
good_874.jpg,good,2250,2250,224,224,0,0,0,0
good_875.jpg,good,2250,2250,224,224,0,0,0,0
good_876.jpg,good,2250,2250,224,224,0,0,0,0
good_877.jpg,good,2250,2250,224,224,0,0,0,0
good_878.jpg,good,2250,2250,224,224,0,0,0,0
good_879.jpg,good,2250,2250,224,224,0,0,0,0
good_88.jpg,good,4000,1800,224,224,61,62,0,0
good_880.jpg,good,2250,2250,224,224,0,0,0,0
good_881.jpg,good,2250,2250,224,224,0,0,0,0
good_882.jpg,good,2250,2250,224,224,0,0,0,0
good_883.jpg,good,2250,2250,224,224,0,0,0,0
good_884.jpg,good,2250,2250,224,224,0,0,0,0
good_885.jpg,good,1800,1800,224,224,0,0,0,0
good_886.jpg,good,2250,2250,224,224,0,0,0,0
good_887.jpg,good,2250,2250,224,224,0,0,0,0
good_888.jpg,good,2250,2250,224,224,0,0,0,0
good_889.jpg,good,2050,2050,224,224,0,0,0,0
good_89.jpg,good,4000,1800,224,224,61,62,0,0
good_890.jpg,good,2030,2030,224,224,0,0,0,0
good_891.jpg,good,1620,1620,224,224,0,0,0,0
good_892.jpg,good,2035,2035,224,224,0,0,0,0
good_893.jpg,good,2250,2250,224,224,0,0,0,0
good_894.jpg,good,2250,2250,224,224,0,0,0,0
good_895.jpg,good,2250,2250,224,224,0,0,0,0
good_896.jpg,good,2250,2250,224,224,0,0,0,0
good_897.jpg,good,2250,2250,224,224,0,0,0,0
good_898.jpg,good,2250,2250,224,224,0,0,0,0
good_899.jpg,good,2250,2250,224,224,0,0,0,0
good_9.jpg,good,4000,1800,224,224,61,62,0,0
good_90.jpg,good,2608,2608,224,224,0,0,0,0
good_900.jpg,good,2250,2250,224,224,0,0,0,0
good_901.jpg,good,2250,2250,224,224,0,0,0,0
good_902.jpg,good,1850,1850,224,224,0,0,0,0
good_903.jpg,good,2250,2250,224,224,0,0,0,0
good_904.jpg,good,2250,2250,224,224,0,0,0,0
good_905.jpg,good,2250,2250,224,224,0,0,0,0
good_906.jpg,good,2250,2250,224,224,0,0,0,0
good_907.jpg,good,2250,2250,224,224,0,0,0,0
good_908.jpg,good,2250,2250,224,224,0,0,0,0
good_909.jpg,good,2250,2250,224,224,0,0,0,0
good_91.jpg,good,4000,1800,224,224,61,62,0,0
good_910.jpg,good,2250,2250,224,224,0,0,0,0
good_911.jpg,good,2250,2250,224,224,0,0,0,0
good_912.jpg,good,2250,2250,224,224,0,0,0,0
good_913.jpg,good,2250,2250,224,224,0,0,0,0
good_914.jpg,good,1970,1970,224,224,0,0,0,0
good_915.jpg,good,1525,1525,224,224,0,0,0,0
good_916.jpg,good,1830,1830,224,224,0,0,0,0
good_917.jpg,good,1850,1850,224,224,0,0,0,0
good_918.jpg,good,1400,1400,224,224,0,0,0,0
good_919.jpg,good,2250,2250,224,224,0,0,0,0
good_92.jpg,good,4000,1800,224,224,61,62,0,0
good_920.jpg,good,2250,2250,224,224,0,0,0,0
good_921.jpg,good,1930,1930,224,224,0,0,0,0
good_922.jpg,good,1920,1920,224,224,0,0,0,0
good_923.jpg,good,2250,2250,224,224,0,0,0,0
good_924.jpg,good,2250,2250,224,224,0,0,0,0
good_925.jpg,good,1620,1620,224,224,0,0,0,0
good_926.jpg,good,2250,2250,224,224,0,0,0,0
good_927.jpg,good,1900,1900,224,224,0,0,0,0
good_928.jpg,good,1900,1900,224,224,0,0,0,0
good_929.jpg,good,1800,1800,224,224,0,0,0,0
good_93.jpg,good,4000,1800,224,224,61,62,0,0
good_930.jpg,good,2250,2250,224,224,0,0,0,0
good_931.jpg,good,2250,2250,224,224,0,0,0,0
good_932.jpg,good,2250,2250,224,224,0,0,0,0
good_933.jpg,good,2250,2250,224,224,0,0,0,0
good_934.jpg,good,2250,2250,224,224,0,0,0,0
good_935.jpg,good,2250,2250,224,224,0,0,0,0
good_936.jpg,good,2250,2250,224,224,0,0,0,0
good_937.jpg,good,2030,2030,224,224,0,0,0,0
good_938.jpg,good,2250,2250,224,224,0,0,0,0
good_939.jpg,good,2250,2250,224,224,0,0,0,0
good_94.jpg,good,4000,1800,224,224,61,62,0,0
good_940.jpg,good,1850,1850,224,224,0,0,0,0
good_941.jpg,good,1540,1540,224,224,0,0,0,0
good_942.jpg,good,2250,2250,224,224,0,0,0,0
good_943.jpg,good,2250,2250,224,224,0,0,0,0
good_944.jpg,good,1810,1810,224,224,0,0,0,0
good_945.jpg,good,1500,1500,224,224,0,0,0,0
good_946.jpg,good,1810,1810,224,224,0,0,0,0
good_947.jpg,good,1745,1745,224,224,0,0,0,0
good_948.jpg,good,2250,2250,224,224,0,0,0,0
good_949.jpg,good,2250,2250,224,224,0,0,0,0
good_95.jpg,good,4000,1800,224,224,61,62,0,0
good_950.jpg,good,2250,2250,224,224,0,0,0,0
good_951.jpg,good,2250,2250,224,224,0,0,0,0
good_952.jpg,good,2250,2250,224,224,0,0,0,0
good_953.jpg,good,2250,2250,224,224,0,0,0,0
good_954.jpg,good,2250,2250,224,224,0,0,0,0
good_955.jpg,good,2250,2250,224,224,0,0,0,0
good_956.jpg,good,2250,2250,224,224,0,0,0,0
good_957.jpg,good,1970,1970,224,224,0,0,0,0
good_958.jpg,good,2250,2250,224,224,0,0,0,0
good_959.jpg,good,2250,2250,224,224,0,0,0,0
good_96.jpg,good,4000,1800,224,224,61,62,0,0
good_960.jpg,good,2250,2250,224,224,0,0,0,0
good_961.jpg,good,2250,2250,224,224,0,0,0,0
good_962.jpg,good,2250,2250,224,224,0,0,0,0
good_963.jpg,good,2250,2250,224,224,0,0,0,0
good_964.jpg,good,2250,2250,224,224,0,0,0,0
good_965.jpg,good,2250,2250,224,224,0,0,0,0
good_966.jpg,good,2250,2250,224,224,0,0,0,0
good_967.jpg,good,2250,2250,224,224,0,0,0,0
good_968.jpg,good,2250,2250,224,224,0,0,0,0
good_969.jpg,good,2250,2250,224,224,0,0,0,0
good_97.jpg,good,4000,1800,224,224,61,62,0,0
good_970.jpg,good,2250,2250,224,224,0,0,0,0
good_971.jpg,good,2250,2250,224,224,0,0,0,0
good_972.jpg,good,2250,2250,224,224,0,0,0,0
good_973.jpg,good,2250,2250,224,224,0,0,0,0
good_974.jpg,good,2250,2250,224,224,0,0,0,0
good_975.jpg,good,2250,2250,224,224,0,0,0,0
good_976.jpg,good,2250,2250,224,224,0,0,0,0
good_977.jpg,good,2250,2250,224,224,0,0,0,0
good_978.jpg,good,2250,2250,224,224,0,0,0,0
good_979.jpg,good,2250,2250,224,224,0,0,0,0
good_98.jpg,good,4000,1800,224,224,61,62,0,0
good_980.jpg,good,2250,2250,224,224,0,0,0,0
good_981.jpg,good,1800,1800,224,224,0,0,0,0
good_982.jpg,good,2250,2250,224,224,0,0,0,0
good_983.jpg,good,1800,1800,224,224,0,0,0,0
good_984.jpg,good,2250,2250,224,224,0,0,0,0
good_985.jpg,good,2250,2250,224,224,0,0,0,0
good_986.jpg,good,1800,1800,224,224,0,0,0,0
good_987.jpg,good,2250,2250,224,224,0,0,0,0
good_988.jpg,good,1800,1800,224,224,0,0,0,0
good_989.jpg,good,2250,2250,224,224,0,0,0,0
good_99.jpg,good,1800,4000,224,224,0,0,61,62
good_990.jpg,good,2250,2250,224,224,0,0,0,0
good_991.jpg,good,2250,2250,224,224,0,0,0,0
good_992.jpg,good,1800,1800,224,224,0,0,0,0
good_993.jpg,good,2250,2250,224,224,0,0,0,0
good_994.jpg,good,2250,2250,224,224,0,0,0,0
good_995.jpg,good,2250,2250,224,224,0,0,0,0
good_996.jpg,good,2250,2250,224,224,0,0,0,0
good_997.jpg,good,2250,2250,224,224,0,0,0,0
good_998.jpg,good,2250,2250,224,224,0,0,0,0
good_999.jpg,good,2250,2250,224,224,0,0,0,0
bad_1.jpg,bad,748,748,224,224,0,0,0,0
bad_10.jpg,bad,414,414,224,224,0,0,0,0
bad_100.jpg,bad,904,904,224,224,0,0,0,0
bad_1000.jpg,bad,469,469,224,224,0,0,0,0
bad_1001.jpg,bad,2004,2004,224,224,0,0,0,0
bad_1002.jpg,bad,2250,2250,224,224,0,0,0,0
bad_1003.jpg,bad,2250,2250,224,224,0,0,0,0
bad_1004.jpg,bad,2250,2250,224,224,0,0,0,0
bad_1005.jpg,bad,2250,2250,224,224,0,0,0,0
bad_1006.jpg,bad,2250,2250,224,224,0,0,0,0
bad_1007.jpg,bad,2250,2250,224,224,0,0,0,0
bad_1008.jpg,bad,2250,2250,224,224,0,0,0,0
bad_1009.jpg,bad,2250,2250,224,224,0,0,0,0
bad_101.jpg,bad,309,309,224,224,0,0,0,0
bad_1010.jpg,bad,2250,2250,224,224,0,0,0,0
bad_1011.jpg,bad,2250,2250,224,224,0,0,0,0
bad_1012.jpg,bad,2250,2250,224,224,0,0,0,0
bad_1013.jpg,bad,2250,2250,224,224,0,0,0,0
bad_1014.jpg,bad,2250,2250,224,224,0,0,0,0
bad_1015.jpg,bad,1480,1480,224,224,0,0,0,0
bad_1016.jpg,bad,2250,2250,224,224,0,0,0,0
bad_1017.jpg,bad,2250,2250,224,224,0,0,0,0
bad_1018.jpg,bad,2250,2250,224,224,0,0,0,0
bad_1019.jpg,bad,2250,2250,224,224,0,0,0,0
bad_102.jpg,bad,414,414,224,224,0,0,0,0
bad_1020.jpg,bad,2250,2250,224,224,0,0,0,0
bad_1021.jpg,bad,2250,2250,224,224,0,0,0,0
bad_1022.jpg,bad,2250,2250,224,224,0,0,0,0
bad_1023.jpg,bad,2250,2250,224,224,0,0,0,0
bad_1024.jpg,bad,1871,1871,224,224,0,0,0,0
bad_1025.jpg,bad,2250,2250,224,224,0,0,0,0
bad_1026.jpg,bad,2250,2250,224,224,0,0,0,0
bad_1027.jpg,bad,2250,2250,224,224,0,0,0,0
bad_1028.jpg,bad,2250,2250,224,224,0,0,0,0
bad_1029.jpg,bad,2250,2250,224,224,0,0,0,0
bad_103.jpg,bad,523,523,224,224,0,0,0,0
bad_1030.jpg,bad,2250,2250,224,224,0,0,0,0
bad_1031.jpg,bad,2250,2250,224,224,0,0,0,0
bad_1032.jpg,bad,2250,2250,224,224,0,0,0,0
bad_1033.jpg,bad,2250,2250,224,224,0,0,0,0
bad_1034.jpg,bad,2250,2250,224,224,0,0,0,0
bad_1035.jpg,bad,2242,2242,224,224,0,0,0,0
bad_1036.jpg,bad,2250,2250,224,224,0,0,0,0
bad_1037.jpg,bad,2250,2250,224,224,0,0,0,0
bad_1038.jpg,bad,2250,2250,224,224,0,0,0,0
bad_1039.jpg,bad,2250,2250,224,224,0,0,0,0
bad_104.jpg,bad,339,339,224,224,0,0,0,0
bad_1040.jpg,bad,2250,2250,224,224,0,0,0,0
bad_1041.jpg,bad,2250,2250,224,224,0,0,0,0
bad_1042.jpg,bad,2250,2250,224,224,0,0,0,0
bad_1043.jpg,bad,2250,2250,224,224,0,0,0,0
bad_1044.jpg,bad,2250,2250,224,224,0,0,0,0
bad_1045.jpg,bad,2250,2250,224,224,0,0,0,0
bad_1046.jpg,bad,2250,2250,224,224,0,0,0,0
bad_1047.jpg,bad,2250,2250,224,224,0,0,0,0
bad_1048.jpg,bad,2250,2250,224,224,0,0,0,0
bad_1049.jpg,bad,2250,2250,224,224,0,0,0,0
bad_105.jpg,bad,240,240,224,224,0,0,0,0
bad_1050.jpg,bad,2250,2250,224,224,0,0,0,0
bad_1051.jpg,bad,2250,2250,224,224,0,0,0,0
bad_1052.jpg,bad,2250,2250,224,224,0,0,0,0
bad_1053.jpg,bad,2250,2250,224,224,0,0,0,0
bad_1054.jpg,bad,2250,2250,224,224,0,0,0,0
bad_1055.jpg,bad,2250,2250,224,224,0,0,0,0
bad_1056.jpg,bad,2250,2250,224,224,0,0,0,0
bad_1057.jpg,bad,1943,1943,224,224,0,0,0,0
bad_1058.jpg,bad,2250,2250,224,224,0,0,0,0
bad_1059.jpg,bad,2250,2250,224,224,0,0,0,0
bad_106.jpg,bad,495,495,224,224,0,0,0,0
bad_1060.jpg,bad,2250,2250,224,224,0,0,0,0
bad_1061.jpg,bad,2250,2250,224,224,0,0,0,0
bad_1062.jpg,bad,2250,2250,224,224,0,0,0,0
bad_1063.jpg,bad,2250,2250,224,224,0,0,0,0
bad_1064.jpg,bad,2250,2250,224,224,0,0,0,0
bad_1065.jpg,bad,2250,2250,224,224,0,0,0,0
bad_1066.jpg,bad,2250,2250,224,224,0,0,0,0
bad_1067.jpg,bad,2250,2250,224,224,0,0,0,0
bad_1068.jpg,bad,2250,2250,224,224,0,0,0,0
bad_1069.jpg,bad,2250,2250,224,224,0,0,0,0
bad_107.jpg,bad,261,261,224,224,0,0,0,0
bad_1070.jpg,bad,2250,2250,224,224,0,0,0,0
bad_1071.jpg,bad,2250,2250,224,224,0,0,0,0
bad_1072.jpg,bad,2250,2250,224,224,0,0,0,0
bad_1073.jpg,bad,2250,2250,224,224,0,0,0,0
bad_1074.jpg,bad,2250,2250,224,224,0,0,0,0
bad_1075.jpg,bad,2250,2250,224,224,0,0,0,0
bad_1076.jpg,bad,2250,2250,224,224,0,0,0,0
bad_1077.jpg,bad,2250,2250,224,224,0,0,0,0
bad_1078.jpg,bad,1500,1500,224,224,0,0,0,0
bad_1079.jpg,bad,2250,2250,224,224,0,0,0,0
bad_108.jpg,bad,295,295,224,224,0,0,0,0
bad_1080.jpg,bad,2250,2250,224,224,0,0,0,0
bad_1081.jpg,bad,2250,2250,224,224,0,0,0,0
bad_1082.jpg,bad,2250,2250,224,224,0,0,0,0
bad_1083.jpg,bad,2250,2250,224,224,0,0,0,0
bad_1084.jpg,bad,2250,2250,224,224,0,0,0,0
bad_1085.jpg,bad,2250,2250,224,224,0,0,0,0
bad_1086.jpg,bad,2250,2250,224,224,0,0,0,0
bad_1087.jpg,bad,2250,2250,224,224,0,0,0,0
bad_1088.jpg,bad,2250,2250,224,224,0,0,0,0
bad_1089.jpg,bad,2250,2250,224,224,0,0,0,0
bad_109.jpg,bad,405,405,224,224,0,0,0,0
bad_1090.jpg,bad,1294,1294,224,224,0,0,0,0
bad_1091.jpg,bad,2250,2250,224,224,0,0,0,0
bad_1092.jpg,bad,2250,2250,224,224,0,0,0,0
bad_1093.jpg,bad,2250,2250,224,224,0,0,0,0
bad_1094.jpg,bad,2250,2250,224,224,0,0,0,0
bad_1095.jpg,bad,2250,2250,224,224,0,0,0,0
bad_1096.jpg,bad,2250,2250,224,224,0,0,0,0
bad_1097.jpg,bad,2250,2250,224,224,0,0,0,0
bad_1098.jpg,bad,2250,2250,224,224,0,0,0,0
bad_1099.jpg,bad,1500,1500,224,224,0,0,0,0
bad_11.jpg,bad,393,393,224,224,0,0,0,0
bad_110.jpg,bad,345,345,224,224,0,0,0,0
bad_1100.jpg,bad,1400,1400,224,224,0,0,0,0
bad_1101.jpg,bad,2148,2148,224,224,0,0,0,0
bad_1102.jpg,bad,2250,2250,224,224,0,0,0,0
bad_1103.jpg,bad,2250,2250,224,224,0,0,0,0
bad_1104.jpg,bad,2250,2250,224,224,0,0,0,0
bad_1105.jpg,bad,2250,2250,224,224,0,0,0,0
bad_1106.jpg,bad,2250,2250,224,224,0,0,0,0
bad_1107.jpg,bad,2250,2250,224,224,0,0,0,0
bad_1108.jpg,bad,2250,2250,224,224,0,0,0,0
bad_1109.jpg,bad,2250,2250,224,224,0,0,0,0
bad_111.jpg,bad,228,228,224,224,0,0,0,0
bad_1110.jpg,bad,2250,2250,224,224,0,0,0,0
bad_1111.jpg,bad,2250,2250,224,224,0,0,0,0
bad_1112.jpg,bad,2250,2250,224,224,0,0,0,0
bad_1113.jpg,bad,1984,1984,224,224,0,0,0,0
bad_1114.jpg,bad,2250,2250,224,224,0,0,0,0
bad_1115.jpg,bad,2250,2250,224,224,0,0,0,0
bad_1116.jpg,bad,2250,2250,224,224,0,0,0,0
bad_1117.jpg,bad,2250,2250,224,224,0,0,0,0
bad_1118.jpg,bad,2250,2250,224,224,0,0,0,0
bad_1119.jpg,bad,2250,2250,224,224,0,0,0,0
bad_112.jpg,bad,354,353,224,224,0,1,0,0
bad_1120.jpg,bad,2250,2250,224,224,0,0,0,0
bad_1121.jpg,bad,2250,2250,224,224,0,0,0,0
bad_1122.jpg,bad,2250,2250,224,224,0,0,0,0
bad_1123.jpg,bad,2250,2250,224,224,0,0,0,0
bad_1124.jpg,bad,2250,2250,224,224,0,0,0,0
bad_1125.jpg,bad,2250,2250,224,224,0,0,0,0
bad_1126.jpg,bad,2250,2250,224,224,0,0,0,0
bad_1127.jpg,bad,2250,2250,224,224,0,0,0,0
bad_1128.jpg,bad,2250,2250,224,224,0,0,0,0
bad_1129.jpg,bad,2250,2250,224,224,0,0,0,0
bad_113.jpg,bad,292,292,224,224,0,0,0,0
bad_1130.jpg,bad,2250,2250,224,224,0,0,0,0
bad_1131.jpg,bad,2250,2250,224,224,0,0,0,0
bad_1132.jpg,bad,2250,2250,224,224,0,0,0,0
bad_1133.jpg,bad,2250,2250,224,224,0,0,0,0
bad_1134.jpg,bad,2250,2250,224,224,0,0,0,0
bad_1135.jpg,bad,1722,1722,224,224,0,0,0,0
bad_1136.jpg,bad,2250,2250,224,224,0,0,0,0
bad_1137.jpg,bad,2250,2250,224,224,0,0,0,0
bad_1138.jpg,bad,2250,2250,224,224,0,0,0,0
bad_1139.jpg,bad,2250,2250,224,224,0,0,0,0
bad_114.jpg,bad,346,346,224,224,0,0,0,0
bad_1140.jpg,bad,1850,1850,224,224,0,0,0,0
bad_1141.jpg,bad,2250,2250,224,224,0,0,0,0
bad_1142.jpg,bad,2250,2250,224,224,0,0,0,0
bad_1143.jpg,bad,2250,2250,224,224,0,0,0,0
bad_1144.jpg,bad,2250,2250,224,224,0,0,0,0
bad_1145.jpg,bad,2250,2250,224,224,0,0,0,0
bad_1146.jpg,bad,2250,2250,224,224,0,0,0,0
bad_1147.jpg,bad,2250,2250,224,224,0,0,0,0
bad_1148.jpg,bad,2250,2250,224,224,0,0,0,0
bad_1149.jpg,bad,2250,2250,224,224,0,0,0,0
bad_115.jpg,bad,935,935,224,224,0,0,0,0
bad_1150.jpg,bad,2250,2250,224,224,0,0,0,0
bad_1151.jpg,bad,2250,2250,224,224,0,0,0,0
bad_1152.jpg,bad,2150,2150,224,224,0,0,0,0
bad_1153.jpg,bad,2250,2250,224,224,0,0,0,0
bad_1154.jpg,bad,2250,2250,224,224,0,0,0,0
bad_1155.jpg,bad,2250,2250,224,224,0,0,0,0
bad_1156.jpg,bad,2250,2250,224,224,0,0,0,0
bad_1157.jpg,bad,2250,2250,224,224,0,0,0,0
bad_1158.jpg,bad,1200,1200,224,224,0,0,0,0
bad_1159.jpg,bad,2250,2250,224,224,0,0,0,0
bad_116.jpg,bad,1060,965,224,224,10,10,0,0
bad_1160.jpg,bad,2250,2250,224,224,0,0,0,0
bad_1161.jpg,bad,2250,2250,224,224,0,0,0,0
bad_1162.jpg,bad,2250,2250,224,224,0,0,0,0
bad_1163.jpg,bad,2250,2250,224,224,0,0,0,0
bad_1164.jpg,bad,2250,2250,224,224,0,0,0,0
bad_1165.jpg,bad,2250,2250,224,224,0,0,0,0
bad_1166.jpg,bad,2250,2250,224,224,0,0,0,0
bad_1167.jpg,bad,2250,2250,224,224,0,0,0,0
bad_1168.jpg,bad,1575,1575,224,224,0,0,0,0
bad_1169.jpg,bad,2250,2250,224,224,0,0,0,0
bad_117.jpg,bad,413,413,224,224,0,0,0,0
bad_1170.jpg,bad,2250,2250,224,224,0,0,0,0
bad_1171.jpg,bad,2250,2250,224,224,0,0,0,0
bad_1172.jpg,bad,2250,2250,224,224,0,0,0,0
bad_1173.jpg,bad,2250,2250,224,224,0,0,0,0
bad_1174.jpg,bad,2250,2250,224,224,0,0,0,0
bad_1175.jpg,bad,2250,2250,224,224,0,0,0,0
bad_1176.jpg,bad,2250,2250,224,224,0,0,0,0
bad_1177.jpg,bad,2250,2250,224,224,0,0,0,0
bad_1178.jpg,bad,2250,2250,224,224,0,0,0,0
bad_1179.jpg,bad,2250,2250,224,224,0,0,0,0
bad_118.jpg,bad,239,239,224,224,0,0,0,0
bad_1180.jpg,bad,2250,2250,224,224,0,0,0,0
bad_1181.jpg,bad,2250,2250,224,224,0,0,0,0
bad_1182.jpg,bad,2250,2250,224,224,0,0,0,0
bad_1183.jpg,bad,2250,2250,224,224,0,0,0,0
bad_1184.jpg,bad,2250,2250,224,224,0,0,0,0
bad_1185.jpg,bad,2250,2250,224,224,0,0,0,0
bad_1186.jpg,bad,2250,2250,224,224,0,0,0,0
bad_1187.jpg,bad,2250,2250,224,224,0,0,0,0
bad_1188.jpg,bad,1810,1810,224,224,0,0,0,0
bad_1189.jpg,bad,1600,1600,224,224,0,0,0,0
bad_119.jpg,bad,249,249,224,224,0,0,0,0
bad_1190.jpg,bad,2250,2250,224,224,0,0,0,0
bad_1191.jpg,bad,1800,1800,224,224,0,0,0,0
bad_1192.jpg,bad,2250,2250,224,224,0,0,0,0
bad_1193.jpg,bad,2250,2250,224,224,0,0,0,0
bad_1194.jpg,bad,2250,2250,224,224,0,0,0,0
bad_1195.jpg,bad,1500,1500,224,224,0,0,0,0
bad_1196.jpg,bad,2250,2250,224,224,0,0,0,0
bad_1197.jpg,bad,2250,2250,224,224,0,0,0,0
bad_1198.jpg,bad,2250,2250,224,224,0,0,0,0
bad_1199.jpg,bad,2250,2250,224,224,0,0,0,0
bad_12.jpg,bad,382,382,224,224,0,0,0,0
bad_120.jpg,bad,261,261,224,224,0,0,0,0
bad_1200.jpg,bad,2000,2000,224,224,0,0,0,0
bad_1201.jpg,bad,2250,2250,224,224,0,0,0,0
bad_1202.jpg,bad,2250,2250,224,224,0,0,0,0
bad_1203.jpg,bad,2250,2250,224,224,0,0,0,0
bad_1204.jpg,bad,2250,2250,224,224,0,0,0,0
bad_1205.jpg,bad,2250,2250,224,224,0,0,0,0
bad_1206.jpg,bad,2250,2250,224,224,0,0,0,0
bad_1207.jpg,bad,2250,2250,224,224,0,0,0,0
bad_1208.jpg,bad,2250,2250,224,224,0,0,0,0
bad_1209.jpg,bad,2250,2250,224,224,0,0,0,0
bad_121.jpg,bad,238,238,224,224,0,0,0,0
bad_1210.jpg,bad,1650,1650,224,224,0,0,0,0
bad_1211.jpg,bad,2250,2250,224,224,0,0,0,0
bad_1212.jpg,bad,2250,2250,224,224,0,0,0,0
bad_1213.jpg,bad,2250,2250,224,224,0,0,0,0
bad_1214.jpg,bad,1900,1900,224,224,0,0,0,0
bad_1215.jpg,bad,2250,2250,224,224,0,0,0,0
bad_1216.jpg,bad,2250,2250,224,224,0,0,0,0
bad_1217.jpg,bad,1250,1250,224,224,0,0,0,0
bad_1218.jpg,bad,2250,2250,224,224,0,0,0,0
bad_1219.jpg,bad,2250,2250,224,224,0,0,0,0
bad_122.jpg,bad,428,428,224,224,0,0,0,0
bad_1220.jpg,bad,2250,2250,224,224,0,0,0,0
bad_1221.jpg,bad,2250,2250,224,224,0,0,0,0
bad_1222.jpg,bad,2252,2252,224,224,0,0,0,0
bad_1223.jpg,bad,2250,2250,224,224,0,0,0,0
bad_1224.jpg,bad,2250,2250,224,224,0,0,0,0
bad_1225.jpg,bad,2250,2250,224,224,0,0,0,0
bad_1226.jpg,bad,2250,2250,224,224,0,0,0,0
bad_1227.jpg,bad,2250,2250,224,224,0,0,0,0
bad_1228.jpg,bad,2250,2250,224,224,0,0,0,0
bad_1229.jpg,bad,1600,1600,224,224,0,0,0,0
bad_123.jpg,bad,486,486,224,224,0,0,0,0
bad_1230.jpg,bad,2250,2250,224,224,0,0,0,0
bad_1231.jpg,bad,2250,2250,224,224,0,0,0,0
bad_1232.jpg,bad,2250,2250,224,224,0,0,0,0
bad_1233.jpg,bad,1810,1810,224,224,0,0,0,0
bad_1234.jpg,bad,2250,2250,224,224,0,0,0,0
bad_1235.jpg,bad,2250,2250,224,224,0,0,0,0
bad_1236.jpg,bad,2250,2250,224,224,0,0,0,0
bad_1237.jpg,bad,2050,2050,224,224,0,0,0,0
bad_1238.jpg,bad,2250,2250,224,224,0,0,0,0
bad_1239.jpg,bad,2250,2250,224,224,0,0,0,0
bad_124.jpg,bad,463,463,224,224,0,0,0,0
bad_1240.jpg,bad,2250,2250,224,224,0,0,0,0
bad_1241.jpg,bad,2250,2250,224,224,0,0,0,0
bad_1242.jpg,bad,2250,2250,224,224,0,0,0,0
bad_1243.jpg,bad,1900,1900,224,224,0,0,0,0
bad_1244.jpg,bad,2250,2250,224,224,0,0,0,0
bad_1245.jpg,bad,1921,1921,224,224,0,0,0,0
bad_1246.jpg,bad,2250,2250,224,224,0,0,0,0
bad_1247.jpg,bad,2250,2250,224,224,0,0,0,0
bad_1248.jpg,bad,2250,2250,224,224,0,0,0,0
bad_1249.jpg,bad,2050,2050,224,224,0,0,0,0
bad_125.jpg,bad,388,388,224,224,0,0,0,0
bad_1250.jpg,bad,2250,2250,224,224,0,0,0,0
bad_1251.jpg,bad,1650,1650,224,224,0,0,0,0
bad_1252.jpg,bad,1950,1950,224,224,0,0,0,0
bad_1253.jpg,bad,1810,1810,224,224,0,0,0,0
bad_1254.jpg,bad,1900,1900,224,224,0,0,0,0
bad_1255.jpg,bad,2250,2250,224,224,0,0,0,0
bad_1256.jpg,bad,2250,2250,224,224,0,0,0,0
bad_1257.jpg,bad,2250,2250,224,224,0,0,0,0
bad_1258.jpg,bad,1950,1950,224,224,0,0,0,0
bad_1259.jpg,bad,2250,2250,224,224,0,0,0,0
bad_126.jpg,bad,447,447,224,224,0,0,0,0
bad_1260.jpg,bad,2250,2250,224,224,0,0,0,0
bad_1261.jpg,bad,2250,2250,224,224,0,0,0,0
bad_1262.jpg,bad,2250,2250,224,224,0,0,0,0
bad_1263.jpg,bad,2250,2250,224,224,0,0,0,0
bad_1264.jpg,bad,2250,2250,224,224,0,0,0,0
bad_1265.jpg,bad,2250,2250,224,224,0,0,0,0
bad_1266.jpg,bad,2250,2250,224,224,0,0,0,0
bad_1267.jpg,bad,2250,2250,224,224,0,0,0,0
bad_1268.jpg,bad,2250,2250,224,224,0,0,0,0
bad_1269.jpg,bad,2250,2250,224,224,0,0,0,0
bad_127.jpg,bad,400,400,224,224,0,0,0,0
bad_1270.jpg,bad,2250,2250,224,224,0,0,0,0
bad_1271.jpg,bad,2250,2250,224,224,0,0,0,0
bad_1272.jpg,bad,2250,2250,224,224,0,0,0,0
bad_1273.jpg,bad,2250,2250,224,224,0,0,0,0
bad_1274.jpg,bad,2250,2250,224,224,0,0,0,0
bad_1275.jpg,bad,2250,2250,224,224,0,0,0,0
bad_1276.jpg,bad,2250,2250,224,224,0,0,0,0
bad_1277.jpg,bad,2250,2250,224,224,0,0,0,0
bad_1278.jpg,bad,2250,2250,224,224,0,0,0,0
bad_1279.jpg,bad,2250,2250,224,224,0,0,0,0
bad_128.jpg,bad,248,248,224,224,0,0,0,0
bad_1280.jpg,bad,2250,2250,224,224,0,0,0,0
bad_1281.jpg,bad,2250,2250,224,224,0,0,0,0
bad_1282.jpg,bad,2250,2250,224,224,0,0,0,0
bad_1283.jpg,bad,2250,2250,224,224,0,0,0,0
bad_1284.jpg,bad,2250,2250,224,224,0,0,0,0
bad_1285.jpg,bad,2250,2250,224,224,0,0,0,0
bad_1286.jpg,bad,2250,2250,224,224,0,0,0,0
bad_1287.jpg,bad,2250,2250,224,224,0,0,0,0
bad_1288.jpg,bad,2250,2250,224,224,0,0,0,0
bad_1289.jpg,bad,2250,2250,224,224,0,0,0,0
bad_129.jpg,bad,306,306,224,224,0,0,0,0
bad_1290.jpg,bad,2250,2250,224,224,0,0,0,0
bad_1291.jpg,bad,2250,2250,224,224,0,0,0,0
bad_1292.jpg,bad,2250,2250,224,224,0,0,0,0
bad_1293.jpg,bad,2250,2250,224,224,0,0,0,0
bad_1294.jpg,bad,2250,2250,224,224,0,0,0,0
bad_1295.jpg,bad,2250,2250,224,224,0,0,0,0
bad_1296.jpg,bad,2250,2250,224,224,0,0,0,0
bad_1297.jpg,bad,2250,2250,224,224,0,0,0,0
bad_1298.jpg,bad,2250,2250,224,224,0,0,0,0
bad_1299.jpg,bad,2250,2250,224,224,0,0,0,0
bad_13.jpg,bad,447,447,224,224,0,0,0,0
bad_130.jpg,bad,250,250,224,224,0,0,0,0
bad_1300.jpg,bad,2250,2250,224,224,0,0,0,0
bad_1301.jpg,bad,2250,2250,224,224,0,0,0,0
bad_1302.jpg,bad,2250,2250,224,224,0,0,0,0
bad_1303.jpg,bad,2250,2250,224,224,0,0,0,0
bad_1304.jpg,bad,2250,2250,224,224,0,0,0,0
bad_1305.jpg,bad,2250,2250,224,224,0,0,0,0
bad_1306.jpg,bad,2250,2250,224,224,0,0,0,0
bad_1307.jpg,bad,2250,2250,224,224,0,0,0,0
bad_1308.jpg,bad,2250,2250,224,224,0,0,0,0
bad_1309.jpg,bad,2250,2250,224,224,0,0,0,0
bad_131.jpg,bad,869,869,224,224,0,0,0,0
bad_1310.jpg,bad,2250,2250,224,224,0,0,0,0
bad_1311.jpg,bad,2250,2250,224,224,0,0,0,0
bad_1312.jpg,bad,2250,2250,224,224,0,0,0,0
bad_1313.jpg,bad,2250,2250,224,224,0,0,0,0
bad_1314.jpg,bad,2250,2250,224,224,0,0,0,0
bad_1315.jpg,bad,2250,2250,224,224,0,0,0,0
bad_1316.jpg,bad,2250,2250,224,224,0,0,0,0
bad_1317.jpg,bad,2250,2250,224,224,0,0,0,0
bad_1318.jpg,bad,2250,2250,224,224,0,0,0,0
bad_1319.jpg,bad,1850,1850,224,224,0,0,0,0
bad_132.jpg,bad,753,753,224,224,0,0,0,0
bad_1320.jpg,bad,2250,2250,224,224,0,0,0,0
bad_1321.jpg,bad,2250,2250,224,224,0,0,0,0
bad_1322.jpg,bad,2250,2250,224,224,0,0,0,0
bad_1323.jpg,bad,2250,2250,224,224,0,0,0,0
bad_1324.jpg,bad,2250,2250,224,224,0,0,0,0
bad_1325.jpg,bad,2250,2250,224,224,0,0,0,0
bad_1326.jpg,bad,2250,2250,224,224,0,0,0,0
bad_1327.jpg,bad,2250,2250,224,224,0,0,0,0
bad_1328.jpg,bad,2250,2250,224,224,0,0,0,0
bad_1329.jpg,bad,2250,2250,224,224,0,0,0,0
bad_133.jpg,bad,318,318,224,224,0,0,0,0
bad_1330.jpg,bad,2250,2250,224,224,0,0,0,0
bad_1331.jpg,bad,2250,2250,224,224,0,0,0,0
bad_1332.jpg,bad,2250,2250,224,224,0,0,0,0
bad_1333.jpg,bad,1820,1820,224,224,0,0,0,0
bad_1334.jpg,bad,2250,2250,224,224,0,0,0,0
bad_1335.jpg,bad,2250,2250,224,224,0,0,0,0
bad_1336.jpg,bad,2250,2250,224,224,0,0,0,0
bad_1337.jpg,bad,2250,2250,224,224,0,0,0,0
bad_1338.jpg,bad,1400,1400,224,224,0,0,0,0
bad_1339.jpg,bad,2250,2250,224,224,0,0,0,0
bad_134.jpg,bad,321,321,224,224,0,0,0,0
bad_1340.jpg,bad,2250,2250,224,224,0,0,0,0
bad_1341.jpg,bad,1600,1600,224,224,0,0,0,0
bad_1342.jpg,bad,2250,2250,224,224,0,0,0,0
bad_1343.jpg,bad,2250,2250,224,224,0,0,0,0
bad_1344.jpg,bad,2250,2250,224,224,0,0,0,0
bad_1345.jpg,bad,2250,2250,224,224,0,0,0,0
bad_1346.jpg,bad,2250,2250,224,224,0,0,0,0
bad_1347.jpg,bad,2250,2250,224,224,0,0,0,0
bad_1348.jpg,bad,2250,2250,224,224,0,0,0,0
bad_1349.jpg,bad,2250,2250,224,224,0,0,0,0
bad_135.jpg,bad,369,369,224,224,0,0,0,0
bad_1350.jpg,bad,2250,2250,224,224,0,0,0,0
bad_1351.jpg,bad,1840,1840,224,224,0,0,0,0
bad_1352.jpg,bad,2250,2250,224,224,0,0,0,0
bad_1353.jpg,bad,2050,2050,224,224,0,0,0,0
bad_1354.jpg,bad,1550,1550,224,224,0,0,0,0
bad_1355.jpg,bad,1300,1300,224,224,0,0,0,0
bad_1356.jpg,bad,2250,2250,224,224,0,0,0,0
bad_1357.jpg,bad,2250,2250,224,224,0,0,0,0
bad_1358.jpg,bad,2250,2250,224,224,0,0,0,0
bad_1359.jpg,bad,2250,2250,224,224,0,0,0,0
bad_136.jpg,bad,255,255,224,224,0,0,0,0
bad_1360.jpg,bad,2250,2250,224,224,0,0,0,0
bad_1361.jpg,bad,1650,1650,224,224,0,0,0,0
bad_1362.jpg,bad,1900,1900,224,224,0,0,0,0
bad_1363.jpg,bad,1450,1450,224,224,0,0,0,0
bad_1364.jpg,bad,1750,1750,224,224,0,0,0,0
bad_1365.jpg,bad,1700,1700,224,224,0,0,0,0
bad_1366.jpg,bad,2250,2250,224,224,0,0,0,0
bad_1367.jpg,bad,2250,2250,224,224,0,0,0,0
bad_1368.jpg,bad,2250,2250,224,224,0,0,0,0
bad_1369.jpg,bad,2250,2250,224,224,0,0,0,0
bad_137.jpg,bad,383,383,224,224,0,0,0,0
bad_1370.jpg,bad,2250,2250,224,224,0,0,0,0
bad_1371.jpg,bad,2250,2250,224,224,0,0,0,0
bad_1372.jpg,bad,2250,2250,224,224,0,0,0,0
bad_1373.jpg,bad,2250,2250,224,224,0,0,0,0
bad_1374.jpg,bad,2250,2250,224,224,0,0,0,0
bad_1375.jpg,bad,2250,2250,224,224,0,0,0,0
bad_1376.jpg,bad,2250,2250,224,224,0,0,0,0
bad_1377.jpg,bad,2250,2250,224,224,0,0,0,0
bad_1378.jpg,bad,2250,2250,224,224,0,0,0,0
bad_1379.jpg,bad,2250,2250,224,224,0,0,0,0
bad_138.jpg,bad,509,509,224,224,0,0,0,0
bad_1380.jpg,bad,2250,2250,224,224,0,0,0,0
bad_1381.jpg,bad,2250,2250,224,224,0,0,0,0
bad_1382.jpg,bad,2250,2250,224,224,0,0,0,0
bad_1383.jpg,bad,2250,2250,224,224,0,0,0,0
bad_1384.jpg,bad,2250,2250,224,224,0,0,0,0
bad_1385.jpg,bad,2250,2250,224,224,0,0,0,0
bad_1386.jpg,bad,2250,2250,224,224,0,0,0,0
bad_1387.jpg,bad,2250,2250,224,224,0,0,0,0
bad_1388.jpg,bad,2250,2250,224,224,0,0,0,0
bad_1389.jpg,bad,2250,2250,224,224,0,0,0,0
bad_139.jpg,bad,294,294,224,224,0,0,0,0
bad_1390.jpg,bad,1680,1680,224,224,0,0,0,0
bad_1391.jpg,bad,2250,2250,224,224,0,0,0,0
bad_1392.jpg,bad,2250,2250,224,224,0,0,0,0
bad_1393.jpg,bad,2250,2250,224,224,0,0,0,0
bad_1394.jpg,bad,2250,2250,224,224,0,0,0,0
bad_1395.jpg,bad,2250,2250,224,224,0,0,0,0
bad_1396.jpg,bad,2250,2250,224,224,0,0,0,0
bad_1397.jpg,bad,2250,2250,224,224,0,0,0,0
bad_1398.jpg,bad,2250,2250,224,224,0,0,0,0
bad_1399.jpg,bad,2250,2250,224,224,0,0,0,0
bad_14.jpg,bad,1468,1468,224,224,0,0,0,0
bad_140.jpg,bad,298,298,224,224,0,0,0,0
bad_1400.jpg,bad,2250,2250,224,224,0,0,0,0
bad_1401.jpg,bad,2250,2250,224,224,0,0,0,0
bad_1402.jpg,bad,2250,2250,224,224,0,0,0,0
bad_1403.jpg,bad,2250,2250,224,224,0,0,0,0
bad_1404.jpg,bad,2250,2250,224,224,0,0,0,0
bad_1405.jpg,bad,2250,2250,224,224,0,0,0,0
bad_1406.jpg,bad,2250,2250,224,224,0,0,0,0
bad_1407.jpg,bad,2250,2250,224,224,0,0,0,0
bad_1408.jpg,bad,2250,2250,224,224,0,0,0,0
bad_1409.jpg,bad,2250,2250,224,224,0,0,0,0
bad_141.jpg,bad,833,833,224,224,0,0,0,0
bad_1410.jpg,bad,2250,2250,224,224,0,0,0,0
bad_1411.jpg,bad,2250,2250,224,224,0,0,0,0
bad_1412.jpg,bad,2250,2250,224,224,0,0,0,0
bad_1413.jpg,bad,2250,2250,224,224,0,0,0,0
bad_1414.jpg,bad,2250,2250,224,224,0,0,0,0
bad_1415.jpg,bad,2250,2250,224,224,0,0,0,0
bad_1416.jpg,bad,2250,2250,224,224,0,0,0,0
bad_1417.jpg,bad,2250,2250,224,224,0,0,0,0
bad_1418.jpg,bad,1600,1600,224,224,0,0,0,0
bad_1419.jpg,bad,1480,1480,224,224,0,0,0,0
bad_142.jpg,bad,545,545,224,224,0,0,0,0
bad_1420.jpg,bad,1430,1430,224,224,0,0,0,0
bad_1421.jpg,bad,2250,2250,224,224,0,0,0,0
bad_1422.jpg,bad,2250,2250,224,224,0,0,0,0
bad_1423.jpg,bad,2250,2250,224,224,0,0,0,0
bad_1424.jpg,bad,2250,2250,224,224,0,0,0,0
bad_1425.jpg,bad,2250,2250,224,224,0,0,0,0
bad_1426.jpg,bad,1450,1450,224,224,0,0,0,0
bad_1427.jpg,bad,1250,1250,224,224,0,0,0,0
bad_1428.jpg,bad,1550,1550,224,224,0,0,0,0
bad_1429.jpg,bad,2250,2250,224,224,0,0,0,0
bad_143.jpg,bad,392,392,224,224,0,0,0,0
bad_1430.jpg,bad,2250,2250,224,224,0,0,0,0
bad_1431.jpg,bad,2250,2250,224,224,0,0,0,0
bad_1432.jpg,bad,2250,2250,224,224,0,0,0,0
bad_1433.jpg,bad,2250,2250,224,224,0,0,0,0
bad_1434.jpg,bad,1850,1850,224,224,0,0,0,0
bad_1435.jpg,bad,2250,2250,224,224,0,0,0,0
bad_1436.jpg,bad,2250,2250,224,224,0,0,0,0
bad_1437.jpg,bad,2250,2250,224,224,0,0,0,0
bad_1438.jpg,bad,2250,2250,224,224,0,0,0,0
bad_1439.jpg,bad,2250,2250,224,224,0,0,0,0
bad_144.jpg,bad,447,447,224,224,0,0,0,0
bad_1440.jpg,bad,2250,2250,224,224,0,0,0,0
bad_1441.jpg,bad,2250,2250,224,224,0,0,0,0
bad_1442.jpg,bad,2250,2250,224,224,0,0,0,0
bad_1443.jpg,bad,2250,2250,224,224,0,0,0,0
bad_1444.jpg,bad,1248,1248,224,224,0,0,0,0
bad_1445.jpg,bad,2250,2250,224,224,0,0,0,0
bad_1446.jpg,bad,2250,2250,224,224,0,0,0,0
bad_1447.jpg,bad,2250,2250,224,224,0,0,0,0
bad_1448.jpg,bad,2250,2250,224,224,0,0,0,0
bad_1449.jpg,bad,2250,2250,224,224,0,0,0,0
bad_145.jpg,bad,344,344,224,224,0,0,0,0
bad_1450.jpg,bad,1750,1750,224,224,0,0,0,0
bad_1451.jpg,bad,1400,1400,224,224,0,0,0,0
bad_1452.jpg,bad,2250,2250,224,224,0,0,0,0
bad_1453.jpg,bad,2250,2250,224,224,0,0,0,0
bad_1454.jpg,bad,2250,2250,224,224,0,0,0,0
bad_1455.jpg,bad,2250,2250,224,224,0,0,0,0
bad_1456.jpg,bad,2250,2250,224,224,0,0,0,0
bad_1457.jpg,bad,2250,2250,224,224,0,0,0,0
bad_1458.jpg,bad,2250,2250,224,224,0,0,0,0
bad_1459.jpg,bad,2250,2250,224,224,0,0,0,0
bad_146.jpg,bad,267,267,224,224,0,0,0,0
bad_1460.jpg,bad,2250,2250,224,224,0,0,0,0
bad_1461.jpg,bad,2250,2250,224,224,0,0,0,0
bad_1462.jpg,bad,1655,1655,224,224,0,0,0,0
bad_1463.jpg,bad,2250,2250,224,224,0,0,0,0
bad_1464.jpg,bad,1500,1500,224,224,0,0,0,0
bad_1465.jpg,bad,2250,2250,224,224,0,0,0,0
bad_1466.jpg,bad,2250,2250,224,224,0,0,0,0
bad_1467.jpg,bad,2250,2250,224,224,0,0,0,0
bad_1468.jpg,bad,2250,2250,224,224,0,0,0,0
bad_1469.jpg,bad,2250,2250,224,224,0,0,0,0
bad_147.jpg,bad,291,291,224,224,0,0,0,0
bad_1470.jpg,bad,2250,2250,224,224,0,0,0,0
bad_1471.jpg,bad,2250,2250,224,224,0,0,0,0
bad_1472.jpg,bad,2250,2250,224,224,0,0,0,0
bad_1473.jpg,bad,2250,2250,224,224,0,0,0,0
bad_1474.jpg,bad,2250,2250,224,224,0,0,0,0
bad_1475.jpg,bad,2250,2250,224,224,0,0,0,0
bad_1476.jpg,bad,2250,2250,224,224,0,0,0,0
bad_1477.jpg,bad,2250,2250,224,224,0,0,0,0
bad_1478.jpg,bad,2250,2250,224,224,0,0,0,0
bad_1479.jpg,bad,2250,2250,224,224,0,0,0,0
bad_148.jpg,bad,276,276,224,224,0,0,0,0
bad_1480.jpg,bad,2250,2250,224,224,0,0,0,0
bad_1481.jpg,bad,2250,2250,224,224,0,0,0,0
bad_1482.jpg,bad,2250,2250,224,224,0,0,0,0
bad_1483.jpg,bad,2250,2250,224,224,0,0,0,0
bad_1484.jpg,bad,2250,2250,224,224,0,0,0,0
bad_1485.jpg,bad,2250,2250,224,224,0,0,0,0
bad_1486.jpg,bad,2250,2250,224,224,0,0,0,0
bad_1487.jpg,bad,2250,2250,224,224,0,0,0,0
bad_1488.jpg,bad,2250,2250,224,224,0,0,0,0
bad_1489.jpg,bad,2250,2250,224,224,0,0,0,0
bad_149.jpg,bad,966,966,224,224,0,0,0,0
bad_1490.jpg,bad,2250,2250,224,224,0,0,0,0
bad_1491.jpg,bad,2250,2250,224,224,0,0,0,0
bad_1492.jpg,bad,2250,2250,224,224,0,0,0,0
bad_1493.jpg,bad,2250,2250,224,224,0,0,0,0
bad_1494.jpg,bad,2250,2250,224,224,0,0,0,0
bad_1495.jpg,bad,2250,2250,224,224,0,0,0,0
bad_1496.jpg,bad,2250,2250,224,224,0,0,0,0
bad_1497.jpg,bad,2250,2250,224,224,0,0,0,0
bad_1498.jpg,bad,2250,2250,224,224,0,0,0,0
bad_1499.jpg,bad,2250,2250,224,224,0,0,0,0
bad_15.jpg,bad,481,481,224,224,0,0,0,0
bad_150.jpg,bad,278,278,224,224,0,0,0,0
bad_1500.jpg,bad,2250,2250,224,224,0,0,0,0
bad_1501.jpg,bad,2250,2250,224,224,0,0,0,0
bad_1502.jpg,bad,2250,2250,224,224,0,0,0,0
bad_1503.jpg,bad,2250,2250,224,224,0,0,0,0
bad_1504.jpg,bad,2250,2250,224,224,0,0,0,0
bad_1505.jpg,bad,2250,2250,224,224,0,0,0,0
bad_1506.jpg,bad,2250,2250,224,224,0,0,0,0
bad_1507.jpg,bad,2250,2250,224,224,0,0,0,0
bad_1508.jpg,bad,2250,2250,224,224,0,0,0,0
bad_1509.jpg,bad,2250,2250,224,224,0,0,0,0
bad_151.jpg,bad,274,274,224,224,0,0,0,0
bad_1510.jpg,bad,2250,2250,224,224,0,0,0,0
bad_1511.jpg,bad,2250,2250,224,224,0,0,0,0
bad_1512.jpg,bad,2250,2250,224,224,0,0,0,0
bad_1513.jpg,bad,2250,2250,224,224,0,0,0,0
bad_1514.jpg,bad,2250,2250,224,224,0,0,0,0
bad_1515.jpg,bad,2250,2250,224,224,0,0,0,0
bad_1516.jpg,bad,2250,2250,224,224,0,0,0,0
bad_1517.jpg,bad,2250,2250,224,224,0,0,0,0
bad_1518.jpg,bad,2250,2250,224,224,0,0,0,0
bad_1519.jpg,bad,2250,2250,224,224,0,0,0,0
bad_152.jpg,bad,1486,1486,224,224,0,0,0,0
bad_1520.jpg,bad,2250,2250,224,224,0,0,0,0
bad_1521.jpg,bad,2250,2250,224,224,0,0,0,0
bad_1522.jpg,bad,2250,2250,224,224,0,0,0,0
bad_1523.jpg,bad,2250,2250,224,224,0,0,0,0
bad_1524.jpg,bad,2250,2250,224,224,0,0,0,0
bad_1525.jpg,bad,2250,2250,224,224,0,0,0,0
bad_1526.jpg,bad,2250,2250,224,224,0,0,0,0
bad_1527.jpg,bad,2250,2250,224,224,0,0,0,0
bad_1528.jpg,bad,2250,2250,224,224,0,0,0,0
bad_1529.jpg,bad,2250,2250,224,224,0,0,0,0
bad_153.jpg,bad,561,561,224,224,0,0,0,0
bad_1530.jpg,bad,2250,2250,224,224,0,0,0,0
bad_1531.jpg,bad,2250,2250,224,224,0,0,0,0
bad_1532.jpg,bad,2250,2250,224,224,0,0,0,0
bad_1533.jpg,bad,2250,2250,224,224,0,0,0,0
bad_1534.jpg,bad,2250,2250,224,224,0,0,0,0
bad_1535.jpg,bad,2250,2250,224,224,0,0,0,0
bad_1536.jpg,bad,2250,2250,224,224,0,0,0,0
bad_1537.jpg,bad,2250,2250,224,224,0,0,0,0
bad_1538.jpg,bad,2250,2250,224,224,0,0,0,0
bad_1539.jpg,bad,2250,2250,224,224,0,0,0,0
bad_154.jpg,bad,1743,1743,224,224,0,0,0,0
bad_1540.jpg,bad,2250,2250,224,224,0,0,0,0
bad_1541.jpg,bad,2250,2250,224,224,0,0,0,0
bad_1542.jpg,bad,2250,2250,224,224,0,0,0,0
bad_1543.jpg,bad,2250,2250,224,224,0,0,0,0
bad_1544.jpg,bad,2250,2250,224,224,0,0,0,0
bad_1545.jpg,bad,2250,2250,224,224,0,0,0,0
bad_1546.jpg,bad,2250,2250,224,224,0,0,0,0
bad_1547.jpg,bad,2250,2250,224,224,0,0,0,0
bad_1548.jpg,bad,2250,2250,224,224,0,0,0,0
bad_1549.jpg,bad,2250,2250,224,224,0,0,0,0
bad_155.jpg,bad,2372,2372,224,224,0,0,0,0
bad_1550.jpg,bad,2250,2250,224,224,0,0,0,0
bad_1551.jpg,bad,2250,2250,224,224,0,0,0,0
bad_1552.jpg,bad,2250,2250,224,224,0,0,0,0
bad_1553.jpg,bad,2250,2250,224,224,0,0,0,0
bad_1554.jpg,bad,2250,2250,224,224,0,0,0,0
bad_1555.jpg,bad,2102,2102,224,224,0,0,0,0
bad_1556.jpg,bad,2250,2250,224,224,0,0,0,0
bad_1557.jpg,bad,2250,2250,224,224,0,0,0,0
bad_1558.jpg,bad,2250,2250,224,224,0,0,0,0
bad_1559.jpg,bad,2250,2250,224,224,0,0,0,0
bad_156.jpg,bad,1686,1686,224,224,0,0,0,0
bad_1560.jpg,bad,2250,2250,224,224,0,0,0,0
bad_1561.jpg,bad,2250,2250,224,224,0,0,0,0
bad_1562.jpg,bad,2250,2250,224,224,0,0,0,0
bad_1563.jpg,bad,2250,2250,224,224,0,0,0,0
bad_1564.jpg,bad,2250,2250,224,224,0,0,0,0
bad_1565.jpg,bad,2250,2250,224,224,0,0,0,0
bad_1566.jpg,bad,2250,2250,224,224,0,0,0,0
bad_1567.jpg,bad,2250,2250,224,224,0,0,0,0
bad_1568.jpg,bad,2250,2250,224,224,0,0,0,0
bad_1569.jpg,bad,2250,2250,224,224,0,0,0,0
bad_157.jpg,bad,1998,1998,224,224,0,0,0,0
bad_1570.jpg,bad,2250,2250,224,224,0,0,0,0
bad_1571.jpg,bad,2250,2250,224,224,0,0,0,0
bad_1572.jpg,bad,2250,2250,224,224,0,0,0,0
bad_1573.jpg,bad,2250,2250,224,224,0,0,0,0
bad_1574.jpg,bad,2250,2250,224,224,0,0,0,0
bad_1575.jpg,bad,2250,2250,224,224,0,0,0,0
bad_1576.jpg,bad,2250,2250,224,224,0,0,0,0
bad_1577.jpg,bad,2250,2250,224,224,0,0,0,0
bad_1578.jpg,bad,2250,2250,224,224,0,0,0,0
bad_1579.jpg,bad,2250,2250,224,224,0,0,0,0
bad_158.jpg,bad,1880,1880,224,224,0,0,0,0
bad_1580.jpg,bad,2250,2250,224,224,0,0,0,0
bad_1581.jpg,bad,2250,2250,224,224,0,0,0,0
bad_1582.jpg,bad,2250,2250,224,224,0,0,0,0
bad_1583.jpg,bad,2250,2250,224,224,0,0,0,0
bad_1584.jpg,bad,2250,2250,224,224,0,0,0,0
bad_1585.jpg,bad,2250,2250,224,224,0,0,0,0
bad_1586.jpg,bad,2250,2250,224,224,0,0,0,0
bad_1587.jpg,bad,2250,2250,224,224,0,0,0,0
bad_1588.jpg,bad,1750,1750,224,224,0,0,0,0
bad_1589.jpg,bad,2250,2250,224,224,0,0,0,0
bad_159.jpg,bad,2352,2352,224,224,0,0,0,0
bad_1590.jpg,bad,2250,2250,224,224,0,0,0,0
bad_1591.jpg,bad,2250,2250,224,224,0,0,0,0
bad_1592.jpg,bad,2250,2250,224,224,0,0,0,0
bad_1593.jpg,bad,2250,2250,224,224,0,0,0,0
bad_1594.jpg,bad,2250,2250,224,224,0,0,0,0
bad_1595.jpg,bad,2250,2250,224,224,0,0,0,0
bad_1596.jpg,bad,2250,2250,224,224,0,0,0,0
bad_1597.jpg,bad,2250,2250,224,224,0,0,0,0
bad_1598.jpg,bad,2250,2250,224,224,0,0,0,0
bad_1599.jpg,bad,2250,2250,224,224,0,0,0,0
bad_16.jpg,bad,437,437,224,224,0,0,0,0
bad_160.jpg,bad,1770,1770,224,224,0,0,0,0
bad_1600.jpg,bad,2250,2250,224,224,0,0,0,0
bad_1601.jpg,bad,2250,2250,224,224,0,0,0,0
bad_1602.jpg,bad,2250,2250,224,224,0,0,0,0
bad_1603.jpg,bad,2250,2250,224,224,0,0,0,0
bad_1604.jpg,bad,2250,2250,224,224,0,0,0,0
bad_1605.jpg,bad,2250,2250,224,224,0,0,0,0
bad_1606.jpg,bad,2250,2250,224,224,0,0,0,0
bad_1607.jpg,bad,2250,2250,224,224,0,0,0,0
bad_1608.jpg,bad,2250,2250,224,224,0,0,0,0
bad_1609.jpg,bad,2250,2250,224,224,0,0,0,0
bad_161.jpg,bad,1998,1998,224,224,0,0,0,0
bad_1610.jpg,bad,2250,2250,224,224,0,0,0,0
bad_1611.jpg,bad,2250,2250,224,224,0,0,0,0
bad_1612.jpg,bad,2250,2250,224,224,0,0,0,0
bad_1613.jpg,bad,2250,2250,224,224,0,0,0,0
bad_1614.jpg,bad,2250,2250,224,224,0,0,0,0
bad_1615.jpg,bad,2250,2250,224,224,0,0,0,0
bad_1616.jpg,bad,2250,2250,224,224,0,0,0,0
bad_1617.jpg,bad,2250,2250,224,224,0,0,0,0
bad_1618.jpg,bad,2250,2250,224,224,0,0,0,0
bad_1619.jpg,bad,2250,2250,224,224,0,0,0,0
bad_162.jpg,bad,2073,2073,224,224,0,0,0,0
bad_1620.jpg,bad,2250,2250,224,224,0,0,0,0
bad_1621.jpg,bad,2250,2250,224,224,0,0,0,0
bad_1622.jpg,bad,2250,2250,224,224,0,0,0,0
bad_1623.jpg,bad,2250,2250,224,224,0,0,0,0
bad_1624.jpg,bad,2250,2250,224,224,0,0,0,0
bad_1625.jpg,bad,2250,2250,224,224,0,0,0,0
bad_1626.jpg,bad,2250,2250,224,224,0,0,0,0
bad_1627.jpg,bad,2250,2250,224,224,0,0,0,0
bad_1628.jpg,bad,2250,2250,224,224,0,0,0,0
bad_1629.jpg,bad,2250,2250,224,224,0,0,0,0
bad_163.jpg,bad,2738,2738,224,224,0,0,0,0
bad_1630.jpg,bad,2250,2250,224,224,0,0,0,0
bad_1631.jpg,bad,2250,2250,224,224,0,0,0,0
bad_1632.jpg,bad,2250,2250,224,224,0,0,0,0
bad_1633.jpg,bad,2250,2250,224,224,0,0,0,0
bad_1634.jpg,bad,2250,2250,224,224,0,0,0,0
bad_1635.jpg,bad,2250,2250,224,224,0,0,0,0
bad_1636.jpg,bad,2250,2250,224,224,0,0,0,0
bad_1637.jpg,bad,2250,2250,224,224,0,0,0,0
bad_1638.jpg,bad,2250,2250,224,224,0,0,0,0
bad_1639.jpg,bad,2250,2250,224,224,0,0,0,0
bad_164.jpg,bad,393,393,224,224,0,0,0,0
bad_1640.jpg,bad,2250,2250,224,224,0,0,0,0
bad_1641.jpg,bad,2250,2250,224,224,0,0,0,0
bad_1642.jpg,bad,2250,2250,224,224,0,0,0,0
bad_1643.jpg,bad,2250,2250,224,224,0,0,0,0
bad_1644.jpg,bad,2250,2250,224,224,0,0,0,0
bad_1645.jpg,bad,2250,2250,224,224,0,0,0,0
bad_1646.jpg,bad,2250,2250,224,224,0,0,0,0
bad_1647.jpg,bad,2250,2250,224,224,0,0,0,0
bad_1648.jpg,bad,2250,2250,224,224,0,0,0,0
bad_1649.jpg,bad,2250,2250,224,224,0,0,0,0
bad_165.jpg,bad,2061,2061,224,224,0,0,0,0
bad_1650.jpg,bad,2250,2250,224,224,0,0,0,0
bad_1651.jpg,bad,2250,2250,224,224,0,0,0,0
bad_1652.jpg,bad,2250,2250,224,224,0,0,0,0
bad_1653.jpg,bad,2250,2250,224,224,0,0,0,0
bad_1654.jpg,bad,2250,2250,224,224,0,0,0,0
bad_1655.jpg,bad,2250,2250,224,224,0,0,0,0
bad_1656.jpg,bad,2250,2250,224,224,0,0,0,0
bad_1657.jpg,bad,2250,2250,224,224,0,0,0,0
bad_1658.jpg,bad,2250,2250,224,224,0,0,0,0
bad_1659.jpg,bad,2250,2250,224,224,0,0,0,0
bad_166.jpg,bad,2553,2553,224,224,0,0,0,0
bad_1660.jpg,bad,2250,2250,224,224,0,0,0,0
bad_1661.jpg,bad,2250,2250,224,224,0,0,0,0
bad_1662.jpg,bad,2250,2250,224,224,0,0,0,0
bad_1663.jpg,bad,2250,2250,224,224,0,0,0,0
bad_1664.jpg,bad,2250,2250,224,224,0,0,0,0
bad_1665.jpg,bad,2250,2250,224,224,0,0,0,0
bad_1666.jpg,bad,2250,2250,224,224,0,0,0,0
bad_1667.jpg,bad,2250,2250,224,224,0,0,0,0
bad_1668.jpg,bad,2250,2250,224,224,0,0,0,0
bad_1669.jpg,bad,2250,2250,224,224,0,0,0,0
bad_167.jpg,bad,1083,1083,224,224,0,0,0,0
bad_1670.jpg,bad,2250,2250,224,224,0,0,0,0
bad_1671.jpg,bad,2250,2250,224,224,0,0,0,0
bad_1672.jpg,bad,2250,2250,224,224,0,0,0,0
bad_1673.jpg,bad,2250,2250,224,224,0,0,0,0
bad_1674.jpg,bad,2250,2250,224,224,0,0,0,0
bad_1675.jpg,bad,2250,2250,224,224,0,0,0,0
bad_1676.jpg,bad,2250,2250,224,224,0,0,0,0
bad_1677.jpg,bad,2250,2250,224,224,0,0,0,0
bad_1678.jpg,bad,2250,2250,224,224,0,0,0,0
bad_1679.jpg,bad,2250,2250,224,224,0,0,0,0
bad_168.jpg,bad,2424,2424,224,224,0,0,0,0
bad_1680.jpg,bad,2250,2250,224,224,0,0,0,0
bad_1681.jpg,bad,2250,2250,224,224,0,0,0,0
bad_1682.jpg,bad,2250,2250,224,224,0,0,0,0
bad_1683.jpg,bad,2250,2250,224,224,0,0,0,0
bad_1684.jpg,bad,2250,2250,224,224,0,0,0,0
bad_1685.jpg,bad,2250,2250,224,224,0,0,0,0
bad_1686.jpg,bad,2250,2250,224,224,0,0,0,0
bad_1687.jpg,bad,2250,2250,224,224,0,0,0,0
bad_1688.jpg,bad,2250,2250,224,224,0,0,0,0
bad_1689.jpg,bad,2250,2250,224,224,0,0,0,0
bad_169.jpg,bad,2229,2229,224,224,0,0,0,0
bad_1690.jpg,bad,2250,2250,224,224,0,0,0,0
bad_1691.jpg,bad,2250,2250,224,224,0,0,0,0
bad_1692.jpg,bad,2250,2250,224,224,0,0,0,0
bad_1693.jpg,bad,2250,2250,224,224,0,0,0,0
bad_1694.jpg,bad,2250,2250,224,224,0,0,0,0
bad_1695.jpg,bad,2250,2250,224,224,0,0,0,0
bad_1696.jpg,bad,2250,2250,224,224,0,0,0,0
bad_1697.jpg,bad,2250,2250,224,224,0,0,0,0
bad_1698.jpg,bad,2250,2250,224,224,0,0,0,0
bad_1699.jpg,bad,2250,2250,224,224,0,0,0,0
bad_17.jpg,bad,469,469,224,224,0,0,0,0
bad_170.jpg,bad,2193,2193,224,224,0,0,0,0
bad_1700.jpg,bad,2250,2250,224,224,0,0,0,0
bad_1701.jpg,bad,2250,2250,224,224,0,0,0,0
bad_1702.jpg,bad,2250,2250,224,224,0,0,0,0
bad_1703.jpg,bad,2250,2250,224,224,0,0,0,0
bad_1704.jpg,bad,2250,2250,224,224,0,0,0,0
bad_1705.jpg,bad,1770,1770,224,224,0,0,0,0
bad_1706.jpg,bad,2250,2250,224,224,0,0,0,0
bad_1707.jpg,bad,2250,2250,224,224,0,0,0,0
bad_1708.jpg,bad,2250,2250,224,224,0,0,0,0
bad_1709.jpg,bad,2250,2250,224,224,0,0,0,0
bad_171.jpg,bad,2160,2160,224,224,0,0,0,0
bad_1710.jpg,bad,2250,2250,224,224,0,0,0,0
bad_1711.jpg,bad,2250,2250,224,224,0,0,0,0
bad_1712.jpg,bad,2250,2250,224,224,0,0,0,0
bad_1713.jpg,bad,2250,2250,224,224,0,0,0,0
bad_1714.jpg,bad,2250,2250,224,224,0,0,0,0
bad_1715.jpg,bad,2250,2250,224,224,0,0,0,0
bad_1716.jpg,bad,2250,2250,224,224,0,0,0,0
bad_1717.jpg,bad,2250,2250,224,224,0,0,0,0
bad_1718.jpg,bad,2250,2250,224,224,0,0,0,0
bad_1719.jpg,bad,2250,2250,224,224,0,0,0,0
bad_172.jpg,bad,1596,1596,224,224,0,0,0,0
bad_1720.jpg,bad,2250,2250,224,224,0,0,0,0
bad_1721.jpg,bad,2250,2250,224,224,0,0,0,0
bad_1722.jpg,bad,2250,2250,224,224,0,0,0,0
bad_1723.jpg,bad,2250,2250,224,224,0,0,0,0
bad_1724.jpg,bad,2250,2250,224,224,0,0,0,0
bad_1725.jpg,bad,2250,2250,224,224,0,0,0,0
bad_1726.jpg,bad,2250,2250,224,224,0,0,0,0
bad_1727.jpg,bad,2250,2250,224,224,0,0,0,0
bad_1728.jpg,bad,2250,2250,224,224,0,0,0,0
bad_1729.jpg,bad,2250,2250,224,224,0,0,0,0
bad_173.jpg,bad,2058,2058,224,224,0,0,0,0
bad_1730.jpg,bad,2250,2250,224,224,0,0,0,0
bad_1731.jpg,bad,2250,2250,224,224,0,0,0,0
bad_1732.jpg,bad,2250,2250,224,224,0,0,0,0
bad_1733.jpg,bad,2250,2250,224,224,0,0,0,0
bad_1734.jpg,bad,2250,2250,224,224,0,0,0,0
bad_1735.jpg,bad,2250,2250,224,224,0,0,0,0
bad_1736.jpg,bad,2250,2250,224,224,0,0,0,0
bad_1737.jpg,bad,2250,2250,224,224,0,0,0,0
bad_1738.jpg,bad,2250,2250,224,224,0,0,0,0
bad_1739.jpg,bad,2250,2250,224,224,0,0,0,0
bad_174.jpg,bad,2126,2126,224,224,0,0,0,0
bad_1740.jpg,bad,2250,2250,224,224,0,0,0,0
bad_1741.jpg,bad,2250,2250,224,224,0,0,0,0
bad_1742.jpg,bad,2250,2250,224,224,0,0,0,0
bad_1743.jpg,bad,2250,2250,224,224,0,0,0,0
bad_1744.jpg,bad,2250,2250,224,224,0,0,0,0
bad_1745.jpg,bad,2250,2250,224,224,0,0,0,0
bad_1746.jpg,bad,2250,2250,224,224,0,0,0,0
bad_1747.jpg,bad,2250,2250,224,224,0,0,0,0
bad_1748.jpg,bad,2250,2250,224,224,0,0,0,0
bad_1749.jpg,bad,2250,2250,224,224,0,0,0,0
bad_175.jpg,bad,233,233,224,224,0,0,0,0
bad_1750.jpg,bad,2250,2250,224,224,0,0,0,0
bad_1751.jpg,bad,2250,2250,224,224,0,0,0,0
bad_1752.jpg,bad,2250,2250,224,224,0,0,0,0
bad_1753.jpg,bad,2250,2250,224,224,0,0,0,0
bad_1754.jpg,bad,2250,2250,224,224,0,0,0,0
bad_1755.jpg,bad,2250,2250,224,224,0,0,0,0
bad_1756.jpg,bad,2250,2250,224,224,0,0,0,0
bad_1757.jpg,bad,2250,2250,224,224,0,0,0,0
bad_1758.jpg,bad,2250,2250,224,224,0,0,0,0
bad_1759.jpg,bad,2250,2250,224,224,0,0,0,0
bad_176.jpg,bad,2420,2420,224,224,0,0,0,0
bad_1760.jpg,bad,2250,2250,224,224,0,0,0,0
bad_1761.jpg,bad,2250,2250,224,224,0,0,0,0
bad_1762.jpg,bad,2250,2250,224,224,0,0,0,0
bad_1763.jpg,bad,2250,2250,224,224,0,0,0,0
bad_1764.jpg,bad,2250,2250,224,224,0,0,0,0
bad_1765.jpg,bad,2250,2250,224,224,0,0,0,0
bad_1766.jpg,bad,2250,2250,224,224,0,0,0,0
bad_1767.jpg,bad,2250,2250,224,224,0,0,0,0
bad_1768.jpg,bad,2250,2250,224,224,0,0,0,0
bad_1769.jpg,bad,2250,2250,224,224,0,0,0,0
bad_177.jpg,bad,2658,2658,224,224,0,0,0,0
bad_1770.jpg,bad,2250,2250,224,224,0,0,0,0
bad_1771.jpg,bad,2250,2250,224,224,0,0,0,0
bad_1772.jpg,bad,2250,2250,224,224,0,0,0,0
bad_1773.jpg,bad,2250,2250,224,224,0,0,0,0
bad_1774.jpg,bad,2250,2250,224,224,0,0,0,0
bad_1775.jpg,bad,2250,2250,224,224,0,0,0,0
bad_1776.jpg,bad,2250,2250,224,224,0,0,0,0
bad_1777.jpg,bad,2250,2250,224,224,0,0,0,0
bad_1778.jpg,bad,2250,2250,224,224,0,0,0,0
bad_1779.jpg,bad,1800,1800,224,224,0,0,0,0
bad_178.jpg,bad,1748,1748,224,224,0,0,0,0
bad_1780.jpg,bad,1950,1950,224,224,0,0,0,0
bad_1781.jpg,bad,2250,2250,224,224,0,0,0,0
bad_1782.jpg,bad,2250,2250,224,224,0,0,0,0
bad_1783.jpg,bad,1630,1630,224,224,0,0,0,0
bad_1784.jpg,bad,2000,2000,224,224,0,0,0,0
bad_1785.jpg,bad,2090,2090,224,224,0,0,0,0
bad_1786.jpg,bad,1750,1750,224,224,0,0,0,0
bad_1787.jpg,bad,1615,1615,224,224,0,0,0,0
bad_1788.jpg,bad,2250,2250,224,224,0,0,0,0
bad_1789.jpg,bad,1550,1550,224,224,0,0,0,0
bad_179.jpg,bad,2166,2166,224,224,0,0,0,0
bad_1790.jpg,bad,1670,1670,224,224,0,0,0,0
bad_1791.jpg,bad,1500,1500,224,224,0,0,0,0
bad_1792.jpg,bad,1600,1600,224,224,0,0,0,0
bad_1793.jpg,bad,2250,2250,224,224,0,0,0,0
bad_1794.jpg,bad,2250,2250,224,224,0,0,0,0
bad_1795.jpg,bad,2250,2250,224,224,0,0,0,0
bad_1796.jpg,bad,2250,2250,224,224,0,0,0,0
bad_1797.jpg,bad,2250,2250,224,224,0,0,0,0
bad_1798.jpg,bad,2250,2250,224,224,0,0,0,0
bad_1799.jpg,bad,2250,2250,224,224,0,0,0,0
bad_18.jpg,bad,623,623,224,224,0,0,0,0
bad_180.jpg,bad,2464,2464,224,224,0,0,0,0
bad_1800.jpg,bad,1800,1800,224,224,0,0,0,0
bad_1801.jpg,bad,1650,1650,224,224,0,0,0,0
bad_1802.jpg,bad,1450,1450,224,224,0,0,0,0
bad_1803.jpg,bad,1610,1610,224,224,0,0,0,0
bad_1804.jpg,bad,2250,2250,224,224,0,0,0,0
bad_1805.jpg,bad,1543,1543,224,224,0,0,0,0
bad_1806.jpg,bad,2250,2250,224,224,0,0,0,0
bad_1807.jpg,bad,2250,2250,224,224,0,0,0,0
bad_1808.jpg,bad,2250,2250,224,224,0,0,0,0
bad_1809.jpg,bad,2250,2250,224,224,0,0,0,0
bad_181.jpg,bad,972,972,224,224,0,0,0,0
bad_1810.jpg,bad,2250,2250,224,224,0,0,0,0
bad_1811.jpg,bad,2250,2250,224,224,0,0,0,0
bad_1812.jpg,bad,2250,2250,224,224,0,0,0,0
bad_1813.jpg,bad,2250,2250,224,224,0,0,0,0
bad_1814.jpg,bad,2025,2025,224,224,0,0,0,0
bad_1815.jpg,bad,1577,1577,224,224,0,0,0,0
bad_1816.jpg,bad,2250,2250,224,224,0,0,0,0
bad_1817.jpg,bad,1844,1844,224,224,0,0,0,0
bad_1818.jpg,bad,2250,2250,224,224,0,0,0,0
bad_1819.jpg,bad,2250,2250,224,224,0,0,0,0
bad_182.jpg,bad,1893,1893,224,224,0,0,0,0
bad_1820.jpg,bad,2250,2250,224,224,0,0,0,0
bad_1821.jpg,bad,2250,2250,224,224,0,0,0,0
bad_1822.jpg,bad,2250,2250,224,224,0,0,0,0
bad_1823.jpg,bad,2250,2250,224,224,0,0,0,0
bad_1824.jpg,bad,2250,2250,224,224,0,0,0,0
bad_1825.jpg,bad,2250,2250,224,224,0,0,0,0
bad_1826.jpg,bad,2250,2250,224,224,0,0,0,0
bad_1827.jpg,bad,2250,2250,224,224,0,0,0,0
bad_1828.jpg,bad,2250,2250,224,224,0,0,0,0
bad_1829.jpg,bad,2250,2250,224,224,0,0,0,0
bad_183.jpg,bad,1940,1940,224,224,0,0,0,0
bad_1830.jpg,bad,2250,2250,224,224,0,0,0,0
bad_1831.jpg,bad,2250,2250,224,224,0,0,0,0
bad_1832.jpg,bad,2250,2250,224,224,0,0,0,0
bad_1833.jpg,bad,2250,2250,224,224,0,0,0,0
bad_1834.jpg,bad,2250,2250,224,224,0,0,0,0
bad_1835.jpg,bad,2250,2250,224,224,0,0,0,0
bad_1836.jpg,bad,2250,2250,224,224,0,0,0,0
bad_1837.jpg,bad,2012,2012,224,224,0,0,0,0
bad_1838.jpg,bad,2250,2250,224,224,0,0,0,0
bad_1839.jpg,bad,2250,2250,224,224,0,0,0,0
bad_184.jpg,bad,1988,1988,224,224,0,0,0,0
bad_1840.jpg,bad,2250,2250,224,224,0,0,0,0
bad_1841.jpg,bad,2250,2250,224,224,0,0,0,0
bad_1842.jpg,bad,2250,2250,224,224,0,0,0,0
bad_1843.jpg,bad,2250,2250,224,224,0,0,0,0
bad_1844.jpg,bad,2250,2250,224,224,0,0,0,0
bad_1845.jpg,bad,2250,2250,224,224,0,0,0,0
bad_1846.jpg,bad,2250,2250,224,224,0,0,0,0
bad_1847.jpg,bad,2250,2250,224,224,0,0,0,0
bad_1848.jpg,bad,2250,2250,224,224,0,0,0,0
bad_1849.jpg,bad,2250,2250,224,224,0,0,0,0
bad_185.jpg,bad,1515,1515,224,224,0,0,0,0
bad_1850.jpg,bad,2250,2250,224,224,0,0,0,0
bad_1851.jpg,bad,2250,2250,224,224,0,0,0,0
bad_1852.jpg,bad,2250,2250,224,224,0,0,0,0
bad_1853.jpg,bad,2250,2250,224,224,0,0,0,0
bad_1854.jpg,bad,2250,2250,224,224,0,0,0,0
bad_1855.jpg,bad,2250,2250,224,224,0,0,0,0
bad_1856.jpg,bad,2250,2250,224,224,0,0,0,0
bad_1857.jpg,bad,2250,2250,224,224,0,0,0,0
bad_1858.jpg,bad,2250,2250,224,224,0,0,0,0
bad_1859.jpg,bad,2250,2250,224,224,0,0,0,0
bad_186.jpg,bad,260,260,224,224,0,0,0,0
bad_1860.jpg,bad,2250,2250,224,224,0,0,0,0
bad_1861.jpg,bad,2250,2250,224,224,0,0,0,0
bad_1862.jpg,bad,2250,2250,224,224,0,0,0,0
bad_1863.jpg,bad,2250,2250,224,224,0,0,0,0
bad_187.jpg,bad,1593,1593,224,224,0,0,0,0
bad_188.jpg,bad,1893,1893,224,224,0,0,0,0
bad_189.jpg,bad,1845,1845,224,224,0,0,0,0
bad_19.jpg,bad,491,491,224,224,0,0,0,0
bad_190.jpg,bad,1916,1916,224,224,0,0,0,0
bad_191.jpg,bad,1970,1970,224,224,0,0,0,0
bad_192.jpg,bad,2144,2144,224,224,0,0,0,0
bad_193.jpg,bad,1992,1992,224,224,0,0,0,0
bad_194.jpg,bad,1774,1774,224,224,0,0,0,0
bad_195.jpg,bad,2604,2604,224,224,0,0,0,0
bad_196.jpg,bad,2502,2502,224,224,0,0,0,0
bad_197.jpg,bad,298,298,224,224,0,0,0,0
bad_198.jpg,bad,1950,1950,224,224,0,0,0,0
bad_199.jpg,bad,2236,2236,224,224,0,0,0,0
bad_2.jpg,bad,1011,1011,224,224,0,0,0,0
bad_20.jpg,bad,474,474,224,224,0,0,0,0
bad_200.jpg,bad,1758,1758,224,224,0,0,0,0
bad_201.jpg,bad,1880,1880,224,224,0,0,0,0
bad_202.jpg,bad,682,682,224,224,0,0,0,0
bad_203.jpg,bad,2276,2276,224,224,0,0,0,0
bad_204.jpg,bad,2280,2280,224,224,0,0,0,0
bad_205.jpg,bad,2380,2380,224,224,0,0,0,0
bad_206.jpg,bad,2010,2010,224,224,0,0,0,0
bad_207.jpg,bad,2376,2376,224,224,0,0,0,0
bad_208.jpg,bad,241,241,224,224,0,0,0,0
bad_209.jpg,bad,2402,2402,224,224,0,0,0,0
bad_21.jpg,bad,583,583,224,224,0,0,0,0
bad_210.jpg,bad,2218,2218,224,224,0,0,0,0
bad_211.jpg,bad,1016,1016,224,224,0,0,0,0
bad_212.jpg,bad,2442,2442,224,224,0,0,0,0
bad_213.jpg,bad,2032,2032,224,224,0,0,0,0
bad_214.jpg,bad,2394,2394,224,224,0,0,0,0
bad_215.jpg,bad,1478,1478,224,224,0,0,0,0
bad_216.jpg,bad,1712,1712,224,224,0,0,0,0
bad_217.jpg,bad,1846,1846,224,224,0,0,0,0
bad_218.jpg,bad,1778,1778,224,224,0,0,0,0
bad_219.jpg,bad,383,383,224,224,0,0,0,0
bad_22.jpg,bad,544,544,224,224,0,0,0,0
bad_220.jpg,bad,2424,2424,224,224,0,0,0,0
bad_221.jpg,bad,2462,2462,224,224,0,0,0,0
bad_222.jpg,bad,1642,1642,224,224,0,0,0,0
bad_223.jpg,bad,2144,2144,224,224,0,0,0,0
bad_224.jpg,bad,1863,1863,224,224,0,0,0,0
bad_225.jpg,bad,2109,2109,224,224,0,0,0,0
bad_226.jpg,bad,2220,2220,224,224,0,0,0,0
bad_227.jpg,bad,2526,2526,224,224,0,0,0,0
bad_228.jpg,bad,2800,2800,224,224,0,0,0,0
bad_229.jpg,bad,2421,2421,224,224,0,0,0,0
bad_23.jpg,bad,524,524,224,224,0,0,0,0
bad_230.jpg,bad,245,245,224,224,0,0,0,0
bad_231.jpg,bad,2808,2808,224,224,0,0,0,0
bad_232.jpg,bad,2703,2703,224,224,0,0,0,0
bad_233.jpg,bad,2052,2052,224,224,0,0,0,0
bad_234.jpg,bad,1881,1881,224,224,0,0,0,0
bad_235.jpg,bad,1653,1653,224,224,0,0,0,0
bad_236.jpg,bad,1902,1902,224,224,0,0,0,0
bad_237.jpg,bad,2168,2168,224,224,0,0,0,0
bad_238.jpg,bad,2712,2712,224,224,0,0,0,0
bad_239.jpg,bad,2302,2302,224,224,0,0,0,0
bad_24.jpg,bad,567,567,224,224,0,0,0,0
bad_240.jpg,bad,2016,2016,224,224,0,0,0,0
bad_241.jpg,bad,469,469,224,224,0,0,0,0
bad_242.jpg,bad,2110,2110,224,224,0,0,0,0
bad_243.jpg,bad,2394,2394,224,224,0,0,0,0
bad_244.jpg,bad,1614,1614,224,224,0,0,0,0
bad_245.jpg,bad,1641,1641,224,224,0,0,0,0
bad_246.jpg,bad,1674,1674,224,224,0,0,0,0
bad_247.jpg,bad,1953,1953,224,224,0,0,0,0
bad_248.jpg,bad,1734,1734,224,224,0,0,0,0
bad_249.jpg,bad,1611,1611,224,224,0,0,0,0
bad_25.jpg,bad,724,724,224,224,0,0,0,0
bad_250.jpg,bad,1386,1386,224,224,0,0,0,0
bad_251.jpg,bad,602,602,224,224,0,0,0,0
bad_252.jpg,bad,492,492,224,224,0,0,0,0
bad_253.jpg,bad,369,369,224,224,0,0,0,0
bad_254.jpg,bad,1092,1092,224,224,0,0,0,0
bad_255.jpg,bad,2600,2600,224,224,0,0,0,0
bad_256.jpg,bad,2118,2118,224,224,0,0,0,0
bad_257.jpg,bad,1786,1786,224,224,0,0,0,0
bad_258.jpg,bad,2514,2514,224,224,0,0,0,0
bad_259.jpg,bad,2088,2088,224,224,0,0,0,0
bad_26.jpg,bad,406,406,224,224,0,0,0,0
bad_260.jpg,bad,2432,2432,224,224,0,0,0,0
bad_261.jpg,bad,2804,2804,224,224,0,0,0,0
bad_262.jpg,bad,2292,2292,224,224,0,0,0,0
bad_263.jpg,bad,2464,2464,224,224,0,0,0,0
bad_264.jpg,bad,226,226,224,224,0,0,0,0
bad_265.jpg,bad,2622,2622,224,224,0,0,0,0
bad_266.jpg,bad,2742,2742,224,224,0,0,0,0
bad_267.jpg,bad,2394,2394,224,224,0,0,0,0
bad_268.jpg,bad,2592,2592,224,224,0,0,0,0
bad_269.jpg,bad,1708,1708,224,224,0,0,0,0
bad_27.jpg,bad,242,242,224,224,0,0,0,0
bad_270.jpg,bad,1995,1995,224,224,0,0,0,0
bad_271.jpg,bad,2505,2505,224,224,0,0,0,0
bad_272.jpg,bad,2769,2769,224,224,0,0,0,0
bad_273.jpg,bad,2842,2842,224,224,0,0,0,0
bad_274.jpg,bad,2433,2433,224,224,0,0,0,0
bad_275.jpg,bad,342,342,224,224,0,0,0,0
bad_276.jpg,bad,892,892,224,224,0,0,0,0
bad_277.jpg,bad,2474,2474,224,224,0,0,0,0
bad_278.jpg,bad,2178,2178,224,224,0,0,0,0
bad_279.jpg,bad,1503,1503,224,224,0,0,0,0
bad_28.jpg,bad,237,237,224,224,0,0,0,0
bad_280.jpg,bad,2001,2001,224,224,0,0,0,0
bad_281.jpg,bad,2248,2248,224,224,0,0,0,0
bad_282.jpg,bad,2620,2620,224,224,0,0,0,0
bad_283.jpg,bad,2433,2433,224,224,0,0,0,0
bad_284.jpg,bad,2547,2547,224,224,0,0,0,0
bad_285.jpg,bad,2510,2510,224,224,0,0,0,0
bad_286.jpg,bad,2078,2078,224,224,0,0,0,0
bad_287.jpg,bad,950,950,224,224,0,0,0,0
bad_288.jpg,bad,2740,2740,224,224,0,0,0,0
bad_289.jpg,bad,2432,2432,224,224,0,0,0,0
bad_29.jpg,bad,242,242,224,224,0,0,0,0
bad_290.jpg,bad,2214,2214,224,224,0,0,0,0
bad_291.jpg,bad,1983,1983,224,224,0,0,0,0
bad_292.jpg,bad,2397,2397,224,224,0,0,0,0
bad_293.jpg,bad,2758,2758,224,224,0,0,0,0
bad_294.jpg,bad,2534,2534,224,224,0,0,0,0
bad_295.jpg,bad,2442,2442,224,224,0,0,0,0
bad_296.jpg,bad,280,280,224,224,0,0,0,0
bad_297.jpg,bad,2176,2176,224,224,0,0,0,0
bad_298.jpg,bad,2272,2272,224,224,0,0,0,0
bad_299.jpg,bad,1708,1708,224,224,0,0,0,0
bad_3.jpg,bad,270,270,224,224,0,0,0,0
bad_30.jpg,bad,470,470,224,224,0,0,0,0
bad_300.jpg,bad,2130,2130,224,224,0,0,0,0
bad_301.jpg,bad,2478,2478,224,224,0,0,0,0
bad_302.jpg,bad,1536,1536,224,224,0,0,0,0
bad_303.jpg,bad,1875,1875,224,224,0,0,0,0
bad_304.jpg,bad,1989,1989,224,224,0,0,0,0
bad_305.jpg,bad,2163,2163,224,224,0,0,0,0
bad_306.jpg,bad,2157,2157,224,224,0,0,0,0
bad_307.jpg,bad,311,311,224,224,0,0,0,0
bad_308.jpg,bad,2668,2668,224,224,0,0,0,0
bad_309.jpg,bad,2412,2412,224,224,0,0,0,0
bad_31.jpg,bad,536,536,224,224,0,0,0,0
bad_310.jpg,bad,1566,1566,224,224,0,0,0,0
bad_311.jpg,bad,1929,1929,224,224,0,0,0,0
bad_312.jpg,bad,1461,1461,224,224,0,0,0,0
bad_313.jpg,bad,1536,1536,224,224,0,0,0,0
bad_314.jpg,bad,1460,1460,224,224,0,0,0,0
bad_315.jpg,bad,1640,1640,224,224,0,0,0,0
bad_316.jpg,bad,2139,2139,224,224,0,0,0,0
bad_317.jpg,bad,1692,1692,224,224,0,0,0,0
bad_318.jpg,bad,337,337,224,224,0,0,0,0
bad_319.jpg,bad,2622,2622,224,224,0,0,0,0
bad_32.jpg,bad,577,577,224,224,0,0,0,0
bad_320.jpg,bad,1737,1737,224,224,0,0,0,0
bad_321.jpg,bad,1274,1274,224,224,0,0,0,0
bad_322.jpg,bad,1486,1486,224,224,0,0,0,0
bad_323.jpg,bad,1588,1588,224,224,0,0,0,0
bad_324.jpg,bad,2444,2444,224,224,0,0,0,0
bad_325.jpg,bad,1179,1179,224,224,0,0,0,0
bad_326.jpg,bad,1533,1533,224,224,0,0,0,0
bad_327.jpg,bad,1206,1206,224,224,0,0,0,0
bad_328.jpg,bad,4000,1800,224,224,61,62,0,0
bad_329.jpg,bad,312,312,224,224,0,0,0,0
bad_33.jpg,bad,305,305,224,224,0,0,0,0
bad_330.jpg,bad,3000,4000,224,224,0,0,28,28
bad_331.jpg,bad,1800,4000,224,224,0,0,61,62
bad_332.jpg,bad,1800,4000,224,224,0,0,61,62
bad_333.jpg,bad,1800,4000,224,224,0,0,61,62
bad_334.jpg,bad,3000,4000,224,224,0,0,28,28
bad_335.jpg,bad,1800,4000,224,224,0,0,61,62
bad_336.jpg,bad,3000,4000,224,224,0,0,28,28
bad_337.jpg,bad,1800,4000,224,224,0,0,61,62
bad_338.jpg,bad,1800,4000,224,224,0,0,61,62
bad_339.jpg,bad,1800,4000,224,224,0,0,61,62
bad_34.jpg,bad,344,344,224,224,0,0,0,0
bad_340.jpg,bad,786,786,224,224,0,0,0,0
bad_341.jpg,bad,1800,4000,224,224,0,0,61,62
bad_342.jpg,bad,1800,4000,224,224,0,0,61,62
bad_343.jpg,bad,3000,4000,224,224,0,0,28,28
bad_344.jpg,bad,1800,4000,224,224,0,0,61,62
bad_345.jpg,bad,3000,4000,224,224,0,0,28,28
bad_346.jpg,bad,4000,3000,224,224,28,28,0,0
bad_347.jpg,bad,4000,1800,224,224,61,62,0,0
bad_348.jpg,bad,4000,1800,224,224,61,62,0,0
bad_349.jpg,bad,3000,4000,224,224,0,0,28,28
bad_35.jpg,bad,868,868,224,224,0,0,0,0
bad_350.jpg,bad,4000,1800,224,224,61,62,0,0
bad_351.jpg,bad,978,978,224,224,0,0,0,0
bad_352.jpg,bad,1800,4000,224,224,0,0,61,62
bad_353.jpg,bad,4000,1800,224,224,61,62,0,0
bad_354.jpg,bad,4000,1800,224,224,61,62,0,0
bad_355.jpg,bad,4000,1800,224,224,61,62,0,0
bad_356.jpg,bad,4000,1800,224,224,61,62,0,0
bad_357.jpg,bad,4000,1800,224,224,61,62,0,0
bad_358.jpg,bad,4000,1800,224,224,61,62,0,0
bad_359.jpg,bad,4000,1800,224,224,61,62,0,0
bad_36.jpg,bad,332,332,224,224,0,0,0,0
bad_360.jpg,bad,4000,1800,224,224,61,62,0,0
bad_361.jpg,bad,4000,1800,224,224,61,62,0,0
bad_362.jpg,bad,239,239,224,224,0,0,0,0
bad_363.jpg,bad,1227,1227,224,224,0,0,0,0
bad_364.jpg,bad,4000,1800,224,224,61,62,0,0
bad_365.jpg,bad,4000,1800,224,224,61,62,0,0
bad_366.jpg,bad,4000,1800,224,224,61,62,0,0
bad_367.jpg,bad,4000,1800,224,224,61,62,0,0
bad_368.jpg,bad,4000,1800,224,224,61,62,0,0
bad_369.jpg,bad,4000,3000,224,224,28,28,0,0
bad_37.jpg,bad,798,798,224,224,0,0,0,0
bad_370.jpg,bad,4000,1800,224,224,61,62,0,0
bad_371.jpg,bad,4000,1800,224,224,61,62,0,0
bad_372.jpg,bad,4000,3000,224,224,28,28,0,0
bad_373.jpg,bad,4000,1800,224,224,61,62,0,0
bad_374.jpg,bad,586,586,224,224,0,0,0,0
bad_375.jpg,bad,4000,1800,224,224,61,62,0,0
bad_376.jpg,bad,4000,1800,224,224,61,62,0,0
bad_377.jpg,bad,4000,1800,224,224,61,62,0,0
bad_378.jpg,bad,4000,1800,224,224,61,62,0,0
bad_379.jpg,bad,4000,1800,224,224,61,62,0,0
bad_38.jpg,bad,1128,1128,224,224,0,0,0,0
bad_380.jpg,bad,4000,3000,224,224,28,28,0,0
bad_381.jpg,bad,4000,1800,224,224,61,62,0,0
bad_382.jpg,bad,4000,1800,224,224,61,62,0,0
bad_383.jpg,bad,4000,3000,224,224,28,28,0,0
bad_384.jpg,bad,4000,3000,224,224,28,28,0,0
bad_385.jpg,bad,1066,1066,224,224,0,0,0,0
bad_386.jpg,bad,4000,3000,224,224,28,28,0,0
bad_387.jpg,bad,4000,1800,224,224,61,62,0,0
bad_388.jpg,bad,4000,1800,224,224,61,62,0,0
bad_389.jpg,bad,4000,1800,224,224,61,62,0,0
bad_39.jpg,bad,622,622,224,224,0,0,0,0
bad_390.jpg,bad,4000,1800,224,224,61,62,0,0
bad_391.jpg,bad,4000,1800,224,224,61,62,0,0
bad_392.jpg,bad,4000,1800,224,224,61,62,0,0
bad_393.jpg,bad,1800,4000,224,224,0,0,61,62
bad_394.jpg,bad,4000,1800,224,224,61,62,0,0
bad_395.jpg,bad,4000,1800,224,224,61,62,0,0
bad_396.jpg,bad,976,976,224,224,0,0,0,0
bad_397.jpg,bad,4000,1800,224,224,61,62,0,0
bad_398.jpg,bad,4000,1800,224,224,61,62,0,0
bad_399.jpg,bad,1800,4000,224,224,0,0,61,62
bad_4.jpg,bad,523,523,224,224,0,0,0,0
bad_40.jpg,bad,778,778,224,224,0,0,0,0
bad_400.jpg,bad,1800,4000,224,224,0,0,61,62
bad_401.jpg,bad,4000,3000,224,224,28,28,0,0
bad_402.jpg,bad,4000,1800,224,224,61,62,0,0
bad_403.jpg,bad,4000,3000,224,224,28,28,0,0
bad_404.jpg,bad,4000,1800,224,224,61,62,0,0
bad_405.jpg,bad,4000,1800,224,224,61,62,0,0
bad_406.jpg,bad,4000,1800,224,224,61,62,0,0
bad_407.jpg,bad,370,370,224,224,0,0,0,0
bad_408.jpg,bad,4000,1800,224,224,61,62,0,0
bad_409.jpg,bad,4000,1800,224,224,61,62,0,0
bad_41.jpg,bad,596,596,224,224,0,0,0,0
bad_410.jpg,bad,4000,1800,224,224,61,62,0,0
bad_411.jpg,bad,4000,1800,224,224,61,62,0,0
bad_412.jpg,bad,4000,1800,224,224,61,62,0,0
bad_413.jpg,bad,4000,1800,224,224,61,62,0,0
bad_414.jpg,bad,4000,1800,224,224,61,62,0,0
bad_415.jpg,bad,1800,4000,224,224,0,0,61,62
bad_416.jpg,bad,1800,4000,224,224,0,0,61,62
bad_417.jpg,bad,1800,4000,224,224,0,0,61,62
bad_418.jpg,bad,240,240,224,224,0,0,0,0
bad_419.jpg,bad,1800,4000,224,224,0,0,61,62
bad_42.jpg,bad,661,661,224,224,0,0,0,0
bad_420.jpg,bad,4000,1800,224,224,61,62,0,0
bad_421.jpg,bad,4000,1800,224,224,61,62,0,0
bad_422.jpg,bad,4000,1800,224,224,61,62,0,0
bad_423.jpg,bad,3000,4000,224,224,0,0,28,28
bad_424.jpg,bad,4000,1800,224,224,61,62,0,0
bad_425.jpg,bad,3000,4000,224,224,0,0,28,28
bad_426.jpg,bad,4000,1800,224,224,61,62,0,0
bad_427.jpg,bad,3000,4000,224,224,0,0,28,28
bad_428.jpg,bad,4000,1800,224,224,61,62,0,0
bad_429.jpg,bad,268,268,224,224,0,0,0,0
bad_43.jpg,bad,450,450,224,224,0,0,0,0
bad_430.jpg,bad,4000,3000,224,224,28,28,0,0
bad_431.jpg,bad,4000,3000,224,224,28,28,0,0
bad_432.jpg,bad,4000,1800,224,224,61,62,0,0
bad_433.jpg,bad,1800,4000,224,224,0,0,61,62
bad_434.jpg,bad,4000,3000,224,224,28,28,0,0
bad_435.jpg,bad,4000,3000,224,224,28,28,0,0
bad_436.jpg,bad,1800,4000,224,224,0,0,61,62
bad_437.jpg,bad,1800,4000,224,224,0,0,61,62
bad_438.jpg,bad,4000,3000,224,224,28,28,0,0
bad_439.jpg,bad,1800,4000,224,224,0,0,61,62
bad_44.jpg,bad,332,332,224,224,0,0,0,0
bad_440.jpg,bad,428,428,224,224,0,0,0,0
bad_441.jpg,bad,4000,1800,224,224,61,62,0,0
bad_442.jpg,bad,4000,1800,224,224,61,62,0,0
bad_443.jpg,bad,4000,1800,224,224,61,62,0,0
bad_444.jpg,bad,4000,3000,224,224,28,28,0,0
bad_445.jpg,bad,4000,1800,224,224,61,62,0,0
bad_446.jpg,bad,4000,3000,224,224,28,28,0,0
bad_447.jpg,bad,4000,3000,224,224,28,28,0,0
bad_448.jpg,bad,4000,3000,224,224,28,28,0,0
bad_449.jpg,bad,4000,3000,224,224,28,28,0,0
bad_45.jpg,bad,265,265,224,224,0,0,0,0
bad_450.jpg,bad,4000,3000,224,224,28,28,0,0
bad_451.jpg,bad,408,408,224,224,0,0,0,0
bad_452.jpg,bad,4000,3000,224,224,28,28,0,0
bad_453.jpg,bad,4000,1800,224,224,61,62,0,0
bad_454.jpg,bad,4000,1800,224,224,61,62,0,0
bad_455.jpg,bad,4000,3000,224,224,28,28,0,0
bad_456.jpg,bad,4000,3000,224,224,28,28,0,0
bad_457.jpg,bad,4000,1800,224,224,61,62,0,0
bad_458.jpg,bad,4000,3000,224,224,28,28,0,0
bad_459.jpg,bad,4000,1800,224,224,61,62,0,0
bad_46.jpg,bad,257,257,224,224,0,0,0,0
bad_460.jpg,bad,4000,1800,224,224,61,62,0,0
bad_461.jpg,bad,4000,1800,224,224,61,62,0,0
bad_462.jpg,bad,302,302,224,224,0,0,0,0
bad_463.jpg,bad,1800,4000,224,224,0,0,61,62
bad_464.jpg,bad,1800,4000,224,224,0,0,61,62
bad_465.jpg,bad,4000,3000,224,224,28,28,0,0
bad_466.jpg,bad,4000,1800,224,224,61,62,0,0
bad_467.jpg,bad,4000,1800,224,224,61,62,0,0
bad_468.jpg,bad,4000,1800,224,224,61,62,0,0
bad_469.jpg,bad,4000,1800,224,224,61,62,0,0
bad_47.jpg,bad,245,245,224,224,0,0,0,0
bad_470.jpg,bad,4000,1800,224,224,61,62,0,0
bad_471.jpg,bad,4000,1800,224,224,61,62,0,0
bad_472.jpg,bad,4000,3000,224,224,28,28,0,0
bad_473.jpg,bad,295,295,224,224,0,0,0,0
bad_474.jpg,bad,253,253,224,224,0,0,0,0
bad_475.jpg,bad,4000,3000,224,224,28,28,0,0
bad_476.jpg,bad,4000,3000,224,224,28,28,0,0
bad_477.jpg,bad,4000,3000,224,224,28,28,0,0
bad_478.jpg,bad,3000,4000,224,224,0,0,28,28
bad_479.jpg,bad,4000,1800,224,224,61,62,0,0
bad_48.jpg,bad,503,503,224,224,0,0,0,0
bad_480.jpg,bad,4000,3000,224,224,28,28,0,0
bad_481.jpg,bad,4000,1800,224,224,61,62,0,0
bad_482.jpg,bad,4000,1800,224,224,61,62,0,0
bad_483.jpg,bad,4000,1800,224,224,61,62,0,0
bad_484.jpg,bad,3000,4000,224,224,0,0,28,28
bad_485.jpg,bad,234,234,224,224,0,0,0,0
bad_486.jpg,bad,4000,1800,224,224,61,62,0,0
bad_487.jpg,bad,4000,3000,224,224,28,28,0,0
bad_488.jpg,bad,4000,1800,224,224,61,62,0,0
bad_489.jpg,bad,4000,1800,224,224,61,62,0,0
bad_49.jpg,bad,306,306,224,224,0,0,0,0
bad_490.jpg,bad,4000,3000,224,224,28,28,0,0
bad_491.jpg,bad,4000,1800,224,224,61,62,0,0
bad_492.jpg,bad,4000,3000,224,224,28,28,0,0
bad_493.jpg,bad,4000,1800,224,224,61,62,0,0
bad_494.jpg,bad,4000,1800,224,224,61,62,0,0
bad_495.jpg,bad,4000,3000,224,224,28,28,0,0
bad_496.jpg,bad,494,494,224,224,0,0,0,0
bad_497.jpg,bad,4000,1800,224,224,61,62,0,0
bad_498.jpg,bad,4000,1800,224,224,61,62,0,0
bad_499.jpg,bad,4000,1800,224,224,61,62,0,0
bad_5.jpg,bad,364,364,224,224,0,0,0,0
bad_50.jpg,bad,1396,1626,224,224,0,0,16,16
bad_500.jpg,bad,4000,1800,224,224,61,62,0,0
bad_501.jpg,bad,4000,3000,224,224,28,28,0,0
bad_502.jpg,bad,4000,1800,224,224,61,62,0,0
bad_503.jpg,bad,4000,3000,224,224,28,28,0,0
bad_504.jpg,bad,4000,1800,224,224,61,62,0,0
bad_505.jpg,bad,4000,3000,224,224,28,28,0,0
bad_506.jpg,bad,4000,1800,224,224,61,62,0,0
bad_507.jpg,bad,488,488,224,224,0,0,0,0
bad_508.jpg,bad,4000,1800,224,224,61,62,0,0
bad_509.jpg,bad,4000,3000,224,224,28,28,0,0
bad_51.jpg,bad,1264,1264,224,224,0,0,0,0
bad_510.jpg,bad,4000,1800,224,224,61,62,0,0
bad_511.jpg,bad,4000,1800,224,224,61,62,0,0
bad_512.jpg,bad,4000,3000,224,224,28,28,0,0
bad_513.jpg,bad,4000,1800,224,224,61,62,0,0
bad_514.jpg,bad,4000,3000,224,224,28,28,0,0
bad_515.jpg,bad,4000,1800,224,224,61,62,0,0
bad_516.jpg,bad,4000,1800,224,224,61,62,0,0
bad_517.jpg,bad,4000,3000,224,224,28,28,0,0
bad_518.jpg,bad,230,230,224,224,0,0,0,0
bad_519.jpg,bad,4000,3000,224,224,28,28,0,0
bad_52.jpg,bad,1346,1346,224,224,0,0,0,0
bad_520.jpg,bad,4000,3000,224,224,28,28,0,0
bad_521.jpg,bad,4000,1800,224,224,61,62,0,0
bad_522.jpg,bad,4000,3000,224,224,28,28,0,0
bad_523.jpg,bad,4000,1800,224,224,61,62,0,0
bad_524.jpg,bad,4000,1800,224,224,61,62,0,0
bad_525.jpg,bad,4000,3000,224,224,28,28,0,0
bad_526.jpg,bad,4000,1800,224,224,61,62,0,0
bad_527.jpg,bad,4000,3000,224,224,28,28,0,0
bad_528.jpg,bad,4000,1800,224,224,61,62,0,0
bad_529.jpg,bad,245,245,224,224,0,0,0,0
bad_53.jpg,bad,365,365,224,224,0,0,0,0
bad_530.jpg,bad,4000,1800,224,224,61,62,0,0
bad_531.jpg,bad,4000,1800,224,224,61,62,0,0
bad_532.jpg,bad,4000,1800,224,224,61,62,0,0
bad_533.jpg,bad,4000,1800,224,224,61,62,0,0
bad_534.jpg,bad,4000,3000,224,224,28,28,0,0
bad_535.jpg,bad,4000,3000,224,224,28,28,0,0
bad_536.jpg,bad,4000,1800,224,224,61,62,0,0
bad_537.jpg,bad,4000,1800,224,224,61,62,0,0
bad_538.jpg,bad,4000,1800,224,224,61,62,0,0
bad_539.jpg,bad,4000,1800,224,224,61,62,0,0
bad_54.jpg,bad,1608,1608,224,224,0,0,0,0
bad_540.jpg,bad,239,239,224,224,0,0,0,0
bad_541.jpg,bad,4000,3000,224,224,28,28,0,0
bad_542.jpg,bad,4000,1800,224,224,61,62,0,0
bad_543.jpg,bad,4000,1800,224,224,61,62,0,0
bad_544.jpg,bad,4000,1800,224,224,61,62,0,0
bad_545.jpg,bad,4000,3000,224,224,28,28,0,0
bad_546.jpg,bad,4000,3000,224,224,28,28,0,0
bad_547.jpg,bad,4000,1800,224,224,61,62,0,0
bad_548.jpg,bad,4000,1800,224,224,61,62,0,0
bad_549.jpg,bad,4000,3000,224,224,28,28,0,0
bad_55.jpg,bad,246,246,224,224,0,0,0,0
bad_550.jpg,bad,4000,1800,224,224,61,62,0,0
bad_551.jpg,bad,226,226,224,224,0,0,0,0
bad_552.jpg,bad,4000,1800,224,224,61,62,0,0
bad_553.jpg,bad,4000,1800,224,224,61,62,0,0
bad_554.jpg,bad,4000,1800,224,224,61,62,0,0
bad_555.jpg,bad,4000,3000,224,224,28,28,0,0
bad_556.jpg,bad,4000,1800,224,224,61,62,0,0
bad_557.jpg,bad,4000,3000,224,224,28,28,0,0
bad_558.jpg,bad,4000,3000,224,224,28,28,0,0
bad_559.jpg,bad,4000,1800,224,224,61,62,0,0
bad_56.jpg,bad,316,316,224,224,0,0,0,0
bad_560.jpg,bad,4000,1800,224,224,61,62,0,0
bad_561.jpg,bad,4000,3000,224,224,28,28,0,0
bad_562.jpg,bad,292,292,224,224,0,0,0,0
bad_563.jpg,bad,4000,3000,224,224,28,28,0,0
bad_564.jpg,bad,4000,3000,224,224,28,28,0,0
bad_565.jpg,bad,4000,3000,224,224,28,28,0,0
bad_566.jpg,bad,4000,3000,224,224,28,28,0,0
bad_567.jpg,bad,4000,1800,224,224,61,62,0,0
bad_568.jpg,bad,4000,1800,224,224,61,62,0,0
bad_569.jpg,bad,4000,1800,224,224,61,62,0,0
bad_57.jpg,bad,798,798,224,224,0,0,0,0
bad_570.jpg,bad,4000,3000,224,224,28,28,0,0
bad_571.jpg,bad,4000,1800,224,224,61,62,0,0
bad_572.jpg,bad,4000,1800,224,224,61,62,0,0
bad_573.jpg,bad,1443,1443,224,224,0,0,0,0
bad_574.jpg,bad,4000,1800,224,224,61,62,0,0
bad_575.jpg,bad,4000,1800,224,224,61,62,0,0
bad_576.jpg,bad,4000,3000,224,224,28,28,0,0
bad_577.jpg,bad,1800,4000,224,224,0,0,61,62
bad_578.jpg,bad,4000,1800,224,224,61,62,0,0
bad_579.jpg,bad,4000,3000,224,224,28,28,0,0
bad_58.jpg,bad,242,242,224,224,0,0,0,0
bad_580.jpg,bad,4000,1800,224,224,61,62,0,0
bad_581.jpg,bad,4000,3000,224,224,28,28,0,0
bad_582.jpg,bad,4000,3000,224,224,28,28,0,0
bad_583.jpg,bad,4000,3000,224,224,28,28,0,0
bad_584.jpg,bad,391,391,224,224,0,0,0,0
bad_585.jpg,bad,1365,1365,224,224,0,0,0,0
bad_586.jpg,bad,3000,4000,224,224,0,0,28,28
bad_587.jpg,bad,3000,4000,224,224,0,0,28,28
bad_588.jpg,bad,4000,3000,224,224,28,28,0,0
bad_589.jpg,bad,4000,3000,224,224,28,28,0,0
bad_59.jpg,bad,258,258,224,224,0,0,0,0
bad_590.jpg,bad,4000,3000,224,224,28,28,0,0
bad_591.jpg,bad,4000,1800,224,224,61,62,0,0
bad_592.jpg,bad,4000,3000,224,224,28,28,0,0
bad_593.jpg,bad,4000,1800,224,224,61,62,0,0
bad_594.jpg,bad,3000,4000,224,224,0,0,28,28
bad_595.jpg,bad,1800,4000,224,224,0,0,61,62
bad_596.jpg,bad,880,880,224,224,0,0,0,0
bad_597.jpg,bad,3000,4000,224,224,0,0,28,28
bad_598.jpg,bad,1800,4000,224,224,0,0,61,62
bad_599.jpg,bad,1800,4000,224,224,0,0,61,62
bad_6.jpg,bad,1592,1592,224,224,0,0,0,0
bad_60.jpg,bad,598,598,224,224,0,0,0,0
bad_600.jpg,bad,3000,4000,224,224,0,0,28,28
bad_601.jpg,bad,4000,1800,224,224,61,62,0,0
bad_602.jpg,bad,4000,1800,224,224,61,62,0,0
bad_603.jpg,bad,4000,3000,224,224,28,28,0,0
bad_604.jpg,bad,4000,1800,224,224,61,62,0,0
bad_605.jpg,bad,4000,1800,224,224,61,62,0,0
bad_606.jpg,bad,3000,4000,224,224,0,0,28,28
bad_607.jpg,bad,658,658,224,224,0,0,0,0
bad_608.jpg,bad,3000,4000,224,224,0,0,28,28
bad_609.jpg,bad,4000,3000,224,224,28,28,0,0
bad_61.jpg,bad,854,854,224,224,0,0,0,0
bad_610.jpg,bad,4000,1800,224,224,61,62,0,0
bad_611.jpg,bad,4000,1800,224,224,61,62,0,0
bad_612.jpg,bad,4000,1800,224,224,61,62,0,0
bad_613.jpg,bad,4000,3000,224,224,28,28,0,0
bad_614.jpg,bad,4000,1800,224,224,61,62,0,0
bad_615.jpg,bad,4000,1800,224,224,61,62,0,0
bad_616.jpg,bad,4000,1800,224,224,61,62,0,0
bad_617.jpg,bad,4000,3000,224,224,28,28,0,0
bad_618.jpg,bad,372,372,224,224,0,0,0,0
bad_619.jpg,bad,4000,1800,224,224,61,62,0,0
bad_62.jpg,bad,1012,1012,224,224,0,0,0,0
bad_620.jpg,bad,4000,1800,224,224,61,62,0,0
bad_621.jpg,bad,4000,1800,224,224,61,62,0,0
bad_622.jpg,bad,4000,3000,224,224,28,28,0,0
bad_623.jpg,bad,4000,1800,224,224,61,62,0,0
bad_624.jpg,bad,3000,4000,224,224,0,0,28,28
bad_625.jpg,bad,4000,1800,224,224,61,62,0,0
bad_626.jpg,bad,3000,4000,224,224,0,0,28,28
bad_627.jpg,bad,4000,1800,224,224,61,62,0,0
bad_628.jpg,bad,3000,4000,224,224,0,0,28,28
bad_629.jpg,bad,330,330,224,224,0,0,0,0
bad_63.jpg,bad,408,408,224,224,0,0,0,0
bad_630.jpg,bad,4000,1800,224,224,61,62,0,0
bad_631.jpg,bad,4000,1800,224,224,61,62,0,0
bad_632.jpg,bad,4000,1800,224,224,61,62,0,0
bad_633.jpg,bad,4000,3000,224,224,28,28,0,0
bad_634.jpg,bad,4000,1800,224,224,61,62,0,0
bad_635.jpg,bad,4000,1800,224,224,61,62,0,0
bad_636.jpg,bad,4000,3000,224,224,28,28,0,0
bad_637.jpg,bad,4000,1800,224,224,61,62,0,0
bad_638.jpg,bad,4000,1800,224,224,61,62,0,0
bad_639.jpg,bad,4000,1800,224,224,61,62,0,0
bad_64.jpg,bad,378,378,224,224,0,0,0,0
bad_640.jpg,bad,493,493,224,224,0,0,0,0
bad_641.jpg,bad,4000,1800,224,224,61,62,0,0
bad_642.jpg,bad,4000,1800,224,224,61,62,0,0
bad_643.jpg,bad,4000,3000,224,224,28,28,0,0
bad_644.jpg,bad,4000,1800,224,224,61,62,0,0
bad_645.jpg,bad,4000,3000,224,224,28,28,0,0
bad_646.jpg,bad,4000,1800,224,224,61,62,0,0
bad_647.jpg,bad,4000,1800,224,224,61,62,0,0
bad_648.jpg,bad,4000,3000,224,224,28,28,0,0
bad_649.jpg,bad,4000,3000,224,224,28,28,0,0
bad_65.jpg,bad,984,984,224,224,0,0,0,0
bad_650.jpg,bad,4000,1800,224,224,61,62,0,0
bad_651.jpg,bad,642,642,224,224,0,0,0,0
bad_652.jpg,bad,4000,1800,224,224,61,62,0,0
bad_653.jpg,bad,3000,4000,224,224,0,0,28,28
bad_654.jpg,bad,3000,4000,224,224,0,0,28,28
bad_655.jpg,bad,4000,1800,224,224,61,62,0,0
bad_656.jpg,bad,4000,1800,224,224,61,62,0,0
bad_657.jpg,bad,4000,1800,224,224,61,62,0,0
bad_658.jpg,bad,4000,1800,224,224,61,62,0,0
bad_659.jpg,bad,4000,1800,224,224,61,62,0,0
bad_66.jpg,bad,790,790,224,224,0,0,0,0
bad_660.jpg,bad,4000,1800,224,224,61,62,0,0
bad_661.jpg,bad,4000,1800,224,224,61,62,0,0
bad_662.jpg,bad,228,228,224,224,0,0,0,0
bad_663.jpg,bad,4000,1800,224,224,61,62,0,0
bad_664.jpg,bad,4000,1800,224,224,61,62,0,0
bad_665.jpg,bad,4000,1800,224,224,61,62,0,0
bad_666.jpg,bad,4000,1800,224,224,61,62,0,0
bad_667.jpg,bad,4000,1800,224,224,61,62,0,0
bad_668.jpg,bad,4000,1800,224,224,61,62,0,0
bad_669.jpg,bad,4000,1800,224,224,61,62,0,0
bad_67.jpg,bad,1364,1364,224,224,0,0,0,0
bad_670.jpg,bad,4000,1800,224,224,61,62,0,0
bad_671.jpg,bad,4000,1800,224,224,61,62,0,0
bad_672.jpg,bad,4000,1800,224,224,61,62,0,0
bad_673.jpg,bad,300,300,224,224,0,0,0,0
bad_674.jpg,bad,4000,1800,224,224,61,62,0,0
bad_675.jpg,bad,4000,1800,224,224,61,62,0,0
bad_676.jpg,bad,4000,1800,224,224,61,62,0,0
bad_677.jpg,bad,4000,1800,224,224,61,62,0,0
bad_678.jpg,bad,4000,1800,224,224,61,62,0,0
bad_679.jpg,bad,4000,1800,224,224,61,62,0,0
bad_68.jpg,bad,514,514,224,224,0,0,0,0
bad_680.jpg,bad,4000,1800,224,224,61,62,0,0
bad_681.jpg,bad,4000,1800,224,224,61,62,0,0
bad_682.jpg,bad,4000,1800,224,224,61,62,0,0
bad_683.jpg,bad,4000,1800,224,224,61,62,0,0
bad_684.jpg,bad,300,300,224,224,0,0,0,0
bad_685.jpg,bad,4000,1800,224,224,61,62,0,0
bad_686.jpg,bad,4000,1800,224,224,61,62,0,0
bad_687.jpg,bad,4000,1800,224,224,61,62,0,0
bad_688.jpg,bad,4000,1800,224,224,61,62,0,0
bad_689.jpg,bad,4000,1800,224,224,61,62,0,0
bad_69.jpg,bad,922,922,224,224,0,0,0,0
bad_690.jpg,bad,4000,1800,224,224,61,62,0,0
bad_691.jpg,bad,4000,1800,224,224,61,62,0,0
bad_692.jpg,bad,4000,1800,224,224,61,62,0,0
bad_693.jpg,bad,4000,1800,224,224,61,62,0,0
bad_694.jpg,bad,4000,1800,224,224,61,62,0,0
bad_695.jpg,bad,309,309,224,224,0,0,0,0
bad_696.jpg,bad,300,300,224,224,0,0,0,0
bad_697.jpg,bad,4000,1800,224,224,61,62,0,0
bad_698.jpg,bad,4000,1800,224,224,61,62,0,0
bad_699.jpg,bad,4000,1800,224,224,61,62,0,0
bad_7.jpg,bad,1600,1600,224,224,0,0,0,0
bad_70.jpg,bad,726,758,224,224,0,0,4,5
bad_700.jpg,bad,1800,4000,224,224,0,0,61,62
bad_701.jpg,bad,4000,1800,224,224,61,62,0,0
bad_702.jpg,bad,4000,1800,224,224,61,62,0,0
bad_703.jpg,bad,4000,1800,224,224,61,62,0,0
bad_704.jpg,bad,1800,4000,224,224,0,0,61,62
bad_705.jpg,bad,1800,4000,224,224,0,0,61,62
bad_706.jpg,bad,4000,1800,224,224,61,62,0,0
bad_707.jpg,bad,246,246,224,224,0,0,0,0
bad_708.jpg,bad,4000,1800,224,224,61,62,0,0
bad_709.jpg,bad,4000,1800,224,224,61,62,0,0
bad_71.jpg,bad,698,698,224,224,0,0,0,0
bad_710.jpg,bad,4000,1800,224,224,61,62,0,0
bad_711.jpg,bad,4000,1800,224,224,61,62,0,0
bad_712.jpg,bad,1800,4000,224,224,0,0,61,62
bad_713.jpg,bad,1800,4000,224,224,0,0,61,62
bad_714.jpg,bad,4000,1800,224,224,61,62,0,0
bad_715.jpg,bad,4000,1800,224,224,61,62,0,0
bad_716.jpg,bad,4000,1800,224,224,61,62,0,0
bad_717.jpg,bad,4000,1800,224,224,61,62,0,0
bad_718.jpg,bad,360,360,224,224,0,0,0,0
bad_719.jpg,bad,4000,1800,224,224,61,62,0,0
bad_72.jpg,bad,356,356,224,224,0,0,0,0
bad_720.jpg,bad,4000,1800,224,224,61,62,0,0
bad_721.jpg,bad,4000,1800,224,224,61,62,0,0
bad_722.jpg,bad,1800,4000,224,224,0,0,61,62
bad_723.jpg,bad,4000,1800,224,224,61,62,0,0
bad_724.jpg,bad,1800,4000,224,224,0,0,61,62
bad_725.jpg,bad,1800,4000,224,224,0,0,61,62
bad_726.jpg,bad,4000,1800,224,224,61,62,0,0
bad_727.jpg,bad,4000,1800,224,224,61,62,0,0
bad_728.jpg,bad,4000,1800,224,224,61,62,0,0
bad_729.jpg,bad,922,922,224,224,0,0,0,0
bad_73.jpg,bad,1450,1450,224,224,0,0,0,0
bad_730.jpg,bad,1800,4000,224,224,0,0,61,62
bad_731.jpg,bad,4000,1800,224,224,61,62,0,0
bad_732.jpg,bad,4000,1800,224,224,61,62,0,0
bad_733.jpg,bad,4000,1800,224,224,61,62,0,0
bad_734.jpg,bad,1800,4000,224,224,0,0,61,62
bad_735.jpg,bad,4000,1800,224,224,61,62,0,0
bad_736.jpg,bad,4000,1800,224,224,61,62,0,0
bad_737.jpg,bad,4000,1800,224,224,61,62,0,0
bad_738.jpg,bad,4000,1800,224,224,61,62,0,0
bad_739.jpg,bad,4000,1800,224,224,61,62,0,0
bad_74.jpg,bad,1728,1728,224,224,0,0,0,0
bad_740.jpg,bad,804,804,224,224,0,0,0,0
bad_741.jpg,bad,4000,1800,224,224,61,62,0,0
bad_742.jpg,bad,4000,1800,224,224,61,62,0,0
bad_743.jpg,bad,4000,1800,224,224,61,62,0,0
bad_744.jpg,bad,1800,4000,224,224,0,0,61,62
bad_745.jpg,bad,4000,1800,224,224,61,62,0,0
bad_746.jpg,bad,1800,4000,224,224,0,0,61,62
bad_747.jpg,bad,1800,4000,224,224,0,0,61,62
bad_748.jpg,bad,1800,4000,224,224,0,0,61,62
bad_749.jpg,bad,4000,1800,224,224,61,62,0,0
bad_75.jpg,bad,508,508,224,224,0,0,0,0
bad_750.jpg,bad,4000,1800,224,224,61,62,0,0
bad_751.jpg,bad,580,580,224,224,0,0,0,0
bad_752.jpg,bad,4000,1800,224,224,61,62,0,0
bad_753.jpg,bad,4000,1800,224,224,61,62,0,0
bad_754.jpg,bad,1800,4000,224,224,0,0,61,62
bad_755.jpg,bad,1800,4000,224,224,0,0,61,62
bad_756.jpg,bad,1800,4000,224,224,0,0,61,62
bad_757.jpg,bad,1800,4000,224,224,0,0,61,62
bad_758.jpg,bad,4000,1800,224,224,61,62,0,0
bad_759.jpg,bad,4000,1800,224,224,61,62,0,0
bad_76.jpg,bad,766,766,224,224,0,0,0,0
bad_760.jpg,bad,4000,1800,224,224,61,62,0,0
bad_761.jpg,bad,4000,1800,224,224,61,62,0,0
bad_762.jpg,bad,366,366,224,224,0,0,0,0
bad_763.jpg,bad,4000,1800,224,224,61,62,0,0
bad_764.jpg,bad,4000,1800,224,224,61,62,0,0
bad_765.jpg,bad,4000,1800,224,224,61,62,0,0
bad_766.jpg,bad,4000,1800,224,224,61,62,0,0
bad_767.jpg,bad,4000,1800,224,224,61,62,0,0
bad_768.jpg,bad,4000,1800,224,224,61,62,0,0
bad_769.jpg,bad,4000,1800,224,224,61,62,0,0
bad_77.jpg,bad,456,456,224,224,0,0,0,0
bad_770.jpg,bad,4000,1800,224,224,61,62,0,0
bad_771.jpg,bad,4000,1800,224,224,61,62,0,0
bad_772.jpg,bad,4000,1800,224,224,61,62,0,0
bad_773.jpg,bad,622,622,224,224,0,0,0,0
bad_774.jpg,bad,4000,1800,224,224,61,62,0,0
bad_775.jpg,bad,4000,1800,224,224,61,62,0,0
bad_776.jpg,bad,4000,1800,224,224,61,62,0,0
bad_777.jpg,bad,4000,1800,224,224,61,62,0,0
bad_778.jpg,bad,4000,1800,224,224,61,62,0,0
bad_779.jpg,bad,4000,1800,224,224,61,62,0,0
bad_78.jpg,bad,372,372,224,224,0,0,0,0
bad_780.jpg,bad,4000,1800,224,224,61,62,0,0
bad_781.jpg,bad,4000,1800,224,224,61,62,0,0
bad_782.jpg,bad,4000,1800,224,224,61,62,0,0
bad_783.jpg,bad,4000,1800,224,224,61,62,0,0
bad_784.jpg,bad,258,258,224,224,0,0,0,0
bad_785.jpg,bad,4000,1800,224,224,61,62,0,0
bad_786.jpg,bad,4000,1800,224,224,61,62,0,0
bad_787.jpg,bad,4000,1800,224,224,61,62,0,0
bad_788.jpg,bad,4000,1800,224,224,61,62,0,0
bad_789.jpg,bad,4000,1800,224,224,61,62,0,0
bad_79.jpg,bad,368,368,224,224,0,0,0,0
bad_790.jpg,bad,4000,1800,224,224,61,62,0,0
bad_791.jpg,bad,4000,1800,224,224,61,62,0,0
bad_792.jpg,bad,4000,1800,224,224,61,62,0,0
bad_793.jpg,bad,4000,1800,224,224,61,62,0,0
bad_794.jpg,bad,4000,1800,224,224,61,62,0,0
bad_795.jpg,bad,346,346,224,224,0,0,0,0
bad_796.jpg,bad,4000,1800,224,224,61,62,0,0
bad_797.jpg,bad,4000,1800,224,224,61,62,0,0
bad_798.jpg,bad,4000,1800,224,224,61,62,0,0
bad_799.jpg,bad,4000,1800,224,224,61,62,0,0
bad_8.jpg,bad,1532,1532,224,224,0,0,0,0
bad_80.jpg,bad,364,364,224,224,0,0,0,0
bad_800.jpg,bad,4000,1800,224,224,61,62,0,0
bad_801.jpg,bad,4000,1800,224,224,61,62,0,0
bad_802.jpg,bad,4000,1800,224,224,61,62,0,0
bad_803.jpg,bad,4000,1800,224,224,61,62,0,0
bad_804.jpg,bad,1800,4000,224,224,0,0,61,62
bad_805.jpg,bad,1800,4000,224,224,0,0,61,62
bad_806.jpg,bad,379,379,224,224,0,0,0,0
bad_807.jpg,bad,358,358,224,224,0,0,0,0
bad_808.jpg,bad,4000,1800,224,224,61,62,0,0
bad_809.jpg,bad,4000,1800,224,224,61,62,0,0
bad_81.jpg,bad,406,406,224,224,0,0,0,0
bad_810.jpg,bad,4000,1800,224,224,61,62,0,0
bad_811.jpg,bad,4000,1800,224,224,61,62,0,0
bad_812.jpg,bad,4000,1800,224,224,61,62,0,0
bad_813.jpg,bad,4000,1800,224,224,61,62,0,0
bad_814.jpg,bad,4000,1800,224,224,61,62,0,0
bad_815.jpg,bad,4000,1800,224,224,61,62,0,0
bad_816.jpg,bad,4000,1800,224,224,61,62,0,0
bad_817.jpg,bad,4000,1800,224,224,61,62,0,0
bad_818.jpg,bad,264,264,224,224,0,0,0,0
bad_819.jpg,bad,4000,1800,224,224,61,62,0,0
bad_82.jpg,bad,418,418,224,224,0,0,0,0
bad_820.jpg,bad,4000,1800,224,224,61,62,0,0
bad_821.jpg,bad,4000,1800,224,224,61,62,0,0
bad_822.jpg,bad,4000,1800,224,224,61,62,0,0
bad_823.jpg,bad,4000,1800,224,224,61,62,0,0
bad_824.jpg,bad,4000,1800,224,224,61,62,0,0
bad_825.jpg,bad,228,228,224,224,0,0,0,0
bad_826.jpg,bad,4000,1800,224,224,61,62,0,0
bad_827.jpg,bad,4000,1800,224,224,61,62,0,0
bad_828.jpg,bad,4000,1800,224,224,61,62,0,0
bad_829.jpg,bad,4000,1800,224,224,61,62,0,0
bad_83.jpg,bad,282,282,224,224,0,0,0,0
bad_830.jpg,bad,4000,1800,224,224,61,62,0,0
bad_831.jpg,bad,313,291,224,224,8,8,0,0
bad_832.jpg,bad,4000,1800,224,224,61,62,0,0
bad_833.jpg,bad,4000,1800,224,224,61,62,0,0
bad_834.jpg,bad,4000,1800,224,224,61,62,0,0
bad_835.jpg,bad,4000,1800,224,224,61,62,0,0
bad_836.jpg,bad,4000,1800,224,224,61,62,0,0
bad_837.jpg,bad,246,246,224,224,0,0,0,0
bad_838.jpg,bad,1800,4000,224,224,0,0,61,62
bad_839.jpg,bad,4000,1800,224,224,61,62,0,0
bad_84.jpg,bad,380,380,224,224,0,0,0,0
bad_840.jpg,bad,4000,1800,224,224,61,62,0,0
bad_841.jpg,bad,4000,1800,224,224,61,62,0,0
bad_842.jpg,bad,4000,1800,224,224,61,62,0,0
bad_843.jpg,bad,239,239,224,224,0,0,0,0
bad_844.jpg,bad,4000,1800,224,224,61,62,0,0
bad_845.jpg,bad,4000,1800,224,224,61,62,0,0
bad_846.jpg,bad,4000,1800,224,224,61,62,0,0
bad_847.jpg,bad,4000,1800,224,224,61,62,0,0
bad_848.jpg,bad,4000,1800,224,224,61,62,0,0
bad_849.jpg,bad,4000,1800,224,224,61,62,0,0
bad_85.jpg,bad,608,608,224,224,0,0,0,0
bad_850.jpg,bad,234,234,224,224,0,0,0,0
bad_851.jpg,bad,4000,1800,224,224,61,62,0,0
bad_852.jpg,bad,4000,1800,224,224,61,62,0,0
bad_853.jpg,bad,4000,1800,224,224,61,62,0,0
bad_854.jpg,bad,4000,1800,224,224,61,62,0,0
bad_855.jpg,bad,646,646,224,224,0,0,0,0
bad_856.jpg,bad,642,642,224,224,0,0,0,0
bad_857.jpg,bad,393,393,224,224,0,0,0,0
bad_858.jpg,bad,906,906,224,224,0,0,0,0
bad_859.jpg,bad,1042,1042,224,224,0,0,0,0
bad_86.jpg,bad,224,224,224,224,0,0,0,0
bad_860.jpg,bad,880,880,224,224,0,0,0,0
bad_861.jpg,bad,792,792,224,224,0,0,0,0
bad_862.jpg,bad,1090,1090,224,224,0,0,0,0
bad_863.jpg,bad,912,912,224,224,0,0,0,0
bad_864.jpg,bad,1160,1160,224,224,0,0,0,0
bad_865.jpg,bad,1070,1070,224,224,0,0,0,0
bad_866.jpg,bad,804,804,224,224,0,0,0,0
bad_867.jpg,bad,820,820,224,224,0,0,0,0
bad_868.jpg,bad,404,404,224,224,0,0,0,0
bad_869.jpg,bad,474,474,224,224,0,0,0,0
bad_87.jpg,bad,266,266,224,224,0,0,0,0
bad_870.jpg,bad,590,590,224,224,0,0,0,0
bad_871.jpg,bad,591,591,224,224,0,0,0,0
bad_872.jpg,bad,855,855,224,224,0,0,0,0
bad_873.jpg,bad,390,390,224,224,0,0,0,0
bad_874.jpg,bad,620,620,224,224,0,0,0,0
bad_875.jpg,bad,690,690,224,224,0,0,0,0
bad_876.jpg,bad,630,630,224,224,0,0,0,0
bad_877.jpg,bad,664,664,224,224,0,0,0,0
bad_878.jpg,bad,1026,1026,224,224,0,0,0,0
bad_879.jpg,bad,243,243,224,224,0,0,0,0
bad_88.jpg,bad,654,654,224,224,0,0,0,0
bad_880.jpg,bad,1122,1122,224,224,0,0,0,0
bad_881.jpg,bad,1122,1122,224,224,0,0,0,0
bad_882.jpg,bad,1628,1628,224,224,0,0,0,0
bad_883.jpg,bad,1786,1786,224,224,0,0,0,0
bad_884.jpg,bad,788,788,224,224,0,0,0,0
bad_885.jpg,bad,734,734,224,224,0,0,0,0
bad_886.jpg,bad,872,872,224,224,0,0,0,0
bad_887.jpg,bad,938,938,224,224,0,0,0,0
bad_888.jpg,bad,1094,1094,224,224,0,0,0,0
bad_889.jpg,bad,1232,1232,224,224,0,0,0,0
bad_89.jpg,bad,1686,1686,224,224,0,0,0,0
bad_890.jpg,bad,338,338,224,224,0,0,0,0
bad_891.jpg,bad,435,435,224,224,0,0,0,0
bad_892.jpg,bad,1196,1196,224,224,0,0,0,0
bad_893.jpg,bad,1492,1492,224,224,0,0,0,0
bad_894.jpg,bad,2372,2372,224,224,0,0,0,0
bad_895.jpg,bad,2956,2956,224,224,0,0,0,0
bad_896.jpg,bad,3024,3024,224,224,0,0,0,0
bad_897.jpg,bad,3024,3024,224,224,0,0,0,0
bad_898.jpg,bad,1305,1305,224,224,0,0,0,0
bad_899.jpg,bad,1773,1773,224,224,0,0,0,0
bad_9.jpg,bad,378,378,224,224,0,0,0,0
bad_90.jpg,bad,1509,1509,224,224,0,0,0,0
bad_900.jpg,bad,1176,1176,224,224,0,0,0,0
bad_901.jpg,bad,915,915,224,224,0,0,0,0
bad_902.jpg,bad,238,238,224,224,0,0,0,0
bad_903.jpg,bad,1023,1023,224,224,0,0,0,0
bad_904.jpg,bad,1425,1425,224,224,0,0,0,0
bad_905.jpg,bad,1146,1146,224,224,0,0,0,0
bad_906.jpg,bad,1851,1851,224,224,0,0,0,0
bad_907.jpg,bad,909,909,224,224,0,0,0,0
bad_908.jpg,bad,1398,1398,224,224,0,0,0,0
bad_909.jpg,bad,1146,1146,224,224,0,0,0,0
bad_91.jpg,bad,304,304,224,224,0,0,0,0
bad_910.jpg,bad,1335,1335,224,224,0,0,0,0
bad_911.jpg,bad,2049,2049,224,224,0,0,0,0
bad_912.jpg,bad,1578,1578,224,224,0,0,0,0
bad_913.jpg,bad,672,672,224,224,0,0,0,0
bad_914.jpg,bad,1356,1356,224,224,0,0,0,0
bad_915.jpg,bad,1983,1983,224,224,0,0,0,0
bad_916.jpg,bad,2070,2070,224,224,0,0,0,0
bad_917.jpg,bad,2049,2049,224,224,0,0,0,0
bad_918.jpg,bad,657,657,224,224,0,0,0,0
bad_919.jpg,bad,786,786,224,224,0,0,0,0
bad_92.jpg,bad,298,298,224,224,0,0,0,0
bad_920.jpg,bad,786,786,224,224,0,0,0,0
bad_921.jpg,bad,1064,1064,224,224,0,0,0,0
bad_922.jpg,bad,1456,1456,224,224,0,0,0,0
bad_923.jpg,bad,1512,1512,224,224,0,0,0,0
bad_924.jpg,bad,772,772,224,224,0,0,0,0
bad_925.jpg,bad,596,596,224,224,0,0,0,0
bad_926.jpg,bad,520,520,224,224,0,0,0,0
bad_927.jpg,bad,1220,1220,224,224,0,0,0,0
bad_928.jpg,bad,1568,1568,224,224,0,0,0,0
bad_929.jpg,bad,1412,1412,224,224,0,0,0,0
bad_93.jpg,bad,288,288,224,224,0,0,0,0
bad_930.jpg,bad,1040,1040,224,224,0,0,0,0
bad_931.jpg,bad,664,664,224,224,0,0,0,0
bad_932.jpg,bad,704,704,224,224,0,0,0,0
bad_933.jpg,bad,512,512,224,224,0,0,0,0
bad_934.jpg,bad,704,704,224,224,0,0,0,0
bad_935.jpg,bad,604,604,224,224,0,0,0,0
bad_936.jpg,bad,980,980,224,224,0,0,0,0
bad_937.jpg,bad,1684,1684,224,224,0,0,0,0
bad_938.jpg,bad,1360,1360,224,224,0,0,0,0
bad_939.jpg,bad,1551,1551,224,224,0,0,0,0
bad_94.jpg,bad,1020,1020,224,224,0,0,0,0
bad_940.jpg,bad,1575,1575,224,224,0,0,0,0
bad_941.jpg,bad,1119,1119,224,224,0,0,0,0
bad_942.jpg,bad,1443,1443,224,224,0,0,0,0
bad_943.jpg,bad,786,786,224,224,0,0,0,0
bad_944.jpg,bad,1083,1083,224,224,0,0,0,0
bad_945.jpg,bad,1134,1134,224,224,0,0,0,0
bad_946.jpg,bad,399,399,224,224,0,0,0,0
bad_947.jpg,bad,1101,1101,224,224,0,0,0,0
bad_948.jpg,bad,1041,1041,224,224,0,0,0,0
bad_949.jpg,bad,1203,1203,224,224,0,0,0,0
bad_95.jpg,bad,1208,1208,224,224,0,0,0,0
bad_950.jpg,bad,1305,1305,224,224,0,0,0,0
bad_951.jpg,bad,1266,1266,224,224,0,0,0,0
bad_952.jpg,bad,1068,1068,224,224,0,0,0,0
bad_953.jpg,bad,1392,1392,224,224,0,0,0,0
bad_954.jpg,bad,1340,1340,224,224,0,0,0,0
bad_955.jpg,bad,1040,1040,224,224,0,0,0,0
bad_956.jpg,bad,1676,1676,224,224,0,0,0,0
bad_957.jpg,bad,632,632,224,224,0,0,0,0
bad_958.jpg,bad,1272,1272,224,224,0,0,0,0
bad_959.jpg,bad,1016,1016,224,224,0,0,0,0
bad_96.jpg,bad,1174,1174,224,224,0,0,0,0
bad_960.jpg,bad,528,528,224,224,0,0,0,0
bad_961.jpg,bad,528,528,224,224,0,0,0,0
bad_962.jpg,bad,1140,1140,224,224,0,0,0,0
bad_963.jpg,bad,1096,1096,224,224,0,0,0,0
bad_964.jpg,bad,1200,1200,224,224,0,0,0,0
bad_965.jpg,bad,255,255,224,224,0,0,0,0
bad_966.jpg,bad,245,245,224,224,0,0,0,0
bad_967.jpg,bad,1656,1656,224,224,0,0,0,0
bad_968.jpg,bad,396,396,224,224,0,0,0,0
bad_969.jpg,bad,338,338,224,224,0,0,0,0
bad_97.jpg,bad,265,265,224,224,0,0,0,0
bad_970.jpg,bad,338,338,224,224,0,0,0,0
bad_971.jpg,bad,246,246,224,224,0,0,0,0
bad_972.jpg,bad,246,246,224,224,0,0,0,0
bad_973.jpg,bad,360,360,224,224,0,0,0,0
bad_974.jpg,bad,360,360,224,224,0,0,0,0
bad_975.jpg,bad,273,273,224,224,0,0,0,0
bad_976.jpg,bad,349,349,224,224,0,0,0,0
bad_977.jpg,bad,338,338,224,224,0,0,0,0
bad_978.jpg,bad,267,267,224,224,0,0,0,0
bad_979.jpg,bad,867,867,224,224,0,0,0,0
bad_98.jpg,bad,536,536,224,224,0,0,0,0
bad_980.jpg,bad,278,278,224,224,0,0,0,0
bad_981.jpg,bad,353,353,224,224,0,0,0,0
bad_982.jpg,bad,533,533,224,224,0,0,0,0
bad_983.jpg,bad,595,595,224,224,0,0,0,0
bad_984.jpg,bad,608,608,224,224,0,0,0,0
bad_985.jpg,bad,618,618,224,224,0,0,0,0
bad_986.jpg,bad,604,604,224,224,0,0,0,0
bad_987.jpg,bad,297,297,224,224,0,0,0,0
bad_988.jpg,bad,378,378,224,224,0,0,0,0
bad_989.jpg,bad,383,383,224,224,0,0,0,0
bad_99.jpg,bad,920,920,224,224,0,0,0,0
bad_990.jpg,bad,1066,1066,224,224,0,0,0,0
bad_991.jpg,bad,583,583,224,224,0,0,0,0
bad_992.jpg,bad,684,684,224,224,0,0,0,0
bad_993.jpg,bad,512,512,224,224,0,0,0,0
bad_994.jpg,bad,307,307,224,224,0,0,0,0
bad_995.jpg,bad,350,350,224,224,0,0,0,0
bad_996.jpg,bad,350,350,224,224,0,0,0,0
bad_997.jpg,bad,350,350,224,224,0,0,0,0
bad_998.jpg,bad,416,416,224,224,0,0,0,0
bad_999.jpg,bad,416,416,224,224,0,0,0,0
