model,accuracy,precision,recall,f1_score,roc_auc
efficientnet,0.5274102079395085,0.5295275590551181,0.9607142857142857,0.682741116751269,0.5241967871485943
convnext,0.4158790170132325,0.46194225721784776,0.6285714285714286,0.5325264750378215,0.36811531841652323
