model,accuracy,precision,recall,f1_score,roc_auc
efficientnet,0.8865784499054821,0.9104477611940298,0.8714285714285714,0.8905109489051095,0.9568703384968444
convnext,0.4158790170132325,0.46194225721784776,0.6285714285714286,0.5325264750378215,0.36811531841652323
